[11-Sep-2025 14:46:23 UTC] PHP Notice:  wp_json_file_decode(): Error when decoding a JSON file at path /Users/asad-dc/Local Sites/stone-stomper/app/public/wp-content/themes/stone-stomper/theme.json: Syntax error in /Users/asad-dc/Local Sites/stone-stomper/app/public/wp-includes/functions.php on line 6121
[11-Sep-2025 14:46:23 UTC] PHP Notice:  wp_json_file_decode(): Error when decoding a JSON file at path /Users/asad-dc/Local Sites/stone-stomper/app/public/wp-content/themes/stone-stomper/theme.json: Syntax error in /Users/asad-dc/Local Sites/stone-stomper/app/public/wp-includes/functions.php on line 6121
[11-Sep-2025 14:46:23 UTC] PHP Warning:  Undefined variable $whmc_svaevluft in /Users/asad-dc/Local Sites/stone-stomper/app/public/wp-content/plugins/mini-cart-for-woocommerce/inc/class-whmc_cart.php on line 205
[11-Sep-2025 14:46:23 UTC] PHP Warning:  Array to string conversion in /Users/asad-dc/Local Sites/stone-stomper/app/public/wp-includes/formatting.php on line 1096
[11-Sep-2025 14:46:24 UTC] PHP Notice:  wp_json_file_decode(): Error when decoding a JSON file at path /Users/asad-dc/Local Sites/stone-stomper/app/public/wp-content/themes/stone-stomper/theme.json: Syntax error in /Users/asad-dc/Local Sites/stone-stomper/app/public/wp-includes/functions.php on line 6121
[11-Sep-2025 14:46:24 UTC] PHP Notice:  wp_json_file_decode(): Error when decoding a JSON file at path /Users/asad-dc/Local Sites/stone-stomper/app/public/wp-content/themes/stone-stomper/theme.json: Syntax error in /Users/asad-dc/Local Sites/stone-stomper/app/public/wp-includes/functions.php on line 6121
[11-Sep-2025 14:46:24 UTC] PHP Warning:  Undefined variable $whmc_svaevluft in /Users/asad-dc/Local Sites/stone-stomper/app/public/wp-content/plugins/mini-cart-for-woocommerce/inc/class-whmc_cart.php on line 205
[11-Sep-2025 14:46:24 UTC] PHP Deprecated:  html_entity_decode(): Passing null to parameter #1 ($string) of type string is deprecated in /Users/asad-dc/Local Sites/stone-stomper/app/public/wp-content/themes/stone-stomper/404.php on line 30
[11-Sep-2025 14:46:24 UTC] PHP Deprecated:  html_entity_decode(): Passing null to parameter #1 ($string) of type string is deprecated in /Users/asad-dc/Local Sites/stone-stomper/app/public/wp-content/themes/stone-stomper/404.php on line 32
[11-Sep-2025 14:46:24 UTC] PHP Warning:  Array to string conversion in /Users/asad-dc/Local Sites/stone-stomper/app/public/wp-includes/formatting.php on line 1096
[11-Sep-2025 14:46:45 UTC] PHP Notice:  wp_json_file_decode(): Error when decoding a JSON file at path /Users/asad-dc/Local Sites/stone-stomper/app/public/wp-content/themes/stone-stomper/theme.json: Syntax error in /Users/asad-dc/Local Sites/stone-stomper/app/public/wp-includes/functions.php on line 6121
[11-Sep-2025 14:46:45 UTC] PHP Notice:  wp_json_file_decode(): Error when decoding a JSON file at path /Users/asad-dc/Local Sites/stone-stomper/app/public/wp-content/themes/stone-stomper/theme.json: Syntax error in /Users/asad-dc/Local Sites/stone-stomper/app/public/wp-includes/functions.php on line 6121
[11-Sep-2025 14:46:45 UTC] PHP Warning:  Undefined variable $whmc_svaevluft in /Users/asad-dc/Local Sites/stone-stomper/app/public/wp-content/plugins/mini-cart-for-woocommerce/inc/class-whmc_cart.php on line 205
[11-Sep-2025 14:46:46 UTC] PHP Warning:  Array to string conversion in /Users/asad-dc/Local Sites/stone-stomper/app/public/wp-includes/formatting.php on line 1096
[11-Sep-2025 14:46:47 UTC] PHP Notice:  wp_json_file_decode(): Error when decoding a JSON file at path /Users/asad-dc/Local Sites/stone-stomper/app/public/wp-content/themes/stone-stomper/theme.json: Syntax error in /Users/asad-dc/Local Sites/stone-stomper/app/public/wp-includes/functions.php on line 6121
[11-Sep-2025 14:46:47 UTC] PHP Notice:  wp_json_file_decode(): Error when decoding a JSON file at path /Users/asad-dc/Local Sites/stone-stomper/app/public/wp-content/themes/stone-stomper/theme.json: Syntax error in /Users/asad-dc/Local Sites/stone-stomper/app/public/wp-includes/functions.php on line 6121
[11-Sep-2025 14:46:47 UTC] PHP Warning:  Undefined variable $whmc_svaevluft in /Users/asad-dc/Local Sites/stone-stomper/app/public/wp-content/plugins/mini-cart-for-woocommerce/inc/class-whmc_cart.php on line 205
[11-Sep-2025 14:46:47 UTC] PHP Deprecated:  html_entity_decode(): Passing null to parameter #1 ($string) of type string is deprecated in /Users/asad-dc/Local Sites/stone-stomper/app/public/wp-content/themes/stone-stomper/404.php on line 30
[11-Sep-2025 14:46:47 UTC] PHP Deprecated:  html_entity_decode(): Passing null to parameter #1 ($string) of type string is deprecated in /Users/asad-dc/Local Sites/stone-stomper/app/public/wp-content/themes/stone-stomper/404.php on line 32
[11-Sep-2025 14:46:47 UTC] PHP Warning:  Array to string conversion in /Users/asad-dc/Local Sites/stone-stomper/app/public/wp-includes/formatting.php on line 1096
[11-Sep-2025 14:49:17 UTC] PHP Parse error:  syntax error, unexpected token "<", expecting end of file in /Users/asad-dc/Local Sites/stone-stomper/app/public/wp-content/themes/stone-stomper/functions.php on line 227
[11-Sep-2025 14:49:17 UTC] PHP Notice:  Function _load_textdomain_just_in_time was called <strong>incorrectly</strong>. Translation loading for the <code>basetheme_td</code> domain was triggered too early. This is usually an indicator for some code in the plugin or theme running too early. Translations should be loaded at the <code>init</code> action or later. Please see <a href="https://developer.wordpress.org/advanced-administration/debug/debug-wordpress/">Debugging in WordPress</a> for more information. (This message was added in version 6.7.0.) in /Users/asad-dc/Local Sites/stone-stomper/app/public/wp-includes/functions.php on line 6121
[11-Sep-2025 14:49:17 UTC] PHP Warning:  Trying to access array offset on value of type bool in /Users/asad-dc/Local Sites/stone-stomper/app/public/wp-includes/class-wp-recovery-mode-email-service.php on line 367
[11-Sep-2025 14:49:17 UTC] PHP Warning:  Trying to access array offset on value of type bool in /Users/asad-dc/Local Sites/stone-stomper/app/public/wp-includes/class-wp-recovery-mode-email-service.php on line 368
[11-Sep-2025 14:51:20 UTC] PHP Parse error:  syntax error, unexpected token "<", expecting end of file in /Users/asad-dc/Local Sites/stone-stomper/app/public/wp-content/themes/stone-stomper/functions.php on line 227
[11-Sep-2025 14:51:20 UTC] PHP Notice:  Function _load_textdomain_just_in_time was called <strong>incorrectly</strong>. Translation loading for the <code>woocommerce</code> domain was triggered too early. This is usually an indicator for some code in the plugin or theme running too early. Translations should be loaded at the <code>init</code> action or later. Please see <a href="https://developer.wordpress.org/advanced-administration/debug/debug-wordpress/">Debugging in WordPress</a> for more information. (This message was added in version 6.7.0.) in /Users/asad-dc/Local Sites/stone-stomper/app/public/wp-includes/functions.php on line 6121
[11-Sep-2025 15:23:00 UTC] PHP Parse error:  syntax error, unexpected token "<", expecting end of file in /Users/asad-dc/Local Sites/stone-stomper/app/public/wp-content/themes/stone-stomper/functions.php on line 227
[11-Sep-2025 15:23:00 UTC] PHP Notice:  Function _load_textdomain_just_in_time was called <strong>incorrectly</strong>. Translation loading for the <code>woocommerce</code> domain was triggered too early. This is usually an indicator for some code in the plugin or theme running too early. Translations should be loaded at the <code>init</code> action or later. Please see <a href="https://developer.wordpress.org/advanced-administration/debug/debug-wordpress/">Debugging in WordPress</a> for more information. (This message was added in version 6.7.0.) in /Users/asad-dc/Local Sites/stone-stomper/app/public/wp-includes/functions.php on line 6121
[11-Sep-2025 15:23:01 UTC] PHP Parse error:  syntax error, unexpected token "<", expecting end of file in /Users/asad-dc/Local Sites/stone-stomper/app/public/wp-content/themes/stone-stomper/functions.php on line 227
[11-Sep-2025 15:23:01 UTC] PHP Notice:  Function _load_textdomain_just_in_time was called <strong>incorrectly</strong>. Translation loading for the <code>woocommerce</code> domain was triggered too early. This is usually an indicator for some code in the plugin or theme running too early. Translations should be loaded at the <code>init</code> action or later. Please see <a href="https://developer.wordpress.org/advanced-administration/debug/debug-wordpress/">Debugging in WordPress</a> for more information. (This message was added in version 6.7.0.) in /Users/asad-dc/Local Sites/stone-stomper/app/public/wp-includes/functions.php on line 6121
[11-Sep-2025 15:23:10 UTC] PHP Notice:  wp_json_file_decode(): Error when decoding a JSON file at path /Users/asad-dc/Local Sites/stone-stomper/app/public/wp-content/themes/stone-stomper/theme.json: Syntax error in /Users/asad-dc/Local Sites/stone-stomper/app/public/wp-includes/functions.php on line 6121
[11-Sep-2025 15:23:10 UTC] PHP Notice:  wp_json_file_decode(): Error when decoding a JSON file at path /Users/asad-dc/Local Sites/stone-stomper/app/public/wp-content/themes/stone-stomper/theme.json: Syntax error in /Users/asad-dc/Local Sites/stone-stomper/app/public/wp-includes/functions.php on line 6121
[11-Sep-2025 15:23:10 UTC] PHP Warning:  Undefined variable $whmc_svaevluft in /Users/asad-dc/Local Sites/stone-stomper/app/public/wp-content/plugins/mini-cart-for-woocommerce/inc/class-whmc_cart.php on line 205
[11-Sep-2025 15:23:10 UTC] PHP Warning:  Array to string conversion in /Users/asad-dc/Local Sites/stone-stomper/app/public/wp-includes/formatting.php on line 1096
[11-Sep-2025 15:23:11 UTC] PHP Notice:  wp_json_file_decode(): Error when decoding a JSON file at path /Users/asad-dc/Local Sites/stone-stomper/app/public/wp-content/themes/stone-stomper/theme.json: Syntax error in /Users/asad-dc/Local Sites/stone-stomper/app/public/wp-includes/functions.php on line 6121
[11-Sep-2025 15:23:11 UTC] PHP Notice:  wp_json_file_decode(): Error when decoding a JSON file at path /Users/asad-dc/Local Sites/stone-stomper/app/public/wp-content/themes/stone-stomper/theme.json: Syntax error in /Users/asad-dc/Local Sites/stone-stomper/app/public/wp-includes/functions.php on line 6121
[11-Sep-2025 15:23:11 UTC] PHP Warning:  Undefined variable $whmc_svaevluft in /Users/asad-dc/Local Sites/stone-stomper/app/public/wp-content/plugins/mini-cart-for-woocommerce/inc/class-whmc_cart.php on line 205
[11-Sep-2025 15:23:11 UTC] PHP Deprecated:  html_entity_decode(): Passing null to parameter #1 ($string) of type string is deprecated in /Users/asad-dc/Local Sites/stone-stomper/app/public/wp-content/themes/stone-stomper/404.php on line 30
[11-Sep-2025 15:23:11 UTC] PHP Deprecated:  html_entity_decode(): Passing null to parameter #1 ($string) of type string is deprecated in /Users/asad-dc/Local Sites/stone-stomper/app/public/wp-content/themes/stone-stomper/404.php on line 32
[11-Sep-2025 15:23:11 UTC] PHP Warning:  Array to string conversion in /Users/asad-dc/Local Sites/stone-stomper/app/public/wp-includes/formatting.php on line 1096
[11-Sep-2025 15:23:12 UTC] PHP Notice:  wp_json_file_decode(): Error when decoding a JSON file at path /Users/asad-dc/Local Sites/stone-stomper/app/public/wp-content/themes/stone-stomper/theme.json: Syntax error in /Users/asad-dc/Local Sites/stone-stomper/app/public/wp-includes/functions.php on line 6121
[11-Sep-2025 15:23:12 UTC] PHP Notice:  wp_json_file_decode(): Error when decoding a JSON file at path /Users/asad-dc/Local Sites/stone-stomper/app/public/wp-content/themes/stone-stomper/theme.json: Syntax error in /Users/asad-dc/Local Sites/stone-stomper/app/public/wp-includes/functions.php on line 6121
[11-Sep-2025 15:23:12 UTC] PHP Warning:  Undefined variable $whmc_svaevluft in /Users/asad-dc/Local Sites/stone-stomper/app/public/wp-content/plugins/mini-cart-for-woocommerce/inc/class-whmc_cart.php on line 205
[11-Sep-2025 15:23:12 UTC] PHP Warning:  Array to string conversion in /Users/asad-dc/Local Sites/stone-stomper/app/public/wp-includes/formatting.php on line 1096
[11-Sep-2025 15:23:13 UTC] PHP Notice:  wp_json_file_decode(): Error when decoding a JSON file at path /Users/asad-dc/Local Sites/stone-stomper/app/public/wp-content/themes/stone-stomper/theme.json: Syntax error in /Users/asad-dc/Local Sites/stone-stomper/app/public/wp-includes/functions.php on line 6121
[11-Sep-2025 15:23:13 UTC] PHP Notice:  wp_json_file_decode(): Error when decoding a JSON file at path /Users/asad-dc/Local Sites/stone-stomper/app/public/wp-content/themes/stone-stomper/theme.json: Syntax error in /Users/asad-dc/Local Sites/stone-stomper/app/public/wp-includes/functions.php on line 6121
[11-Sep-2025 15:23:13 UTC] PHP Warning:  Undefined variable $whmc_svaevluft in /Users/asad-dc/Local Sites/stone-stomper/app/public/wp-content/plugins/mini-cart-for-woocommerce/inc/class-whmc_cart.php on line 205
[11-Sep-2025 15:23:13 UTC] PHP Deprecated:  html_entity_decode(): Passing null to parameter #1 ($string) of type string is deprecated in /Users/asad-dc/Local Sites/stone-stomper/app/public/wp-content/themes/stone-stomper/404.php on line 30
[11-Sep-2025 15:23:13 UTC] PHP Deprecated:  html_entity_decode(): Passing null to parameter #1 ($string) of type string is deprecated in /Users/asad-dc/Local Sites/stone-stomper/app/public/wp-content/themes/stone-stomper/404.php on line 32
[11-Sep-2025 15:23:13 UTC] PHP Warning:  Array to string conversion in /Users/asad-dc/Local Sites/stone-stomper/app/public/wp-includes/formatting.php on line 1096
[11-Sep-2025 15:23:15 UTC] PHP Notice:  wp_json_file_decode(): Error when decoding a JSON file at path /Users/asad-dc/Local Sites/stone-stomper/app/public/wp-content/themes/stone-stomper/theme.json: Syntax error in /Users/asad-dc/Local Sites/stone-stomper/app/public/wp-includes/functions.php on line 6121
[11-Sep-2025 15:23:15 UTC] PHP Notice:  wp_json_file_decode(): Error when decoding a JSON file at path /Users/asad-dc/Local Sites/stone-stomper/app/public/wp-content/themes/stone-stomper/theme.json: Syntax error in /Users/asad-dc/Local Sites/stone-stomper/app/public/wp-includes/functions.php on line 6121
[11-Sep-2025 15:23:15 UTC] PHP Warning:  Undefined variable $whmc_svaevluft in /Users/asad-dc/Local Sites/stone-stomper/app/public/wp-content/plugins/mini-cart-for-woocommerce/inc/class-whmc_cart.php on line 205
[11-Sep-2025 15:23:15 UTC] PHP Warning:  Array to string conversion in /Users/asad-dc/Local Sites/stone-stomper/app/public/wp-includes/formatting.php on line 1096
[11-Sep-2025 15:23:16 UTC] PHP Warning:  Undefined variable $child_terms in /Users/asad-dc/Local Sites/stone-stomper/app/public/wp-content/themes/stone-stomper/includes/classes/code/class-wp-theme-ajax.php on line 262
[11-Sep-2025 15:23:16 UTC] PHP Warning:  Undefined variable $year in /Users/asad-dc/Local Sites/stone-stomper/app/public/wp-content/themes/stone-stomper/includes/classes/code/class-wp-theme-ajax.php on line 265
[11-Sep-2025 15:23:16 UTC] PHP Notice:  wp_json_file_decode(): Error when decoding a JSON file at path /Users/asad-dc/Local Sites/stone-stomper/app/public/wp-content/themes/stone-stomper/theme.json: Syntax error in /Users/asad-dc/Local Sites/stone-stomper/app/public/wp-includes/functions.php on line 6121
[11-Sep-2025 15:23:16 UTC] PHP Notice:  wp_json_file_decode(): Error when decoding a JSON file at path /Users/asad-dc/Local Sites/stone-stomper/app/public/wp-content/themes/stone-stomper/theme.json: Syntax error in /Users/asad-dc/Local Sites/stone-stomper/app/public/wp-includes/functions.php on line 6121
[11-Sep-2025 15:23:16 UTC] PHP Warning:  Undefined variable $whmc_svaevluft in /Users/asad-dc/Local Sites/stone-stomper/app/public/wp-content/plugins/mini-cart-for-woocommerce/inc/class-whmc_cart.php on line 205
[11-Sep-2025 15:23:16 UTC] PHP Deprecated:  html_entity_decode(): Passing null to parameter #1 ($string) of type string is deprecated in /Users/asad-dc/Local Sites/stone-stomper/app/public/wp-content/themes/stone-stomper/404.php on line 30
[11-Sep-2025 15:23:16 UTC] PHP Deprecated:  html_entity_decode(): Passing null to parameter #1 ($string) of type string is deprecated in /Users/asad-dc/Local Sites/stone-stomper/app/public/wp-content/themes/stone-stomper/404.php on line 32
[11-Sep-2025 15:23:16 UTC] PHP Warning:  Array to string conversion in /Users/asad-dc/Local Sites/stone-stomper/app/public/wp-includes/formatting.php on line 1096
[11-Sep-2025 15:23:40 UTC] PHP Notice:  wp_json_file_decode(): Error when decoding a JSON file at path /Users/asad-dc/Local Sites/stone-stomper/app/public/wp-content/themes/stone-stomper/theme.json: Syntax error in /Users/asad-dc/Local Sites/stone-stomper/app/public/wp-includes/functions.php on line 6121
[11-Sep-2025 15:23:40 UTC] PHP Notice:  wp_json_file_decode(): Error when decoding a JSON file at path /Users/asad-dc/Local Sites/stone-stomper/app/public/wp-content/themes/stone-stomper/theme.json: Syntax error in /Users/asad-dc/Local Sites/stone-stomper/app/public/wp-includes/functions.php on line 6121
[11-Sep-2025 15:23:40 UTC] PHP Warning:  Undefined variable $whmc_svaevluft in /Users/asad-dc/Local Sites/stone-stomper/app/public/wp-content/plugins/mini-cart-for-woocommerce/inc/class-whmc_cart.php on line 205
[11-Sep-2025 15:23:40 UTC] PHP Warning:  Array to string conversion in /Users/asad-dc/Local Sites/stone-stomper/app/public/wp-includes/formatting.php on line 1096
[11-Sep-2025 15:23:41 UTC] PHP Warning:  Undefined variable $child_terms in /Users/asad-dc/Local Sites/stone-stomper/app/public/wp-content/themes/stone-stomper/includes/classes/code/class-wp-theme-ajax.php on line 262
[11-Sep-2025 15:23:41 UTC] PHP Warning:  Undefined variable $year in /Users/asad-dc/Local Sites/stone-stomper/app/public/wp-content/themes/stone-stomper/includes/classes/code/class-wp-theme-ajax.php on line 265
[11-Sep-2025 15:23:41 UTC] PHP Notice:  wp_json_file_decode(): Error when decoding a JSON file at path /Users/asad-dc/Local Sites/stone-stomper/app/public/wp-content/themes/stone-stomper/theme.json: Syntax error in /Users/asad-dc/Local Sites/stone-stomper/app/public/wp-includes/functions.php on line 6121
[11-Sep-2025 15:23:41 UTC] PHP Notice:  wp_json_file_decode(): Error when decoding a JSON file at path /Users/asad-dc/Local Sites/stone-stomper/app/public/wp-content/themes/stone-stomper/theme.json: Syntax error in /Users/asad-dc/Local Sites/stone-stomper/app/public/wp-includes/functions.php on line 6121
[11-Sep-2025 15:23:41 UTC] PHP Warning:  Undefined variable $whmc_svaevluft in /Users/asad-dc/Local Sites/stone-stomper/app/public/wp-content/plugins/mini-cart-for-woocommerce/inc/class-whmc_cart.php on line 205
[11-Sep-2025 15:23:41 UTC] PHP Deprecated:  html_entity_decode(): Passing null to parameter #1 ($string) of type string is deprecated in /Users/asad-dc/Local Sites/stone-stomper/app/public/wp-content/themes/stone-stomper/404.php on line 30
[11-Sep-2025 15:23:41 UTC] PHP Deprecated:  html_entity_decode(): Passing null to parameter #1 ($string) of type string is deprecated in /Users/asad-dc/Local Sites/stone-stomper/app/public/wp-content/themes/stone-stomper/404.php on line 32
[11-Sep-2025 15:23:41 UTC] PHP Warning:  Array to string conversion in /Users/asad-dc/Local Sites/stone-stomper/app/public/wp-includes/formatting.php on line 1096
[11-Sep-2025 15:24:17 UTC] PHP Notice:  wp_json_file_decode(): Error when decoding a JSON file at path /Users/asad-dc/Local Sites/stone-stomper/app/public/wp-content/themes/stone-stomper/theme.json: Syntax error in /Users/asad-dc/Local Sites/stone-stomper/app/public/wp-includes/functions.php on line 6121
[11-Sep-2025 15:24:17 UTC] PHP Notice:  wp_json_file_decode(): Error when decoding a JSON file at path /Users/asad-dc/Local Sites/stone-stomper/app/public/wp-content/themes/stone-stomper/theme.json: Syntax error in /Users/asad-dc/Local Sites/stone-stomper/app/public/wp-includes/functions.php on line 6121
[11-Sep-2025 15:24:17 UTC] PHP Warning:  Undefined variable $whmc_svaevluft in /Users/asad-dc/Local Sites/stone-stomper/app/public/wp-content/plugins/mini-cart-for-woocommerce/inc/class-whmc_cart.php on line 205
[11-Sep-2025 15:24:17 UTC] PHP Warning:  Array to string conversion in /Users/asad-dc/Local Sites/stone-stomper/app/public/wp-includes/formatting.php on line 1096
[11-Sep-2025 15:24:18 UTC] PHP Warning:  Undefined variable $child_terms in /Users/asad-dc/Local Sites/stone-stomper/app/public/wp-content/themes/stone-stomper/includes/classes/code/class-wp-theme-ajax.php on line 262
[11-Sep-2025 15:24:18 UTC] PHP Warning:  Undefined variable $year in /Users/asad-dc/Local Sites/stone-stomper/app/public/wp-content/themes/stone-stomper/includes/classes/code/class-wp-theme-ajax.php on line 265
[11-Sep-2025 15:24:19 UTC] PHP Notice:  wp_json_file_decode(): Error when decoding a JSON file at path /Users/asad-dc/Local Sites/stone-stomper/app/public/wp-content/themes/stone-stomper/theme.json: Syntax error in /Users/asad-dc/Local Sites/stone-stomper/app/public/wp-includes/functions.php on line 6121
[11-Sep-2025 15:24:19 UTC] PHP Notice:  wp_json_file_decode(): Error when decoding a JSON file at path /Users/asad-dc/Local Sites/stone-stomper/app/public/wp-content/themes/stone-stomper/theme.json: Syntax error in /Users/asad-dc/Local Sites/stone-stomper/app/public/wp-includes/functions.php on line 6121
[11-Sep-2025 15:24:19 UTC] PHP Warning:  Undefined variable $whmc_svaevluft in /Users/asad-dc/Local Sites/stone-stomper/app/public/wp-content/plugins/mini-cart-for-woocommerce/inc/class-whmc_cart.php on line 205
[11-Sep-2025 15:24:19 UTC] PHP Deprecated:  html_entity_decode(): Passing null to parameter #1 ($string) of type string is deprecated in /Users/asad-dc/Local Sites/stone-stomper/app/public/wp-content/themes/stone-stomper/404.php on line 30
[11-Sep-2025 15:24:19 UTC] PHP Deprecated:  html_entity_decode(): Passing null to parameter #1 ($string) of type string is deprecated in /Users/asad-dc/Local Sites/stone-stomper/app/public/wp-content/themes/stone-stomper/404.php on line 32
[11-Sep-2025 15:24:19 UTC] PHP Warning:  Array to string conversion in /Users/asad-dc/Local Sites/stone-stomper/app/public/wp-includes/formatting.php on line 1096
[11-Sep-2025 15:25:09 UTC] PHP Notice:  wp_json_file_decode(): Error when decoding a JSON file at path /Users/asad-dc/Local Sites/stone-stomper/app/public/wp-content/themes/stone-stomper/theme.json: Syntax error in /Users/asad-dc/Local Sites/stone-stomper/app/public/wp-includes/functions.php on line 6121
[11-Sep-2025 15:25:09 UTC] PHP Notice:  wp_json_file_decode(): Error when decoding a JSON file at path /Users/asad-dc/Local Sites/stone-stomper/app/public/wp-content/themes/stone-stomper/theme.json: Syntax error in /Users/asad-dc/Local Sites/stone-stomper/app/public/wp-includes/functions.php on line 6121
[11-Sep-2025 15:25:09 UTC] PHP Warning:  Undefined variable $whmc_svaevluft in /Users/asad-dc/Local Sites/stone-stomper/app/public/wp-content/plugins/mini-cart-for-woocommerce/inc/class-whmc_cart.php on line 205
[11-Sep-2025 15:25:09 UTC] PHP Warning:  Array to string conversion in /Users/asad-dc/Local Sites/stone-stomper/app/public/wp-includes/formatting.php on line 1096
[11-Sep-2025 15:25:10 UTC] PHP Warning:  Undefined variable $child_terms in /Users/asad-dc/Local Sites/stone-stomper/app/public/wp-content/themes/stone-stomper/includes/classes/code/class-wp-theme-ajax.php on line 262
[11-Sep-2025 15:25:10 UTC] PHP Warning:  Undefined variable $year in /Users/asad-dc/Local Sites/stone-stomper/app/public/wp-content/themes/stone-stomper/includes/classes/code/class-wp-theme-ajax.php on line 265
[11-Sep-2025 15:25:10 UTC] PHP Notice:  wp_json_file_decode(): Error when decoding a JSON file at path /Users/asad-dc/Local Sites/stone-stomper/app/public/wp-content/themes/stone-stomper/theme.json: Syntax error in /Users/asad-dc/Local Sites/stone-stomper/app/public/wp-includes/functions.php on line 6121
[11-Sep-2025 15:25:10 UTC] PHP Notice:  wp_json_file_decode(): Error when decoding a JSON file at path /Users/asad-dc/Local Sites/stone-stomper/app/public/wp-content/themes/stone-stomper/theme.json: Syntax error in /Users/asad-dc/Local Sites/stone-stomper/app/public/wp-includes/functions.php on line 6121
[11-Sep-2025 15:25:10 UTC] PHP Warning:  Undefined variable $whmc_svaevluft in /Users/asad-dc/Local Sites/stone-stomper/app/public/wp-content/plugins/mini-cart-for-woocommerce/inc/class-whmc_cart.php on line 205
[11-Sep-2025 15:25:10 UTC] PHP Deprecated:  html_entity_decode(): Passing null to parameter #1 ($string) of type string is deprecated in /Users/asad-dc/Local Sites/stone-stomper/app/public/wp-content/themes/stone-stomper/404.php on line 30
[11-Sep-2025 15:25:10 UTC] PHP Deprecated:  html_entity_decode(): Passing null to parameter #1 ($string) of type string is deprecated in /Users/asad-dc/Local Sites/stone-stomper/app/public/wp-content/themes/stone-stomper/404.php on line 32
[11-Sep-2025 15:25:10 UTC] PHP Warning:  Array to string conversion in /Users/asad-dc/Local Sites/stone-stomper/app/public/wp-includes/formatting.php on line 1096
[11-Sep-2025 15:33:04 UTC] PHP Notice:  wp_json_file_decode(): Error when decoding a JSON file at path /Users/asad-dc/Local Sites/stone-stomper/app/public/wp-content/themes/stone-stomper/theme.json: Syntax error in /Users/asad-dc/Local Sites/stone-stomper/app/public/wp-includes/functions.php on line 6121
[11-Sep-2025 15:33:04 UTC] PHP Notice:  wp_json_file_decode(): Error when decoding a JSON file at path /Users/asad-dc/Local Sites/stone-stomper/app/public/wp-content/themes/stone-stomper/theme.json: Syntax error in /Users/asad-dc/Local Sites/stone-stomper/app/public/wp-includes/functions.php on line 6121
[11-Sep-2025 15:33:04 UTC] PHP Warning:  Undefined variable $whmc_svaevluft in /Users/asad-dc/Local Sites/stone-stomper/app/public/wp-content/plugins/mini-cart-for-woocommerce/inc/class-whmc_cart.php on line 205
[11-Sep-2025 15:33:05 UTC] PHP Notice:  wp_json_file_decode(): Error when decoding a JSON file at path /Users/asad-dc/Local Sites/stone-stomper/app/public/wp-content/themes/stone-stomper/theme.json: Syntax error in /Users/asad-dc/Local Sites/stone-stomper/app/public/wp-includes/functions.php on line 6121
[11-Sep-2025 15:33:05 UTC] PHP Notice:  wp_json_file_decode(): Error when decoding a JSON file at path /Users/asad-dc/Local Sites/stone-stomper/app/public/wp-content/themes/stone-stomper/theme.json: Syntax error in /Users/asad-dc/Local Sites/stone-stomper/app/public/wp-includes/functions.php on line 6121
[11-Sep-2025 15:33:05 UTC] PHP Warning:  Undefined variable $whmc_svaevluft in /Users/asad-dc/Local Sites/stone-stomper/app/public/wp-content/plugins/mini-cart-for-woocommerce/inc/class-whmc_cart.php on line 205
[11-Sep-2025 15:33:05 UTC] PHP Deprecated:  html_entity_decode(): Passing null to parameter #1 ($string) of type string is deprecated in /Users/asad-dc/Local Sites/stone-stomper/app/public/wp-content/themes/stone-stomper/404.php on line 30
[11-Sep-2025 15:33:05 UTC] PHP Deprecated:  html_entity_decode(): Passing null to parameter #1 ($string) of type string is deprecated in /Users/asad-dc/Local Sites/stone-stomper/app/public/wp-content/themes/stone-stomper/404.php on line 32
[11-Sep-2025 15:33:34 UTC] PHP Notice:  wp_json_file_decode(): Error when decoding a JSON file at path /Users/asad-dc/Local Sites/stone-stomper/app/public/wp-content/themes/stone-stomper/theme.json: Syntax error in /Users/asad-dc/Local Sites/stone-stomper/app/public/wp-includes/functions.php on line 6121
[11-Sep-2025 15:33:34 UTC] PHP Notice:  wp_json_file_decode(): Error when decoding a JSON file at path /Users/asad-dc/Local Sites/stone-stomper/app/public/wp-content/themes/stone-stomper/theme.json: Syntax error in /Users/asad-dc/Local Sites/stone-stomper/app/public/wp-includes/functions.php on line 6121
[11-Sep-2025 15:33:34 UTC] PHP Warning:  Undefined variable $whmc_svaevluft in /Users/asad-dc/Local Sites/stone-stomper/app/public/wp-content/plugins/mini-cart-for-woocommerce/inc/class-whmc_cart.php on line 205
[11-Sep-2025 15:33:35 UTC] PHP Notice:  wp_json_file_decode(): Error when decoding a JSON file at path /Users/asad-dc/Local Sites/stone-stomper/app/public/wp-content/themes/stone-stomper/theme.json: Syntax error in /Users/asad-dc/Local Sites/stone-stomper/app/public/wp-includes/functions.php on line 6121
[11-Sep-2025 15:33:35 UTC] PHP Notice:  wp_json_file_decode(): Error when decoding a JSON file at path /Users/asad-dc/Local Sites/stone-stomper/app/public/wp-content/themes/stone-stomper/theme.json: Syntax error in /Users/asad-dc/Local Sites/stone-stomper/app/public/wp-includes/functions.php on line 6121
[11-Sep-2025 15:33:35 UTC] PHP Warning:  Undefined variable $whmc_svaevluft in /Users/asad-dc/Local Sites/stone-stomper/app/public/wp-content/plugins/mini-cart-for-woocommerce/inc/class-whmc_cart.php on line 205
[11-Sep-2025 15:33:35 UTC] PHP Deprecated:  html_entity_decode(): Passing null to parameter #1 ($string) of type string is deprecated in /Users/asad-dc/Local Sites/stone-stomper/app/public/wp-content/themes/stone-stomper/404.php on line 30
[11-Sep-2025 15:33:35 UTC] PHP Deprecated:  html_entity_decode(): Passing null to parameter #1 ($string) of type string is deprecated in /Users/asad-dc/Local Sites/stone-stomper/app/public/wp-content/themes/stone-stomper/404.php on line 32
[11-Sep-2025 15:34:46 UTC] PHP Notice:  wp_json_file_decode(): Error when decoding a JSON file at path /Users/asad-dc/Local Sites/stone-stomper/app/public/wp-content/themes/stone-stomper/theme.json: Syntax error in /Users/asad-dc/Local Sites/stone-stomper/app/public/wp-includes/functions.php on line 6121
[11-Sep-2025 15:34:46 UTC] PHP Notice:  wp_json_file_decode(): Error when decoding a JSON file at path /Users/asad-dc/Local Sites/stone-stomper/app/public/wp-content/themes/stone-stomper/theme.json: Syntax error in /Users/asad-dc/Local Sites/stone-stomper/app/public/wp-includes/functions.php on line 6121
[11-Sep-2025 15:34:46 UTC] PHP Warning:  Undefined variable $whmc_svaevluft in /Users/asad-dc/Local Sites/stone-stomper/app/public/wp-content/plugins/mini-cart-for-woocommerce/inc/class-whmc_cart.php on line 205
[11-Sep-2025 15:34:47 UTC] PHP Notice:  wp_json_file_decode(): Error when decoding a JSON file at path /Users/asad-dc/Local Sites/stone-stomper/app/public/wp-content/themes/stone-stomper/theme.json: Syntax error in /Users/asad-dc/Local Sites/stone-stomper/app/public/wp-includes/functions.php on line 6121
[11-Sep-2025 15:34:47 UTC] PHP Notice:  wp_json_file_decode(): Error when decoding a JSON file at path /Users/asad-dc/Local Sites/stone-stomper/app/public/wp-content/themes/stone-stomper/theme.json: Syntax error in /Users/asad-dc/Local Sites/stone-stomper/app/public/wp-includes/functions.php on line 6121
[11-Sep-2025 15:34:47 UTC] PHP Warning:  Undefined variable $whmc_svaevluft in /Users/asad-dc/Local Sites/stone-stomper/app/public/wp-content/plugins/mini-cart-for-woocommerce/inc/class-whmc_cart.php on line 205
[11-Sep-2025 15:34:47 UTC] PHP Deprecated:  html_entity_decode(): Passing null to parameter #1 ($string) of type string is deprecated in /Users/asad-dc/Local Sites/stone-stomper/app/public/wp-content/themes/stone-stomper/404.php on line 30
[11-Sep-2025 15:34:47 UTC] PHP Deprecated:  html_entity_decode(): Passing null to parameter #1 ($string) of type string is deprecated in /Users/asad-dc/Local Sites/stone-stomper/app/public/wp-content/themes/stone-stomper/404.php on line 32
[11-Sep-2025 15:35:02 UTC] PHP Notice:  wp_json_file_decode(): Error when decoding a JSON file at path /Users/asad-dc/Local Sites/stone-stomper/app/public/wp-content/themes/stone-stomper/theme.json: Syntax error in /Users/asad-dc/Local Sites/stone-stomper/app/public/wp-includes/functions.php on line 6121
[11-Sep-2025 15:35:02 UTC] PHP Notice:  wp_json_file_decode(): Error when decoding a JSON file at path /Users/asad-dc/Local Sites/stone-stomper/app/public/wp-content/themes/stone-stomper/theme.json: Syntax error in /Users/asad-dc/Local Sites/stone-stomper/app/public/wp-includes/functions.php on line 6121
[11-Sep-2025 15:35:02 UTC] PHP Warning:  Undefined variable $whmc_svaevluft in /Users/asad-dc/Local Sites/stone-stomper/app/public/wp-content/plugins/mini-cart-for-woocommerce/inc/class-whmc_cart.php on line 205
[11-Sep-2025 15:35:03 UTC] PHP Notice:  wp_json_file_decode(): Error when decoding a JSON file at path /Users/asad-dc/Local Sites/stone-stomper/app/public/wp-content/themes/stone-stomper/theme.json: Syntax error in /Users/asad-dc/Local Sites/stone-stomper/app/public/wp-includes/functions.php on line 6121
[11-Sep-2025 15:35:03 UTC] PHP Notice:  wp_json_file_decode(): Error when decoding a JSON file at path /Users/asad-dc/Local Sites/stone-stomper/app/public/wp-content/themes/stone-stomper/theme.json: Syntax error in /Users/asad-dc/Local Sites/stone-stomper/app/public/wp-includes/functions.php on line 6121
[11-Sep-2025 15:35:03 UTC] PHP Warning:  Undefined variable $whmc_svaevluft in /Users/asad-dc/Local Sites/stone-stomper/app/public/wp-content/plugins/mini-cart-for-woocommerce/inc/class-whmc_cart.php on line 205
[11-Sep-2025 15:35:03 UTC] PHP Deprecated:  html_entity_decode(): Passing null to parameter #1 ($string) of type string is deprecated in /Users/asad-dc/Local Sites/stone-stomper/app/public/wp-content/themes/stone-stomper/404.php on line 30
[11-Sep-2025 15:35:03 UTC] PHP Deprecated:  html_entity_decode(): Passing null to parameter #1 ($string) of type string is deprecated in /Users/asad-dc/Local Sites/stone-stomper/app/public/wp-content/themes/stone-stomper/404.php on line 32
[11-Sep-2025 15:35:54 UTC] PHP Notice:  wp_json_file_decode(): Error when decoding a JSON file at path /Users/asad-dc/Local Sites/stone-stomper/app/public/wp-content/themes/stone-stomper/theme.json: Syntax error in /Users/asad-dc/Local Sites/stone-stomper/app/public/wp-includes/functions.php on line 6121
[11-Sep-2025 15:35:54 UTC] PHP Notice:  wp_json_file_decode(): Error when decoding a JSON file at path /Users/asad-dc/Local Sites/stone-stomper/app/public/wp-content/themes/stone-stomper/theme.json: Syntax error in /Users/asad-dc/Local Sites/stone-stomper/app/public/wp-includes/functions.php on line 6121
[11-Sep-2025 15:35:54 UTC] PHP Warning:  Undefined variable $whmc_svaevluft in /Users/asad-dc/Local Sites/stone-stomper/app/public/wp-content/plugins/mini-cart-for-woocommerce/inc/class-whmc_cart.php on line 205
[11-Sep-2025 15:35:55 UTC] PHP Notice:  wp_json_file_decode(): Error when decoding a JSON file at path /Users/asad-dc/Local Sites/stone-stomper/app/public/wp-content/themes/stone-stomper/theme.json: Syntax error in /Users/asad-dc/Local Sites/stone-stomper/app/public/wp-includes/functions.php on line 6121
[11-Sep-2025 15:35:55 UTC] PHP Notice:  wp_json_file_decode(): Error when decoding a JSON file at path /Users/asad-dc/Local Sites/stone-stomper/app/public/wp-content/themes/stone-stomper/theme.json: Syntax error in /Users/asad-dc/Local Sites/stone-stomper/app/public/wp-includes/functions.php on line 6121
[11-Sep-2025 15:35:55 UTC] PHP Warning:  Undefined variable $whmc_svaevluft in /Users/asad-dc/Local Sites/stone-stomper/app/public/wp-content/plugins/mini-cart-for-woocommerce/inc/class-whmc_cart.php on line 205
[11-Sep-2025 15:35:56 UTC] PHP Deprecated:  html_entity_decode(): Passing null to parameter #1 ($string) of type string is deprecated in /Users/asad-dc/Local Sites/stone-stomper/app/public/wp-content/themes/stone-stomper/404.php on line 30
[11-Sep-2025 15:35:56 UTC] PHP Deprecated:  html_entity_decode(): Passing null to parameter #1 ($string) of type string is deprecated in /Users/asad-dc/Local Sites/stone-stomper/app/public/wp-content/themes/stone-stomper/404.php on line 32
[11-Sep-2025 15:36:09 UTC] PHP Notice:  wp_json_file_decode(): Error when decoding a JSON file at path /Users/asad-dc/Local Sites/stone-stomper/app/public/wp-content/themes/stone-stomper/theme.json: Syntax error in /Users/asad-dc/Local Sites/stone-stomper/app/public/wp-includes/functions.php on line 6121
[11-Sep-2025 15:36:13 UTC] PHP Notice:  wp_json_file_decode(): Error when decoding a JSON file at path /Users/asad-dc/Local Sites/stone-stomper/app/public/wp-content/themes/stone-stomper/theme.json: Syntax error in /Users/asad-dc/Local Sites/stone-stomper/app/public/wp-includes/functions.php on line 6121
[11-Sep-2025 15:36:13 UTC] PHP Notice:  wp_json_file_decode(): Error when decoding a JSON file at path /Users/asad-dc/Local Sites/stone-stomper/app/public/wp-content/themes/stone-stomper/theme.json: Syntax error in /Users/asad-dc/Local Sites/stone-stomper/app/public/wp-includes/functions.php on line 6121
[11-Sep-2025 15:36:13 UTC] PHP Warning:  Undefined variable $whmc_svaevluft in /Users/asad-dc/Local Sites/stone-stomper/app/public/wp-content/plugins/mini-cart-for-woocommerce/inc/class-whmc_cart.php on line 205
[11-Sep-2025 15:36:14 UTC] PHP Warning:  Undefined variable $child_terms in /Users/asad-dc/Local Sites/stone-stomper/app/public/wp-content/themes/stone-stomper/includes/classes/code/class-wp-theme-ajax.php on line 262
[11-Sep-2025 15:36:14 UTC] PHP Warning:  Undefined variable $year in /Users/asad-dc/Local Sites/stone-stomper/app/public/wp-content/themes/stone-stomper/includes/classes/code/class-wp-theme-ajax.php on line 265
[11-Sep-2025 15:36:15 UTC] PHP Notice:  wp_json_file_decode(): Error when decoding a JSON file at path /Users/asad-dc/Local Sites/stone-stomper/app/public/wp-content/themes/stone-stomper/theme.json: Syntax error in /Users/asad-dc/Local Sites/stone-stomper/app/public/wp-includes/functions.php on line 6121
[11-Sep-2025 15:36:15 UTC] PHP Notice:  wp_json_file_decode(): Error when decoding a JSON file at path /Users/asad-dc/Local Sites/stone-stomper/app/public/wp-content/themes/stone-stomper/theme.json: Syntax error in /Users/asad-dc/Local Sites/stone-stomper/app/public/wp-includes/functions.php on line 6121
[11-Sep-2025 15:36:15 UTC] PHP Warning:  Undefined variable $whmc_svaevluft in /Users/asad-dc/Local Sites/stone-stomper/app/public/wp-content/plugins/mini-cart-for-woocommerce/inc/class-whmc_cart.php on line 205
[11-Sep-2025 15:36:15 UTC] PHP Deprecated:  html_entity_decode(): Passing null to parameter #1 ($string) of type string is deprecated in /Users/asad-dc/Local Sites/stone-stomper/app/public/wp-content/themes/stone-stomper/404.php on line 30
[11-Sep-2025 15:36:15 UTC] PHP Deprecated:  html_entity_decode(): Passing null to parameter #1 ($string) of type string is deprecated in /Users/asad-dc/Local Sites/stone-stomper/app/public/wp-content/themes/stone-stomper/404.php on line 32
[11-Sep-2025 15:36:21 UTC] PHP Notice:  wp_json_file_decode(): Error when decoding a JSON file at path /Users/asad-dc/Local Sites/stone-stomper/app/public/wp-content/themes/stone-stomper/theme.json: Syntax error in /Users/asad-dc/Local Sites/stone-stomper/app/public/wp-includes/functions.php on line 6121
[11-Sep-2025 15:36:21 UTC] PHP Notice:  wp_json_file_decode(): Error when decoding a JSON file at path /Users/asad-dc/Local Sites/stone-stomper/app/public/wp-content/themes/stone-stomper/theme.json: Syntax error in /Users/asad-dc/Local Sites/stone-stomper/app/public/wp-includes/functions.php on line 6121
[11-Sep-2025 15:36:21 UTC] PHP Warning:  Undefined variable $whmc_svaevluft in /Users/asad-dc/Local Sites/stone-stomper/app/public/wp-content/plugins/mini-cart-for-woocommerce/inc/class-whmc_cart.php on line 205
[11-Sep-2025 15:36:21 UTC] PHP Warning:  Array to string conversion in /Users/asad-dc/Local Sites/stone-stomper/app/public/wp-includes/formatting.php on line 1096
[11-Sep-2025 15:36:22 UTC] PHP Notice:  wp_json_file_decode(): Error when decoding a JSON file at path /Users/asad-dc/Local Sites/stone-stomper/app/public/wp-content/themes/stone-stomper/theme.json: Syntax error in /Users/asad-dc/Local Sites/stone-stomper/app/public/wp-includes/functions.php on line 6121
[11-Sep-2025 15:36:22 UTC] PHP Notice:  wp_json_file_decode(): Error when decoding a JSON file at path /Users/asad-dc/Local Sites/stone-stomper/app/public/wp-content/themes/stone-stomper/theme.json: Syntax error in /Users/asad-dc/Local Sites/stone-stomper/app/public/wp-includes/functions.php on line 6121
[11-Sep-2025 15:36:22 UTC] PHP Warning:  Undefined variable $whmc_svaevluft in /Users/asad-dc/Local Sites/stone-stomper/app/public/wp-content/plugins/mini-cart-for-woocommerce/inc/class-whmc_cart.php on line 205
[11-Sep-2025 15:36:22 UTC] PHP Deprecated:  html_entity_decode(): Passing null to parameter #1 ($string) of type string is deprecated in /Users/asad-dc/Local Sites/stone-stomper/app/public/wp-content/themes/stone-stomper/404.php on line 30
[11-Sep-2025 15:36:22 UTC] PHP Deprecated:  html_entity_decode(): Passing null to parameter #1 ($string) of type string is deprecated in /Users/asad-dc/Local Sites/stone-stomper/app/public/wp-content/themes/stone-stomper/404.php on line 32
[11-Sep-2025 15:36:22 UTC] PHP Warning:  Array to string conversion in /Users/asad-dc/Local Sites/stone-stomper/app/public/wp-includes/formatting.php on line 1096
[11-Sep-2025 15:36:25 UTC] PHP Notice:  wp_json_file_decode(): Error when decoding a JSON file at path /Users/asad-dc/Local Sites/stone-stomper/app/public/wp-content/themes/stone-stomper/theme.json: Syntax error in /Users/asad-dc/Local Sites/stone-stomper/app/public/wp-includes/functions.php on line 6121
[11-Sep-2025 15:36:25 UTC] PHP Notice:  wp_json_file_decode(): Error when decoding a JSON file at path /Users/asad-dc/Local Sites/stone-stomper/app/public/wp-content/themes/stone-stomper/theme.json: Syntax error in /Users/asad-dc/Local Sites/stone-stomper/app/public/wp-includes/functions.php on line 6121
[11-Sep-2025 15:36:25 UTC] PHP Warning:  Undefined variable $whmc_svaevluft in /Users/asad-dc/Local Sites/stone-stomper/app/public/wp-content/plugins/mini-cart-for-woocommerce/inc/class-whmc_cart.php on line 205
[11-Sep-2025 15:36:25 UTC] PHP Warning:  Array to string conversion in /Users/asad-dc/Local Sites/stone-stomper/app/public/wp-includes/formatting.php on line 1096
[11-Sep-2025 15:36:27 UTC] PHP Notice:  wp_json_file_decode(): Error when decoding a JSON file at path /Users/asad-dc/Local Sites/stone-stomper/app/public/wp-content/themes/stone-stomper/theme.json: Syntax error in /Users/asad-dc/Local Sites/stone-stomper/app/public/wp-includes/functions.php on line 6121
[11-Sep-2025 15:36:27 UTC] PHP Notice:  wp_json_file_decode(): Error when decoding a JSON file at path /Users/asad-dc/Local Sites/stone-stomper/app/public/wp-content/themes/stone-stomper/theme.json: Syntax error in /Users/asad-dc/Local Sites/stone-stomper/app/public/wp-includes/functions.php on line 6121
[11-Sep-2025 15:36:27 UTC] PHP Warning:  Undefined variable $whmc_svaevluft in /Users/asad-dc/Local Sites/stone-stomper/app/public/wp-content/plugins/mini-cart-for-woocommerce/inc/class-whmc_cart.php on line 205
[11-Sep-2025 15:36:27 UTC] PHP Deprecated:  html_entity_decode(): Passing null to parameter #1 ($string) of type string is deprecated in /Users/asad-dc/Local Sites/stone-stomper/app/public/wp-content/themes/stone-stomper/404.php on line 30
[11-Sep-2025 15:36:27 UTC] PHP Deprecated:  html_entity_decode(): Passing null to parameter #1 ($string) of type string is deprecated in /Users/asad-dc/Local Sites/stone-stomper/app/public/wp-content/themes/stone-stomper/404.php on line 32
[11-Sep-2025 15:36:27 UTC] PHP Warning:  Array to string conversion in /Users/asad-dc/Local Sites/stone-stomper/app/public/wp-includes/formatting.php on line 1096
[11-Sep-2025 15:36:31 UTC] PHP Notice:  wp_json_file_decode(): Error when decoding a JSON file at path /Users/asad-dc/Local Sites/stone-stomper/app/public/wp-content/themes/stone-stomper/theme.json: Syntax error in /Users/asad-dc/Local Sites/stone-stomper/app/public/wp-includes/functions.php on line 6121
[11-Sep-2025 15:36:31 UTC] PHP Notice:  wp_json_file_decode(): Error when decoding a JSON file at path /Users/asad-dc/Local Sites/stone-stomper/app/public/wp-content/themes/stone-stomper/theme.json: Syntax error in /Users/asad-dc/Local Sites/stone-stomper/app/public/wp-includes/functions.php on line 6121
[11-Sep-2025 15:36:31 UTC] PHP Warning:  Undefined variable $whmc_svaevluft in /Users/asad-dc/Local Sites/stone-stomper/app/public/wp-content/plugins/mini-cart-for-woocommerce/inc/class-whmc_cart.php on line 205
[11-Sep-2025 15:36:32 UTC] PHP Notice:  wp_json_file_decode(): Error when decoding a JSON file at path /Users/asad-dc/Local Sites/stone-stomper/app/public/wp-content/themes/stone-stomper/theme.json: Syntax error in /Users/asad-dc/Local Sites/stone-stomper/app/public/wp-includes/functions.php on line 6121
[11-Sep-2025 15:36:32 UTC] PHP Notice:  wp_json_file_decode(): Error when decoding a JSON file at path /Users/asad-dc/Local Sites/stone-stomper/app/public/wp-content/themes/stone-stomper/theme.json: Syntax error in /Users/asad-dc/Local Sites/stone-stomper/app/public/wp-includes/functions.php on line 6121
[11-Sep-2025 15:36:32 UTC] PHP Warning:  Undefined variable $whmc_svaevluft in /Users/asad-dc/Local Sites/stone-stomper/app/public/wp-content/plugins/mini-cart-for-woocommerce/inc/class-whmc_cart.php on line 205
[11-Sep-2025 15:36:32 UTC] PHP Deprecated:  html_entity_decode(): Passing null to parameter #1 ($string) of type string is deprecated in /Users/asad-dc/Local Sites/stone-stomper/app/public/wp-content/themes/stone-stomper/404.php on line 30
[11-Sep-2025 15:36:32 UTC] PHP Deprecated:  html_entity_decode(): Passing null to parameter #1 ($string) of type string is deprecated in /Users/asad-dc/Local Sites/stone-stomper/app/public/wp-content/themes/stone-stomper/404.php on line 32
[11-Sep-2025 15:38:23 UTC] PHP Notice:  wp_json_file_decode(): Error when decoding a JSON file at path /Users/asad-dc/Local Sites/stone-stomper/app/public/wp-content/themes/stone-stomper/theme.json: Syntax error in /Users/asad-dc/Local Sites/stone-stomper/app/public/wp-includes/functions.php on line 6121
[11-Sep-2025 15:38:23 UTC] PHP Notice:  wp_json_file_decode(): Error when decoding a JSON file at path /Users/asad-dc/Local Sites/stone-stomper/app/public/wp-content/themes/stone-stomper/theme.json: Syntax error in /Users/asad-dc/Local Sites/stone-stomper/app/public/wp-includes/functions.php on line 6121
[11-Sep-2025 15:38:23 UTC] PHP Warning:  Undefined variable $whmc_svaevluft in /Users/asad-dc/Local Sites/stone-stomper/app/public/wp-content/plugins/mini-cart-for-woocommerce/inc/class-whmc_cart.php on line 205
[11-Sep-2025 15:38:25 UTC] PHP Notice:  wp_json_file_decode(): Error when decoding a JSON file at path /Users/asad-dc/Local Sites/stone-stomper/app/public/wp-content/themes/stone-stomper/theme.json: Syntax error in /Users/asad-dc/Local Sites/stone-stomper/app/public/wp-includes/functions.php on line 6121
[11-Sep-2025 15:38:25 UTC] PHP Notice:  wp_json_file_decode(): Error when decoding a JSON file at path /Users/asad-dc/Local Sites/stone-stomper/app/public/wp-content/themes/stone-stomper/theme.json: Syntax error in /Users/asad-dc/Local Sites/stone-stomper/app/public/wp-includes/functions.php on line 6121
[11-Sep-2025 15:38:25 UTC] PHP Warning:  Undefined variable $whmc_svaevluft in /Users/asad-dc/Local Sites/stone-stomper/app/public/wp-content/plugins/mini-cart-for-woocommerce/inc/class-whmc_cart.php on line 205
[11-Sep-2025 15:38:25 UTC] PHP Deprecated:  html_entity_decode(): Passing null to parameter #1 ($string) of type string is deprecated in /Users/asad-dc/Local Sites/stone-stomper/app/public/wp-content/themes/stone-stomper/404.php on line 30
[11-Sep-2025 15:38:25 UTC] PHP Deprecated:  html_entity_decode(): Passing null to parameter #1 ($string) of type string is deprecated in /Users/asad-dc/Local Sites/stone-stomper/app/public/wp-content/themes/stone-stomper/404.php on line 32
[11-Sep-2025 15:38:30 UTC] PHP Notice:  wp_json_file_decode(): Error when decoding a JSON file at path /Users/asad-dc/Local Sites/stone-stomper/app/public/wp-content/themes/stone-stomper/theme.json: Syntax error in /Users/asad-dc/Local Sites/stone-stomper/app/public/wp-includes/functions.php on line 6121
[11-Sep-2025 15:38:30 UTC] PHP Notice:  wp_json_file_decode(): Error when decoding a JSON file at path /Users/asad-dc/Local Sites/stone-stomper/app/public/wp-content/themes/stone-stomper/theme.json: Syntax error in /Users/asad-dc/Local Sites/stone-stomper/app/public/wp-includes/functions.php on line 6121
[11-Sep-2025 15:38:30 UTC] PHP Warning:  Undefined variable $whmc_svaevluft in /Users/asad-dc/Local Sites/stone-stomper/app/public/wp-content/plugins/mini-cart-for-woocommerce/inc/class-whmc_cart.php on line 205
[11-Sep-2025 15:38:31 UTC] PHP Warning:  Undefined variable $child_terms in /Users/asad-dc/Local Sites/stone-stomper/app/public/wp-content/themes/stone-stomper/includes/classes/code/class-wp-theme-ajax.php on line 262
[11-Sep-2025 15:38:31 UTC] PHP Warning:  Undefined variable $year in /Users/asad-dc/Local Sites/stone-stomper/app/public/wp-content/themes/stone-stomper/includes/classes/code/class-wp-theme-ajax.php on line 265
[11-Sep-2025 15:38:31 UTC] PHP Notice:  wp_json_file_decode(): Error when decoding a JSON file at path /Users/asad-dc/Local Sites/stone-stomper/app/public/wp-content/themes/stone-stomper/theme.json: Syntax error in /Users/asad-dc/Local Sites/stone-stomper/app/public/wp-includes/functions.php on line 6121
[11-Sep-2025 15:38:31 UTC] PHP Notice:  wp_json_file_decode(): Error when decoding a JSON file at path /Users/asad-dc/Local Sites/stone-stomper/app/public/wp-content/themes/stone-stomper/theme.json: Syntax error in /Users/asad-dc/Local Sites/stone-stomper/app/public/wp-includes/functions.php on line 6121
[11-Sep-2025 15:38:31 UTC] PHP Warning:  Undefined variable $whmc_svaevluft in /Users/asad-dc/Local Sites/stone-stomper/app/public/wp-content/plugins/mini-cart-for-woocommerce/inc/class-whmc_cart.php on line 205
[11-Sep-2025 15:38:31 UTC] PHP Deprecated:  html_entity_decode(): Passing null to parameter #1 ($string) of type string is deprecated in /Users/asad-dc/Local Sites/stone-stomper/app/public/wp-content/themes/stone-stomper/404.php on line 30
[11-Sep-2025 15:38:31 UTC] PHP Deprecated:  html_entity_decode(): Passing null to parameter #1 ($string) of type string is deprecated in /Users/asad-dc/Local Sites/stone-stomper/app/public/wp-content/themes/stone-stomper/404.php on line 32
[11-Sep-2025 15:38:35 UTC] PHP Notice:  wp_json_file_decode(): Error when decoding a JSON file at path /Users/asad-dc/Local Sites/stone-stomper/app/public/wp-content/themes/stone-stomper/theme.json: Syntax error in /Users/asad-dc/Local Sites/stone-stomper/app/public/wp-includes/functions.php on line 6121
[11-Sep-2025 15:38:35 UTC] PHP Notice:  wp_json_file_decode(): Error when decoding a JSON file at path /Users/asad-dc/Local Sites/stone-stomper/app/public/wp-content/themes/stone-stomper/theme.json: Syntax error in /Users/asad-dc/Local Sites/stone-stomper/app/public/wp-includes/functions.php on line 6121
[11-Sep-2025 15:38:35 UTC] PHP Warning:  Undefined variable $whmc_svaevluft in /Users/asad-dc/Local Sites/stone-stomper/app/public/wp-content/plugins/mini-cart-for-woocommerce/inc/class-whmc_cart.php on line 205
[11-Sep-2025 15:38:35 UTC] PHP Warning:  Array to string conversion in /Users/asad-dc/Local Sites/stone-stomper/app/public/wp-includes/formatting.php on line 1096
[11-Sep-2025 15:38:36 UTC] PHP Notice:  wp_json_file_decode(): Error when decoding a JSON file at path /Users/asad-dc/Local Sites/stone-stomper/app/public/wp-content/themes/stone-stomper/theme.json: Syntax error in /Users/asad-dc/Local Sites/stone-stomper/app/public/wp-includes/functions.php on line 6121
[11-Sep-2025 15:38:36 UTC] PHP Notice:  wp_json_file_decode(): Error when decoding a JSON file at path /Users/asad-dc/Local Sites/stone-stomper/app/public/wp-content/themes/stone-stomper/theme.json: Syntax error in /Users/asad-dc/Local Sites/stone-stomper/app/public/wp-includes/functions.php on line 6121
[11-Sep-2025 15:38:36 UTC] PHP Warning:  Undefined variable $whmc_svaevluft in /Users/asad-dc/Local Sites/stone-stomper/app/public/wp-content/plugins/mini-cart-for-woocommerce/inc/class-whmc_cart.php on line 205
[11-Sep-2025 15:38:36 UTC] PHP Warning:  Array to string conversion in /Users/asad-dc/Local Sites/stone-stomper/app/public/wp-includes/formatting.php on line 1096
[11-Sep-2025 15:38:36 UTC] PHP Notice:  wp_json_file_decode(): Error when decoding a JSON file at path /Users/asad-dc/Local Sites/stone-stomper/app/public/wp-content/themes/stone-stomper/theme.json: Syntax error in /Users/asad-dc/Local Sites/stone-stomper/app/public/wp-includes/functions.php on line 6121
[11-Sep-2025 15:38:36 UTC] PHP Notice:  wp_json_file_decode(): Error when decoding a JSON file at path /Users/asad-dc/Local Sites/stone-stomper/app/public/wp-content/themes/stone-stomper/theme.json: Syntax error in /Users/asad-dc/Local Sites/stone-stomper/app/public/wp-includes/functions.php on line 6121
[11-Sep-2025 15:38:36 UTC] PHP Warning:  Undefined variable $whmc_svaevluft in /Users/asad-dc/Local Sites/stone-stomper/app/public/wp-content/plugins/mini-cart-for-woocommerce/inc/class-whmc_cart.php on line 205
[11-Sep-2025 15:38:36 UTC] PHP Deprecated:  html_entity_decode(): Passing null to parameter #1 ($string) of type string is deprecated in /Users/asad-dc/Local Sites/stone-stomper/app/public/wp-content/themes/stone-stomper/404.php on line 30
[11-Sep-2025 15:38:36 UTC] PHP Deprecated:  html_entity_decode(): Passing null to parameter #1 ($string) of type string is deprecated in /Users/asad-dc/Local Sites/stone-stomper/app/public/wp-content/themes/stone-stomper/404.php on line 32
[11-Sep-2025 15:38:36 UTC] PHP Warning:  Array to string conversion in /Users/asad-dc/Local Sites/stone-stomper/app/public/wp-includes/formatting.php on line 1096
[11-Sep-2025 15:38:38 UTC] PHP Notice:  wp_json_file_decode(): Error when decoding a JSON file at path /Users/asad-dc/Local Sites/stone-stomper/app/public/wp-content/themes/stone-stomper/theme.json: Syntax error in /Users/asad-dc/Local Sites/stone-stomper/app/public/wp-includes/functions.php on line 6121
[11-Sep-2025 15:38:38 UTC] PHP Notice:  wp_json_file_decode(): Error when decoding a JSON file at path /Users/asad-dc/Local Sites/stone-stomper/app/public/wp-content/themes/stone-stomper/theme.json: Syntax error in /Users/asad-dc/Local Sites/stone-stomper/app/public/wp-includes/functions.php on line 6121
[11-Sep-2025 15:38:38 UTC] PHP Warning:  Undefined variable $whmc_svaevluft in /Users/asad-dc/Local Sites/stone-stomper/app/public/wp-content/plugins/mini-cart-for-woocommerce/inc/class-whmc_cart.php on line 205
[11-Sep-2025 15:38:38 UTC] PHP Warning:  Array to string conversion in /Users/asad-dc/Local Sites/stone-stomper/app/public/wp-includes/formatting.php on line 1096
[11-Sep-2025 15:38:39 UTC] PHP Notice:  wp_json_file_decode(): Error when decoding a JSON file at path /Users/asad-dc/Local Sites/stone-stomper/app/public/wp-content/themes/stone-stomper/theme.json: Syntax error in /Users/asad-dc/Local Sites/stone-stomper/app/public/wp-includes/functions.php on line 6121
[11-Sep-2025 15:38:39 UTC] PHP Notice:  wp_json_file_decode(): Error when decoding a JSON file at path /Users/asad-dc/Local Sites/stone-stomper/app/public/wp-content/themes/stone-stomper/theme.json: Syntax error in /Users/asad-dc/Local Sites/stone-stomper/app/public/wp-includes/functions.php on line 6121
[11-Sep-2025 15:38:39 UTC] PHP Warning:  Undefined variable $whmc_svaevluft in /Users/asad-dc/Local Sites/stone-stomper/app/public/wp-content/plugins/mini-cart-for-woocommerce/inc/class-whmc_cart.php on line 205
[11-Sep-2025 15:38:39 UTC] PHP Deprecated:  html_entity_decode(): Passing null to parameter #1 ($string) of type string is deprecated in /Users/asad-dc/Local Sites/stone-stomper/app/public/wp-content/themes/stone-stomper/404.php on line 30
[11-Sep-2025 15:38:39 UTC] PHP Deprecated:  html_entity_decode(): Passing null to parameter #1 ($string) of type string is deprecated in /Users/asad-dc/Local Sites/stone-stomper/app/public/wp-content/themes/stone-stomper/404.php on line 32
[11-Sep-2025 15:38:39 UTC] PHP Warning:  Array to string conversion in /Users/asad-dc/Local Sites/stone-stomper/app/public/wp-includes/formatting.php on line 1096
[11-Sep-2025 15:38:43 UTC] PHP Notice:  wp_json_file_decode(): Error when decoding a JSON file at path /Users/asad-dc/Local Sites/stone-stomper/app/public/wp-content/themes/stone-stomper/theme.json: Syntax error in /Users/asad-dc/Local Sites/stone-stomper/app/public/wp-includes/functions.php on line 6121
[11-Sep-2025 15:38:43 UTC] PHP Notice:  wp_json_file_decode(): Error when decoding a JSON file at path /Users/asad-dc/Local Sites/stone-stomper/app/public/wp-content/themes/stone-stomper/theme.json: Syntax error in /Users/asad-dc/Local Sites/stone-stomper/app/public/wp-includes/functions.php on line 6121
[11-Sep-2025 15:38:43 UTC] PHP Warning:  Undefined variable $whmc_svaevluft in /Users/asad-dc/Local Sites/stone-stomper/app/public/wp-content/plugins/mini-cart-for-woocommerce/inc/class-whmc_cart.php on line 205
[11-Sep-2025 15:38:44 UTC] PHP Notice:  wp_json_file_decode(): Error when decoding a JSON file at path /Users/asad-dc/Local Sites/stone-stomper/app/public/wp-content/themes/stone-stomper/theme.json: Syntax error in /Users/asad-dc/Local Sites/stone-stomper/app/public/wp-includes/functions.php on line 6121
[11-Sep-2025 15:38:44 UTC] PHP Notice:  wp_json_file_decode(): Error when decoding a JSON file at path /Users/asad-dc/Local Sites/stone-stomper/app/public/wp-content/themes/stone-stomper/theme.json: Syntax error in /Users/asad-dc/Local Sites/stone-stomper/app/public/wp-includes/functions.php on line 6121
[11-Sep-2025 15:38:44 UTC] PHP Warning:  Undefined variable $whmc_svaevluft in /Users/asad-dc/Local Sites/stone-stomper/app/public/wp-content/plugins/mini-cart-for-woocommerce/inc/class-whmc_cart.php on line 205
[11-Sep-2025 15:38:44 UTC] PHP Deprecated:  html_entity_decode(): Passing null to parameter #1 ($string) of type string is deprecated in /Users/asad-dc/Local Sites/stone-stomper/app/public/wp-content/themes/stone-stomper/404.php on line 30
[11-Sep-2025 15:38:44 UTC] PHP Deprecated:  html_entity_decode(): Passing null to parameter #1 ($string) of type string is deprecated in /Users/asad-dc/Local Sites/stone-stomper/app/public/wp-content/themes/stone-stomper/404.php on line 32
[11-Sep-2025 15:40:38 UTC] PHP Notice:  wp_json_file_decode(): Error when decoding a JSON file at path /Users/asad-dc/Local Sites/stone-stomper/app/public/wp-content/themes/stone-stomper/theme.json: Syntax error in /Users/asad-dc/Local Sites/stone-stomper/app/public/wp-includes/functions.php on line 6121
[11-Sep-2025 15:40:38 UTC] PHP Notice:  wp_json_file_decode(): Error when decoding a JSON file at path /Users/asad-dc/Local Sites/stone-stomper/app/public/wp-content/themes/stone-stomper/theme.json: Syntax error in /Users/asad-dc/Local Sites/stone-stomper/app/public/wp-includes/functions.php on line 6121
[11-Sep-2025 15:40:38 UTC] PHP Warning:  Undefined variable $whmc_svaevluft in /Users/asad-dc/Local Sites/stone-stomper/app/public/wp-content/plugins/mini-cart-for-woocommerce/inc/class-whmc_cart.php on line 205
[11-Sep-2025 15:40:39 UTC] PHP Notice:  wp_json_file_decode(): Error when decoding a JSON file at path /Users/asad-dc/Local Sites/stone-stomper/app/public/wp-content/themes/stone-stomper/theme.json: Syntax error in /Users/asad-dc/Local Sites/stone-stomper/app/public/wp-includes/functions.php on line 6121
[11-Sep-2025 15:40:39 UTC] PHP Notice:  wp_json_file_decode(): Error when decoding a JSON file at path /Users/asad-dc/Local Sites/stone-stomper/app/public/wp-content/themes/stone-stomper/theme.json: Syntax error in /Users/asad-dc/Local Sites/stone-stomper/app/public/wp-includes/functions.php on line 6121
[11-Sep-2025 15:40:39 UTC] PHP Warning:  Undefined variable $whmc_svaevluft in /Users/asad-dc/Local Sites/stone-stomper/app/public/wp-content/plugins/mini-cart-for-woocommerce/inc/class-whmc_cart.php on line 205
[11-Sep-2025 15:40:39 UTC] PHP Deprecated:  html_entity_decode(): Passing null to parameter #1 ($string) of type string is deprecated in /Users/asad-dc/Local Sites/stone-stomper/app/public/wp-content/themes/stone-stomper/404.php on line 30
[11-Sep-2025 15:40:39 UTC] PHP Deprecated:  html_entity_decode(): Passing null to parameter #1 ($string) of type string is deprecated in /Users/asad-dc/Local Sites/stone-stomper/app/public/wp-content/themes/stone-stomper/404.php on line 32
[11-Sep-2025 15:44:35 UTC] owerewrew
[11-Sep-2025 15:44:35 UTC] PHP Notice:  wp_json_file_decode(): Error when decoding a JSON file at path /Users/asad-dc/Local Sites/stone-stomper/app/public/wp-content/themes/stone-stomper/theme.json: Syntax error in /Users/asad-dc/Local Sites/stone-stomper/app/public/wp-includes/functions.php on line 6121
[11-Sep-2025 15:44:35 UTC] PHP Notice:  wp_json_file_decode(): Error when decoding a JSON file at path /Users/asad-dc/Local Sites/stone-stomper/app/public/wp-content/themes/stone-stomper/theme.json: Syntax error in /Users/asad-dc/Local Sites/stone-stomper/app/public/wp-includes/functions.php on line 6121
[11-Sep-2025 15:44:35 UTC] PHP Warning:  Undefined variable $whmc_svaevluft in /Users/asad-dc/Local Sites/stone-stomper/app/public/wp-content/plugins/mini-cart-for-woocommerce/inc/class-whmc_cart.php on line 205
[11-Sep-2025 15:44:36 UTC] owerewrew
[11-Sep-2025 15:44:36 UTC] owerewrew
[11-Sep-2025 15:44:36 UTC] owerewrew
[11-Sep-2025 15:44:36 UTC] PHP Notice:  wp_json_file_decode(): Error when decoding a JSON file at path /Users/asad-dc/Local Sites/stone-stomper/app/public/wp-content/themes/stone-stomper/theme.json: Syntax error in /Users/asad-dc/Local Sites/stone-stomper/app/public/wp-includes/functions.php on line 6121
[11-Sep-2025 15:44:36 UTC] PHP Notice:  wp_json_file_decode(): Error when decoding a JSON file at path /Users/asad-dc/Local Sites/stone-stomper/app/public/wp-content/themes/stone-stomper/theme.json: Syntax error in /Users/asad-dc/Local Sites/stone-stomper/app/public/wp-includes/functions.php on line 6121
[11-Sep-2025 15:44:36 UTC] PHP Warning:  Undefined variable $whmc_svaevluft in /Users/asad-dc/Local Sites/stone-stomper/app/public/wp-content/plugins/mini-cart-for-woocommerce/inc/class-whmc_cart.php on line 205
[11-Sep-2025 15:44:36 UTC] PHP Deprecated:  html_entity_decode(): Passing null to parameter #1 ($string) of type string is deprecated in /Users/asad-dc/Local Sites/stone-stomper/app/public/wp-content/themes/stone-stomper/404.php on line 30
[11-Sep-2025 15:44:36 UTC] PHP Deprecated:  html_entity_decode(): Passing null to parameter #1 ($string) of type string is deprecated in /Users/asad-dc/Local Sites/stone-stomper/app/public/wp-content/themes/stone-stomper/404.php on line 32
[11-Sep-2025 15:44:58 UTC] owerewrew
[11-Sep-2025 15:44:58 UTC] PHP Notice:  wp_json_file_decode(): Error when decoding a JSON file at path /Users/asad-dc/Local Sites/stone-stomper/app/public/wp-content/themes/stone-stomper/theme.json: Syntax error in /Users/asad-dc/Local Sites/stone-stomper/app/public/wp-includes/functions.php on line 6121
[11-Sep-2025 15:44:58 UTC] PHP Notice:  wp_json_file_decode(): Error when decoding a JSON file at path /Users/asad-dc/Local Sites/stone-stomper/app/public/wp-content/themes/stone-stomper/theme.json: Syntax error in /Users/asad-dc/Local Sites/stone-stomper/app/public/wp-includes/functions.php on line 6121
[11-Sep-2025 15:44:58 UTC] PHP Warning:  Undefined variable $whmc_svaevluft in /Users/asad-dc/Local Sites/stone-stomper/app/public/wp-content/plugins/mini-cart-for-woocommerce/inc/class-whmc_cart.php on line 205
[11-Sep-2025 15:44:59 UTC] owerewrew
[11-Sep-2025 15:44:59 UTC] owerewrew
[11-Sep-2025 15:44:59 UTC] PHP Notice:  wp_json_file_decode(): Error when decoding a JSON file at path /Users/asad-dc/Local Sites/stone-stomper/app/public/wp-content/themes/stone-stomper/theme.json: Syntax error in /Users/asad-dc/Local Sites/stone-stomper/app/public/wp-includes/functions.php on line 6121
[11-Sep-2025 15:44:59 UTC] PHP Notice:  wp_json_file_decode(): Error when decoding a JSON file at path /Users/asad-dc/Local Sites/stone-stomper/app/public/wp-content/themes/stone-stomper/theme.json: Syntax error in /Users/asad-dc/Local Sites/stone-stomper/app/public/wp-includes/functions.php on line 6121
[11-Sep-2025 15:44:59 UTC] PHP Warning:  Undefined variable $whmc_svaevluft in /Users/asad-dc/Local Sites/stone-stomper/app/public/wp-content/plugins/mini-cart-for-woocommerce/inc/class-whmc_cart.php on line 205
[11-Sep-2025 15:44:59 UTC] PHP Deprecated:  html_entity_decode(): Passing null to parameter #1 ($string) of type string is deprecated in /Users/asad-dc/Local Sites/stone-stomper/app/public/wp-content/themes/stone-stomper/404.php on line 30
[11-Sep-2025 15:44:59 UTC] PHP Deprecated:  html_entity_decode(): Passing null to parameter #1 ($string) of type string is deprecated in /Users/asad-dc/Local Sites/stone-stomper/app/public/wp-content/themes/stone-stomper/404.php on line 32
[11-Sep-2025 15:45:05 UTC] PHP Notice:  wp_json_file_decode(): Error when decoding a JSON file at path /Users/asad-dc/Local Sites/stone-stomper/app/public/wp-content/themes/stone-stomper/theme.json: Syntax error in /Users/asad-dc/Local Sites/stone-stomper/app/public/wp-includes/functions.php on line 6121
[11-Sep-2025 15:45:05 UTC] PHP Notice:  wp_json_file_decode(): Error when decoding a JSON file at path /Users/asad-dc/Local Sites/stone-stomper/app/public/wp-content/themes/stone-stomper/theme.json: Syntax error in /Users/asad-dc/Local Sites/stone-stomper/app/public/wp-includes/functions.php on line 6121
[11-Sep-2025 15:45:05 UTC] PHP Warning:  Undefined variable $whmc_svaevluft in /Users/asad-dc/Local Sites/stone-stomper/app/public/wp-content/plugins/mini-cart-for-woocommerce/inc/class-whmc_cart.php on line 205
[11-Sep-2025 15:45:06 UTC] PHP Notice:  wp_json_file_decode(): Error when decoding a JSON file at path /Users/asad-dc/Local Sites/stone-stomper/app/public/wp-content/themes/stone-stomper/theme.json: Syntax error in /Users/asad-dc/Local Sites/stone-stomper/app/public/wp-includes/functions.php on line 6121
[11-Sep-2025 15:45:06 UTC] PHP Notice:  wp_json_file_decode(): Error when decoding a JSON file at path /Users/asad-dc/Local Sites/stone-stomper/app/public/wp-content/themes/stone-stomper/theme.json: Syntax error in /Users/asad-dc/Local Sites/stone-stomper/app/public/wp-includes/functions.php on line 6121
[11-Sep-2025 15:45:06 UTC] PHP Warning:  Undefined variable $whmc_svaevluft in /Users/asad-dc/Local Sites/stone-stomper/app/public/wp-content/plugins/mini-cart-for-woocommerce/inc/class-whmc_cart.php on line 205
[11-Sep-2025 15:45:06 UTC] PHP Deprecated:  html_entity_decode(): Passing null to parameter #1 ($string) of type string is deprecated in /Users/asad-dc/Local Sites/stone-stomper/app/public/wp-content/themes/stone-stomper/404.php on line 30
[11-Sep-2025 15:45:06 UTC] PHP Deprecated:  html_entity_decode(): Passing null to parameter #1 ($string) of type string is deprecated in /Users/asad-dc/Local Sites/stone-stomper/app/public/wp-content/themes/stone-stomper/404.php on line 32
[11-Sep-2025 15:45:14 UTC] PHP Notice:  wp_json_file_decode(): Error when decoding a JSON file at path /Users/asad-dc/Local Sites/stone-stomper/app/public/wp-content/themes/stone-stomper/theme.json: Syntax error in /Users/asad-dc/Local Sites/stone-stomper/app/public/wp-includes/functions.php on line 6121
[11-Sep-2025 15:45:14 UTC] PHP Notice:  wp_json_file_decode(): Error when decoding a JSON file at path /Users/asad-dc/Local Sites/stone-stomper/app/public/wp-content/themes/stone-stomper/theme.json: Syntax error in /Users/asad-dc/Local Sites/stone-stomper/app/public/wp-includes/functions.php on line 6121
[11-Sep-2025 15:45:14 UTC] PHP Warning:  Undefined variable $whmc_svaevluft in /Users/asad-dc/Local Sites/stone-stomper/app/public/wp-content/plugins/mini-cart-for-woocommerce/inc/class-whmc_cart.php on line 205
[11-Sep-2025 15:45:15 UTC] PHP Warning:  Undefined variable $child_terms in /Users/asad-dc/Local Sites/stone-stomper/app/public/wp-content/themes/stone-stomper/includes/classes/code/class-wp-theme-ajax.php on line 262
[11-Sep-2025 15:45:15 UTC] PHP Warning:  Undefined variable $year in /Users/asad-dc/Local Sites/stone-stomper/app/public/wp-content/themes/stone-stomper/includes/classes/code/class-wp-theme-ajax.php on line 265
[11-Sep-2025 15:45:15 UTC] PHP Notice:  wp_json_file_decode(): Error when decoding a JSON file at path /Users/asad-dc/Local Sites/stone-stomper/app/public/wp-content/themes/stone-stomper/theme.json: Syntax error in /Users/asad-dc/Local Sites/stone-stomper/app/public/wp-includes/functions.php on line 6121
[11-Sep-2025 15:45:15 UTC] PHP Notice:  wp_json_file_decode(): Error when decoding a JSON file at path /Users/asad-dc/Local Sites/stone-stomper/app/public/wp-content/themes/stone-stomper/theme.json: Syntax error in /Users/asad-dc/Local Sites/stone-stomper/app/public/wp-includes/functions.php on line 6121
[11-Sep-2025 15:45:15 UTC] PHP Warning:  Undefined variable $whmc_svaevluft in /Users/asad-dc/Local Sites/stone-stomper/app/public/wp-content/plugins/mini-cart-for-woocommerce/inc/class-whmc_cart.php on line 205
[11-Sep-2025 15:45:15 UTC] PHP Deprecated:  html_entity_decode(): Passing null to parameter #1 ($string) of type string is deprecated in /Users/asad-dc/Local Sites/stone-stomper/app/public/wp-content/themes/stone-stomper/404.php on line 30
[11-Sep-2025 15:45:15 UTC] PHP Deprecated:  html_entity_decode(): Passing null to parameter #1 ($string) of type string is deprecated in /Users/asad-dc/Local Sites/stone-stomper/app/public/wp-content/themes/stone-stomper/404.php on line 32
[11-Sep-2025 15:45:18 UTC] PHP Notice:  wp_json_file_decode(): Error when decoding a JSON file at path /Users/asad-dc/Local Sites/stone-stomper/app/public/wp-content/themes/stone-stomper/theme.json: Syntax error in /Users/asad-dc/Local Sites/stone-stomper/app/public/wp-includes/functions.php on line 6121
[11-Sep-2025 15:45:18 UTC] PHP Notice:  wp_json_file_decode(): Error when decoding a JSON file at path /Users/asad-dc/Local Sites/stone-stomper/app/public/wp-content/themes/stone-stomper/theme.json: Syntax error in /Users/asad-dc/Local Sites/stone-stomper/app/public/wp-includes/functions.php on line 6121
[11-Sep-2025 15:45:18 UTC] PHP Warning:  Undefined variable $whmc_svaevluft in /Users/asad-dc/Local Sites/stone-stomper/app/public/wp-content/plugins/mini-cart-for-woocommerce/inc/class-whmc_cart.php on line 205
[11-Sep-2025 15:45:19 UTC] PHP Warning:  Array to string conversion in /Users/asad-dc/Local Sites/stone-stomper/app/public/wp-includes/formatting.php on line 1096
[11-Sep-2025 15:45:19 UTC] PHP Notice:  wp_json_file_decode(): Error when decoding a JSON file at path /Users/asad-dc/Local Sites/stone-stomper/app/public/wp-content/themes/stone-stomper/theme.json: Syntax error in /Users/asad-dc/Local Sites/stone-stomper/app/public/wp-includes/functions.php on line 6121
[11-Sep-2025 15:45:19 UTC] PHP Notice:  wp_json_file_decode(): Error when decoding a JSON file at path /Users/asad-dc/Local Sites/stone-stomper/app/public/wp-content/themes/stone-stomper/theme.json: Syntax error in /Users/asad-dc/Local Sites/stone-stomper/app/public/wp-includes/functions.php on line 6121
[11-Sep-2025 15:45:19 UTC] PHP Warning:  Undefined variable $whmc_svaevluft in /Users/asad-dc/Local Sites/stone-stomper/app/public/wp-content/plugins/mini-cart-for-woocommerce/inc/class-whmc_cart.php on line 205
[11-Sep-2025 15:45:20 UTC] PHP Warning:  Array to string conversion in /Users/asad-dc/Local Sites/stone-stomper/app/public/wp-includes/formatting.php on line 1096
[11-Sep-2025 15:45:20 UTC] PHP Notice:  wp_json_file_decode(): Error when decoding a JSON file at path /Users/asad-dc/Local Sites/stone-stomper/app/public/wp-content/themes/stone-stomper/theme.json: Syntax error in /Users/asad-dc/Local Sites/stone-stomper/app/public/wp-includes/functions.php on line 6121
[11-Sep-2025 15:45:20 UTC] PHP Notice:  wp_json_file_decode(): Error when decoding a JSON file at path /Users/asad-dc/Local Sites/stone-stomper/app/public/wp-content/themes/stone-stomper/theme.json: Syntax error in /Users/asad-dc/Local Sites/stone-stomper/app/public/wp-includes/functions.php on line 6121
[11-Sep-2025 15:45:20 UTC] PHP Warning:  Undefined variable $whmc_svaevluft in /Users/asad-dc/Local Sites/stone-stomper/app/public/wp-content/plugins/mini-cart-for-woocommerce/inc/class-whmc_cart.php on line 205
[11-Sep-2025 15:45:20 UTC] PHP Deprecated:  html_entity_decode(): Passing null to parameter #1 ($string) of type string is deprecated in /Users/asad-dc/Local Sites/stone-stomper/app/public/wp-content/themes/stone-stomper/404.php on line 30
[11-Sep-2025 15:45:20 UTC] PHP Deprecated:  html_entity_decode(): Passing null to parameter #1 ($string) of type string is deprecated in /Users/asad-dc/Local Sites/stone-stomper/app/public/wp-content/themes/stone-stomper/404.php on line 32
[11-Sep-2025 15:45:20 UTC] PHP Warning:  Array to string conversion in /Users/asad-dc/Local Sites/stone-stomper/app/public/wp-includes/formatting.php on line 1096
[11-Sep-2025 15:45:21 UTC] PHP Notice:  wp_json_file_decode(): Error when decoding a JSON file at path /Users/asad-dc/Local Sites/stone-stomper/app/public/wp-content/themes/stone-stomper/theme.json: Syntax error in /Users/asad-dc/Local Sites/stone-stomper/app/public/wp-includes/functions.php on line 6121
[11-Sep-2025 15:45:21 UTC] PHP Notice:  wp_json_file_decode(): Error when decoding a JSON file at path /Users/asad-dc/Local Sites/stone-stomper/app/public/wp-content/themes/stone-stomper/theme.json: Syntax error in /Users/asad-dc/Local Sites/stone-stomper/app/public/wp-includes/functions.php on line 6121
[11-Sep-2025 15:45:21 UTC] PHP Warning:  Undefined variable $whmc_svaevluft in /Users/asad-dc/Local Sites/stone-stomper/app/public/wp-content/plugins/mini-cart-for-woocommerce/inc/class-whmc_cart.php on line 205
[11-Sep-2025 15:45:21 UTC] PHP Warning:  Array to string conversion in /Users/asad-dc/Local Sites/stone-stomper/app/public/wp-includes/formatting.php on line 1096
[11-Sep-2025 15:45:22 UTC] PHP Notice:  wp_json_file_decode(): Error when decoding a JSON file at path /Users/asad-dc/Local Sites/stone-stomper/app/public/wp-content/themes/stone-stomper/theme.json: Syntax error in /Users/asad-dc/Local Sites/stone-stomper/app/public/wp-includes/functions.php on line 6121
[11-Sep-2025 15:45:22 UTC] PHP Notice:  wp_json_file_decode(): Error when decoding a JSON file at path /Users/asad-dc/Local Sites/stone-stomper/app/public/wp-content/themes/stone-stomper/theme.json: Syntax error in /Users/asad-dc/Local Sites/stone-stomper/app/public/wp-includes/functions.php on line 6121
[11-Sep-2025 15:45:22 UTC] PHP Warning:  Undefined variable $whmc_svaevluft in /Users/asad-dc/Local Sites/stone-stomper/app/public/wp-content/plugins/mini-cart-for-woocommerce/inc/class-whmc_cart.php on line 205
[11-Sep-2025 15:45:22 UTC] PHP Deprecated:  html_entity_decode(): Passing null to parameter #1 ($string) of type string is deprecated in /Users/asad-dc/Local Sites/stone-stomper/app/public/wp-content/themes/stone-stomper/404.php on line 30
[11-Sep-2025 15:45:22 UTC] PHP Deprecated:  html_entity_decode(): Passing null to parameter #1 ($string) of type string is deprecated in /Users/asad-dc/Local Sites/stone-stomper/app/public/wp-content/themes/stone-stomper/404.php on line 32
[11-Sep-2025 15:45:22 UTC] PHP Warning:  Array to string conversion in /Users/asad-dc/Local Sites/stone-stomper/app/public/wp-includes/formatting.php on line 1096
[11-Sep-2025 15:45:35 UTC] PHP Notice:  wp_json_file_decode(): Error when decoding a JSON file at path /Users/asad-dc/Local Sites/stone-stomper/app/public/wp-content/themes/stone-stomper/theme.json: Syntax error in /Users/asad-dc/Local Sites/stone-stomper/app/public/wp-includes/functions.php on line 6121
[11-Sep-2025 15:45:35 UTC] PHP Notice:  wp_json_file_decode(): Error when decoding a JSON file at path /Users/asad-dc/Local Sites/stone-stomper/app/public/wp-content/themes/stone-stomper/theme.json: Syntax error in /Users/asad-dc/Local Sites/stone-stomper/app/public/wp-includes/functions.php on line 6121
[11-Sep-2025 15:45:35 UTC] PHP Warning:  Undefined variable $whmc_svaevluft in /Users/asad-dc/Local Sites/stone-stomper/app/public/wp-content/plugins/mini-cart-for-woocommerce/inc/class-whmc_cart.php on line 205
[11-Sep-2025 15:45:36 UTC] PHP Notice:  wp_json_file_decode(): Error when decoding a JSON file at path /Users/asad-dc/Local Sites/stone-stomper/app/public/wp-content/themes/stone-stomper/theme.json: Syntax error in /Users/asad-dc/Local Sites/stone-stomper/app/public/wp-includes/functions.php on line 6121
[11-Sep-2025 15:45:36 UTC] PHP Notice:  wp_json_file_decode(): Error when decoding a JSON file at path /Users/asad-dc/Local Sites/stone-stomper/app/public/wp-content/themes/stone-stomper/theme.json: Syntax error in /Users/asad-dc/Local Sites/stone-stomper/app/public/wp-includes/functions.php on line 6121
[11-Sep-2025 15:45:36 UTC] PHP Warning:  Undefined variable $whmc_svaevluft in /Users/asad-dc/Local Sites/stone-stomper/app/public/wp-content/plugins/mini-cart-for-woocommerce/inc/class-whmc_cart.php on line 205
[11-Sep-2025 15:45:36 UTC] PHP Deprecated:  html_entity_decode(): Passing null to parameter #1 ($string) of type string is deprecated in /Users/asad-dc/Local Sites/stone-stomper/app/public/wp-content/themes/stone-stomper/404.php on line 30
[11-Sep-2025 15:45:36 UTC] PHP Deprecated:  html_entity_decode(): Passing null to parameter #1 ($string) of type string is deprecated in /Users/asad-dc/Local Sites/stone-stomper/app/public/wp-content/themes/stone-stomper/404.php on line 32
[11-Sep-2025 15:45:52 UTC] PHP Notice:  wp_json_file_decode(): Error when decoding a JSON file at path /Users/asad-dc/Local Sites/stone-stomper/app/public/wp-content/themes/stone-stomper/theme.json: Syntax error in /Users/asad-dc/Local Sites/stone-stomper/app/public/wp-includes/functions.php on line 6121
[11-Sep-2025 15:45:52 UTC] PHP Notice:  wp_json_file_decode(): Error when decoding a JSON file at path /Users/asad-dc/Local Sites/stone-stomper/app/public/wp-content/themes/stone-stomper/theme.json: Syntax error in /Users/asad-dc/Local Sites/stone-stomper/app/public/wp-includes/functions.php on line 6121
[11-Sep-2025 15:45:52 UTC] PHP Warning:  Undefined variable $whmc_svaevluft in /Users/asad-dc/Local Sites/stone-stomper/app/public/wp-content/plugins/mini-cart-for-woocommerce/inc/class-whmc_cart.php on line 205
[11-Sep-2025 15:45:52 UTC] PHP Notice:  wp_json_file_decode(): Error when decoding a JSON file at path /Users/asad-dc/Local Sites/stone-stomper/app/public/wp-content/themes/stone-stomper/theme.json: Syntax error in /Users/asad-dc/Local Sites/stone-stomper/app/public/wp-includes/functions.php on line 6121
[11-Sep-2025 15:45:52 UTC] PHP Notice:  wp_json_file_decode(): Error when decoding a JSON file at path /Users/asad-dc/Local Sites/stone-stomper/app/public/wp-content/themes/stone-stomper/theme.json: Syntax error in /Users/asad-dc/Local Sites/stone-stomper/app/public/wp-includes/functions.php on line 6121
[11-Sep-2025 15:45:52 UTC] PHP Warning:  Undefined variable $whmc_svaevluft in /Users/asad-dc/Local Sites/stone-stomper/app/public/wp-content/plugins/mini-cart-for-woocommerce/inc/class-whmc_cart.php on line 205
[11-Sep-2025 15:45:53 UTC] PHP Notice:  wp_json_file_decode(): Error when decoding a JSON file at path /Users/asad-dc/Local Sites/stone-stomper/app/public/wp-content/themes/stone-stomper/theme.json: Syntax error in /Users/asad-dc/Local Sites/stone-stomper/app/public/wp-includes/functions.php on line 6121
[11-Sep-2025 15:45:53 UTC] PHP Notice:  wp_json_file_decode(): Error when decoding a JSON file at path /Users/asad-dc/Local Sites/stone-stomper/app/public/wp-content/themes/stone-stomper/theme.json: Syntax error in /Users/asad-dc/Local Sites/stone-stomper/app/public/wp-includes/functions.php on line 6121
[11-Sep-2025 15:45:53 UTC] PHP Warning:  Undefined variable $whmc_svaevluft in /Users/asad-dc/Local Sites/stone-stomper/app/public/wp-content/plugins/mini-cart-for-woocommerce/inc/class-whmc_cart.php on line 205
[11-Sep-2025 15:45:53 UTC] PHP Deprecated:  html_entity_decode(): Passing null to parameter #1 ($string) of type string is deprecated in /Users/asad-dc/Local Sites/stone-stomper/app/public/wp-content/themes/stone-stomper/404.php on line 30
[11-Sep-2025 15:45:53 UTC] PHP Deprecated:  html_entity_decode(): Passing null to parameter #1 ($string) of type string is deprecated in /Users/asad-dc/Local Sites/stone-stomper/app/public/wp-content/themes/stone-stomper/404.php on line 32
[11-Sep-2025 15:45:57 UTC] PHP Notice:  wp_json_file_decode(): Error when decoding a JSON file at path /Users/asad-dc/Local Sites/stone-stomper/app/public/wp-content/themes/stone-stomper/theme.json: Syntax error in /Users/asad-dc/Local Sites/stone-stomper/app/public/wp-includes/functions.php on line 6121
[11-Sep-2025 15:45:57 UTC] PHP Notice:  wp_json_file_decode(): Error when decoding a JSON file at path /Users/asad-dc/Local Sites/stone-stomper/app/public/wp-content/themes/stone-stomper/theme.json: Syntax error in /Users/asad-dc/Local Sites/stone-stomper/app/public/wp-includes/functions.php on line 6121
[11-Sep-2025 15:45:57 UTC] PHP Warning:  Undefined variable $whmc_svaevluft in /Users/asad-dc/Local Sites/stone-stomper/app/public/wp-content/plugins/mini-cart-for-woocommerce/inc/class-whmc_cart.php on line 205
[11-Sep-2025 15:45:57 UTC] PHP Warning:  Array to string conversion in /Users/asad-dc/Local Sites/stone-stomper/app/public/wp-includes/formatting.php on line 1096
[11-Sep-2025 15:45:58 UTC] PHP Notice:  wp_json_file_decode(): Error when decoding a JSON file at path /Users/asad-dc/Local Sites/stone-stomper/app/public/wp-content/themes/stone-stomper/theme.json: Syntax error in /Users/asad-dc/Local Sites/stone-stomper/app/public/wp-includes/functions.php on line 6121
[11-Sep-2025 15:45:58 UTC] PHP Notice:  wp_json_file_decode(): Error when decoding a JSON file at path /Users/asad-dc/Local Sites/stone-stomper/app/public/wp-content/themes/stone-stomper/theme.json: Syntax error in /Users/asad-dc/Local Sites/stone-stomper/app/public/wp-includes/functions.php on line 6121
[11-Sep-2025 15:45:58 UTC] PHP Warning:  Undefined variable $whmc_svaevluft in /Users/asad-dc/Local Sites/stone-stomper/app/public/wp-content/plugins/mini-cart-for-woocommerce/inc/class-whmc_cart.php on line 205
[11-Sep-2025 15:45:58 UTC] PHP Deprecated:  html_entity_decode(): Passing null to parameter #1 ($string) of type string is deprecated in /Users/asad-dc/Local Sites/stone-stomper/app/public/wp-content/themes/stone-stomper/404.php on line 30
[11-Sep-2025 15:45:58 UTC] PHP Deprecated:  html_entity_decode(): Passing null to parameter #1 ($string) of type string is deprecated in /Users/asad-dc/Local Sites/stone-stomper/app/public/wp-content/themes/stone-stomper/404.php on line 32
[11-Sep-2025 15:45:58 UTC] PHP Warning:  Array to string conversion in /Users/asad-dc/Local Sites/stone-stomper/app/public/wp-includes/formatting.php on line 1096
[11-Sep-2025 15:45:58 UTC] PHP Notice:  wp_json_file_decode(): Error when decoding a JSON file at path /Users/asad-dc/Local Sites/stone-stomper/app/public/wp-content/themes/stone-stomper/theme.json: Syntax error in /Users/asad-dc/Local Sites/stone-stomper/app/public/wp-includes/functions.php on line 6121
[11-Sep-2025 15:45:58 UTC] PHP Notice:  wp_json_file_decode(): Error when decoding a JSON file at path /Users/asad-dc/Local Sites/stone-stomper/app/public/wp-content/themes/stone-stomper/theme.json: Syntax error in /Users/asad-dc/Local Sites/stone-stomper/app/public/wp-includes/functions.php on line 6121
[11-Sep-2025 15:45:58 UTC] PHP Warning:  Undefined variable $whmc_svaevluft in /Users/asad-dc/Local Sites/stone-stomper/app/public/wp-content/plugins/mini-cart-for-woocommerce/inc/class-whmc_cart.php on line 205
[11-Sep-2025 15:45:59 UTC] PHP Warning:  Array to string conversion in /Users/asad-dc/Local Sites/stone-stomper/app/public/wp-includes/formatting.php on line 1096
[11-Sep-2025 15:45:59 UTC] PHP Notice:  wp_json_file_decode(): Error when decoding a JSON file at path /Users/asad-dc/Local Sites/stone-stomper/app/public/wp-content/themes/stone-stomper/theme.json: Syntax error in /Users/asad-dc/Local Sites/stone-stomper/app/public/wp-includes/functions.php on line 6121
[11-Sep-2025 15:45:59 UTC] PHP Notice:  wp_json_file_decode(): Error when decoding a JSON file at path /Users/asad-dc/Local Sites/stone-stomper/app/public/wp-content/themes/stone-stomper/theme.json: Syntax error in /Users/asad-dc/Local Sites/stone-stomper/app/public/wp-includes/functions.php on line 6121
[11-Sep-2025 15:45:59 UTC] PHP Warning:  Undefined variable $whmc_svaevluft in /Users/asad-dc/Local Sites/stone-stomper/app/public/wp-content/plugins/mini-cart-for-woocommerce/inc/class-whmc_cart.php on line 205
[11-Sep-2025 15:45:59 UTC] PHP Warning:  Array to string conversion in /Users/asad-dc/Local Sites/stone-stomper/app/public/wp-includes/formatting.php on line 1096
[11-Sep-2025 15:46:00 UTC] PHP Notice:  wp_json_file_decode(): Error when decoding a JSON file at path /Users/asad-dc/Local Sites/stone-stomper/app/public/wp-content/themes/stone-stomper/theme.json: Syntax error in /Users/asad-dc/Local Sites/stone-stomper/app/public/wp-includes/functions.php on line 6121
[11-Sep-2025 15:46:00 UTC] PHP Notice:  wp_json_file_decode(): Error when decoding a JSON file at path /Users/asad-dc/Local Sites/stone-stomper/app/public/wp-content/themes/stone-stomper/theme.json: Syntax error in /Users/asad-dc/Local Sites/stone-stomper/app/public/wp-includes/functions.php on line 6121
[11-Sep-2025 15:46:00 UTC] PHP Warning:  Undefined variable $whmc_svaevluft in /Users/asad-dc/Local Sites/stone-stomper/app/public/wp-content/plugins/mini-cart-for-woocommerce/inc/class-whmc_cart.php on line 205
[11-Sep-2025 15:46:00 UTC] PHP Deprecated:  html_entity_decode(): Passing null to parameter #1 ($string) of type string is deprecated in /Users/asad-dc/Local Sites/stone-stomper/app/public/wp-content/themes/stone-stomper/404.php on line 30
[11-Sep-2025 15:46:00 UTC] PHP Deprecated:  html_entity_decode(): Passing null to parameter #1 ($string) of type string is deprecated in /Users/asad-dc/Local Sites/stone-stomper/app/public/wp-content/themes/stone-stomper/404.php on line 32
[11-Sep-2025 15:46:00 UTC] PHP Warning:  Array to string conversion in /Users/asad-dc/Local Sites/stone-stomper/app/public/wp-includes/formatting.php on line 1096
[11-Sep-2025 15:46:01 UTC] PHP Notice:  wp_json_file_decode(): Error when decoding a JSON file at path /Users/asad-dc/Local Sites/stone-stomper/app/public/wp-content/themes/stone-stomper/theme.json: Syntax error in /Users/asad-dc/Local Sites/stone-stomper/app/public/wp-includes/functions.php on line 6121
[11-Sep-2025 15:46:01 UTC] PHP Notice:  wp_json_file_decode(): Error when decoding a JSON file at path /Users/asad-dc/Local Sites/stone-stomper/app/public/wp-content/themes/stone-stomper/theme.json: Syntax error in /Users/asad-dc/Local Sites/stone-stomper/app/public/wp-includes/functions.php on line 6121
[11-Sep-2025 15:46:01 UTC] PHP Warning:  Undefined variable $whmc_svaevluft in /Users/asad-dc/Local Sites/stone-stomper/app/public/wp-content/plugins/mini-cart-for-woocommerce/inc/class-whmc_cart.php on line 205
[11-Sep-2025 15:46:02 UTC] PHP Warning:  Array to string conversion in /Users/asad-dc/Local Sites/stone-stomper/app/public/wp-includes/formatting.php on line 1096
[11-Sep-2025 15:46:03 UTC] PHP Notice:  wp_json_file_decode(): Error when decoding a JSON file at path /Users/asad-dc/Local Sites/stone-stomper/app/public/wp-content/themes/stone-stomper/theme.json: Syntax error in /Users/asad-dc/Local Sites/stone-stomper/app/public/wp-includes/functions.php on line 6121
[11-Sep-2025 15:46:03 UTC] PHP Notice:  wp_json_file_decode(): Error when decoding a JSON file at path /Users/asad-dc/Local Sites/stone-stomper/app/public/wp-content/themes/stone-stomper/theme.json: Syntax error in /Users/asad-dc/Local Sites/stone-stomper/app/public/wp-includes/functions.php on line 6121
[11-Sep-2025 15:46:03 UTC] PHP Warning:  Undefined variable $whmc_svaevluft in /Users/asad-dc/Local Sites/stone-stomper/app/public/wp-content/plugins/mini-cart-for-woocommerce/inc/class-whmc_cart.php on line 205
[11-Sep-2025 15:46:03 UTC] PHP Deprecated:  html_entity_decode(): Passing null to parameter #1 ($string) of type string is deprecated in /Users/asad-dc/Local Sites/stone-stomper/app/public/wp-content/themes/stone-stomper/404.php on line 30
[11-Sep-2025 15:46:03 UTC] PHP Deprecated:  html_entity_decode(): Passing null to parameter #1 ($string) of type string is deprecated in /Users/asad-dc/Local Sites/stone-stomper/app/public/wp-content/themes/stone-stomper/404.php on line 32
[11-Sep-2025 15:46:03 UTC] PHP Warning:  Array to string conversion in /Users/asad-dc/Local Sites/stone-stomper/app/public/wp-includes/formatting.php on line 1096
[11-Sep-2025 16:01:18 UTC] PHP Notice:  wp_json_file_decode(): Error when decoding a JSON file at path /Users/asad-dc/Local Sites/stone-stomper/app/public/wp-content/themes/stone-stomper/theme.json: Syntax error in /Users/asad-dc/Local Sites/stone-stomper/app/public/wp-includes/functions.php on line 6121
[11-Sep-2025 16:01:18 UTC] PHP Notice:  wp_json_file_decode(): Error when decoding a JSON file at path /Users/asad-dc/Local Sites/stone-stomper/app/public/wp-content/themes/stone-stomper/theme.json: Syntax error in /Users/asad-dc/Local Sites/stone-stomper/app/public/wp-includes/functions.php on line 6121
[11-Sep-2025 16:01:18 UTC] PHP Warning:  Undefined variable $whmc_svaevluft in /Users/asad-dc/Local Sites/stone-stomper/app/public/wp-content/plugins/mini-cart-for-woocommerce/inc/class-whmc_cart.php on line 205
[11-Sep-2025 16:01:18 UTC] PHP Warning:  Array to string conversion in /Users/asad-dc/Local Sites/stone-stomper/app/public/wp-includes/formatting.php on line 1096
[11-Sep-2025 16:01:20 UTC] PHP Notice:  wp_json_file_decode(): Error when decoding a JSON file at path /Users/asad-dc/Local Sites/stone-stomper/app/public/wp-content/themes/stone-stomper/theme.json: Syntax error in /Users/asad-dc/Local Sites/stone-stomper/app/public/wp-includes/functions.php on line 6121
[11-Sep-2025 16:01:20 UTC] PHP Notice:  wp_json_file_decode(): Error when decoding a JSON file at path /Users/asad-dc/Local Sites/stone-stomper/app/public/wp-content/themes/stone-stomper/theme.json: Syntax error in /Users/asad-dc/Local Sites/stone-stomper/app/public/wp-includes/functions.php on line 6121
[11-Sep-2025 16:01:20 UTC] PHP Warning:  Undefined variable $whmc_svaevluft in /Users/asad-dc/Local Sites/stone-stomper/app/public/wp-content/plugins/mini-cart-for-woocommerce/inc/class-whmc_cart.php on line 205
[11-Sep-2025 16:01:20 UTC] PHP Deprecated:  html_entity_decode(): Passing null to parameter #1 ($string) of type string is deprecated in /Users/asad-dc/Local Sites/stone-stomper/app/public/wp-content/themes/stone-stomper/404.php on line 30
[11-Sep-2025 16:01:20 UTC] PHP Deprecated:  html_entity_decode(): Passing null to parameter #1 ($string) of type string is deprecated in /Users/asad-dc/Local Sites/stone-stomper/app/public/wp-content/themes/stone-stomper/404.php on line 32
[11-Sep-2025 16:01:20 UTC] PHP Warning:  Array to string conversion in /Users/asad-dc/Local Sites/stone-stomper/app/public/wp-includes/formatting.php on line 1096
[11-Sep-2025 16:01:27 UTC] PHP Notice:  wp_json_file_decode(): Error when decoding a JSON file at path /Users/asad-dc/Local Sites/stone-stomper/app/public/wp-content/themes/stone-stomper/theme.json: Syntax error in /Users/asad-dc/Local Sites/stone-stomper/app/public/wp-includes/functions.php on line 6121
[11-Sep-2025 16:01:27 UTC] PHP Notice:  wp_json_file_decode(): Error when decoding a JSON file at path /Users/asad-dc/Local Sites/stone-stomper/app/public/wp-content/themes/stone-stomper/theme.json: Syntax error in /Users/asad-dc/Local Sites/stone-stomper/app/public/wp-includes/functions.php on line 6121
[11-Sep-2025 16:01:27 UTC] PHP Warning:  Undefined variable $whmc_svaevluft in /Users/asad-dc/Local Sites/stone-stomper/app/public/wp-content/plugins/mini-cart-for-woocommerce/inc/class-whmc_cart.php on line 205
[11-Sep-2025 16:01:27 UTC] PHP Deprecated:  html_entity_decode(): Passing null to parameter #1 ($string) of type string is deprecated in /Users/asad-dc/Local Sites/stone-stomper/app/public/wp-content/themes/stone-stomper/404.php on line 30
[11-Sep-2025 16:01:27 UTC] PHP Deprecated:  html_entity_decode(): Passing null to parameter #1 ($string) of type string is deprecated in /Users/asad-dc/Local Sites/stone-stomper/app/public/wp-content/themes/stone-stomper/404.php on line 32
[11-Sep-2025 16:01:27 UTC] PHP Warning:  Array to string conversion in /Users/asad-dc/Local Sites/stone-stomper/app/public/wp-includes/formatting.php on line 1096
[11-Sep-2025 16:01:29 UTC] PHP Notice:  wp_json_file_decode(): Error when decoding a JSON file at path /Users/asad-dc/Local Sites/stone-stomper/app/public/wp-content/themes/stone-stomper/theme.json: Syntax error in /Users/asad-dc/Local Sites/stone-stomper/app/public/wp-includes/functions.php on line 6121
[11-Sep-2025 16:01:29 UTC] PHP Notice:  wp_json_file_decode(): Error when decoding a JSON file at path /Users/asad-dc/Local Sites/stone-stomper/app/public/wp-content/themes/stone-stomper/theme.json: Syntax error in /Users/asad-dc/Local Sites/stone-stomper/app/public/wp-includes/functions.php on line 6121
[11-Sep-2025 16:01:29 UTC] PHP Warning:  Undefined variable $whmc_svaevluft in /Users/asad-dc/Local Sites/stone-stomper/app/public/wp-content/plugins/mini-cart-for-woocommerce/inc/class-whmc_cart.php on line 205
[11-Sep-2025 16:01:29 UTC] PHP Deprecated:  html_entity_decode(): Passing null to parameter #1 ($string) of type string is deprecated in /Users/asad-dc/Local Sites/stone-stomper/app/public/wp-content/themes/stone-stomper/404.php on line 30
[11-Sep-2025 16:01:29 UTC] PHP Deprecated:  html_entity_decode(): Passing null to parameter #1 ($string) of type string is deprecated in /Users/asad-dc/Local Sites/stone-stomper/app/public/wp-content/themes/stone-stomper/404.php on line 32
[11-Sep-2025 16:01:29 UTC] PHP Warning:  Array to string conversion in /Users/asad-dc/Local Sites/stone-stomper/app/public/wp-includes/formatting.php on line 1096
[11-Sep-2025 16:01:55 UTC] PHP Notice:  wp_json_file_decode(): Error when decoding a JSON file at path /Users/asad-dc/Local Sites/stone-stomper/app/public/wp-content/themes/stone-stomper/theme.json: Syntax error in /Users/asad-dc/Local Sites/stone-stomper/app/public/wp-includes/functions.php on line 6121
[11-Sep-2025 16:01:55 UTC] PHP Notice:  wp_json_file_decode(): Error when decoding a JSON file at path /Users/asad-dc/Local Sites/stone-stomper/app/public/wp-content/themes/stone-stomper/theme.json: Syntax error in /Users/asad-dc/Local Sites/stone-stomper/app/public/wp-includes/functions.php on line 6121
[11-Sep-2025 16:01:55 UTC] PHP Warning:  Undefined variable $whmc_svaevluft in /Users/asad-dc/Local Sites/stone-stomper/app/public/wp-content/plugins/mini-cart-for-woocommerce/inc/class-whmc_cart.php on line 205
[11-Sep-2025 16:01:56 UTC] PHP Notice:  wp_json_file_decode(): Error when decoding a JSON file at path /Users/asad-dc/Local Sites/stone-stomper/app/public/wp-content/themes/stone-stomper/theme.json: Syntax error in /Users/asad-dc/Local Sites/stone-stomper/app/public/wp-includes/functions.php on line 6121
[11-Sep-2025 16:01:56 UTC] PHP Notice:  wp_json_file_decode(): Error when decoding a JSON file at path /Users/asad-dc/Local Sites/stone-stomper/app/public/wp-content/themes/stone-stomper/theme.json: Syntax error in /Users/asad-dc/Local Sites/stone-stomper/app/public/wp-includes/functions.php on line 6121
[11-Sep-2025 16:01:56 UTC] PHP Warning:  Undefined variable $whmc_svaevluft in /Users/asad-dc/Local Sites/stone-stomper/app/public/wp-content/plugins/mini-cart-for-woocommerce/inc/class-whmc_cart.php on line 205
[11-Sep-2025 16:01:56 UTC] PHP Deprecated:  html_entity_decode(): Passing null to parameter #1 ($string) of type string is deprecated in /Users/asad-dc/Local Sites/stone-stomper/app/public/wp-content/themes/stone-stomper/404.php on line 30
[11-Sep-2025 16:01:56 UTC] PHP Deprecated:  html_entity_decode(): Passing null to parameter #1 ($string) of type string is deprecated in /Users/asad-dc/Local Sites/stone-stomper/app/public/wp-content/themes/stone-stomper/404.php on line 32
[11-Sep-2025 16:01:56 UTC] PHP Notice:  wp_json_file_decode(): Error when decoding a JSON file at path /Users/asad-dc/Local Sites/stone-stomper/app/public/wp-content/themes/stone-stomper/theme.json: Syntax error in /Users/asad-dc/Local Sites/stone-stomper/app/public/wp-includes/functions.php on line 6121
[11-Sep-2025 16:01:56 UTC] PHP Notice:  wp_json_file_decode(): Error when decoding a JSON file at path /Users/asad-dc/Local Sites/stone-stomper/app/public/wp-content/themes/stone-stomper/theme.json: Syntax error in /Users/asad-dc/Local Sites/stone-stomper/app/public/wp-includes/functions.php on line 6121
[11-Sep-2025 16:01:56 UTC] PHP Warning:  Undefined variable $whmc_svaevluft in /Users/asad-dc/Local Sites/stone-stomper/app/public/wp-content/plugins/mini-cart-for-woocommerce/inc/class-whmc_cart.php on line 205
[11-Sep-2025 16:01:57 UTC] PHP Notice:  wp_json_file_decode(): Error when decoding a JSON file at path /Users/asad-dc/Local Sites/stone-stomper/app/public/wp-content/themes/stone-stomper/theme.json: Syntax error in /Users/asad-dc/Local Sites/stone-stomper/app/public/wp-includes/functions.php on line 6121
[11-Sep-2025 16:01:57 UTC] PHP Notice:  wp_json_file_decode(): Error when decoding a JSON file at path /Users/asad-dc/Local Sites/stone-stomper/app/public/wp-content/themes/stone-stomper/theme.json: Syntax error in /Users/asad-dc/Local Sites/stone-stomper/app/public/wp-includes/functions.php on line 6121
[11-Sep-2025 16:01:57 UTC] PHP Warning:  Undefined variable $whmc_svaevluft in /Users/asad-dc/Local Sites/stone-stomper/app/public/wp-content/plugins/mini-cart-for-woocommerce/inc/class-whmc_cart.php on line 205
[11-Sep-2025 16:01:57 UTC] PHP Deprecated:  html_entity_decode(): Passing null to parameter #1 ($string) of type string is deprecated in /Users/asad-dc/Local Sites/stone-stomper/app/public/wp-content/themes/stone-stomper/404.php on line 30
[11-Sep-2025 16:01:57 UTC] PHP Deprecated:  html_entity_decode(): Passing null to parameter #1 ($string) of type string is deprecated in /Users/asad-dc/Local Sites/stone-stomper/app/public/wp-content/themes/stone-stomper/404.php on line 32
[11-Sep-2025 16:02:05 UTC] PHP Notice:  wp_json_file_decode(): Error when decoding a JSON file at path /Users/asad-dc/Local Sites/stone-stomper/app/public/wp-content/themes/stone-stomper/theme.json: Syntax error in /Users/asad-dc/Local Sites/stone-stomper/app/public/wp-includes/functions.php on line 6121
[11-Sep-2025 16:02:05 UTC] PHP Notice:  wp_json_file_decode(): Error when decoding a JSON file at path /Users/asad-dc/Local Sites/stone-stomper/app/public/wp-content/themes/stone-stomper/theme.json: Syntax error in /Users/asad-dc/Local Sites/stone-stomper/app/public/wp-includes/functions.php on line 6121
[11-Sep-2025 16:02:05 UTC] PHP Warning:  Undefined variable $whmc_svaevluft in /Users/asad-dc/Local Sites/stone-stomper/app/public/wp-content/plugins/mini-cart-for-woocommerce/inc/class-whmc_cart.php on line 205
[11-Sep-2025 16:02:06 UTC] PHP Notice:  wp_json_file_decode(): Error when decoding a JSON file at path /Users/asad-dc/Local Sites/stone-stomper/app/public/wp-content/themes/stone-stomper/theme.json: Syntax error in /Users/asad-dc/Local Sites/stone-stomper/app/public/wp-includes/functions.php on line 6121
[11-Sep-2025 16:02:06 UTC] PHP Notice:  wp_json_file_decode(): Error when decoding a JSON file at path /Users/asad-dc/Local Sites/stone-stomper/app/public/wp-content/themes/stone-stomper/theme.json: Syntax error in /Users/asad-dc/Local Sites/stone-stomper/app/public/wp-includes/functions.php on line 6121
[11-Sep-2025 16:02:06 UTC] PHP Notice:  wp_json_file_decode(): Error when decoding a JSON file at path /Users/asad-dc/Local Sites/stone-stomper/app/public/wp-content/themes/stone-stomper/theme.json: Syntax error in /Users/asad-dc/Local Sites/stone-stomper/app/public/wp-includes/functions.php on line 6121
[11-Sep-2025 16:02:06 UTC] PHP Warning:  Undefined variable $whmc_svaevluft in /Users/asad-dc/Local Sites/stone-stomper/app/public/wp-content/plugins/mini-cart-for-woocommerce/inc/class-whmc_cart.php on line 205
[11-Sep-2025 16:02:06 UTC] PHP Notice:  wp_json_file_decode(): Error when decoding a JSON file at path /Users/asad-dc/Local Sites/stone-stomper/app/public/wp-content/themes/stone-stomper/theme.json: Syntax error in /Users/asad-dc/Local Sites/stone-stomper/app/public/wp-includes/functions.php on line 6121
[11-Sep-2025 16:02:06 UTC] PHP Deprecated:  html_entity_decode(): Passing null to parameter #1 ($string) of type string is deprecated in /Users/asad-dc/Local Sites/stone-stomper/app/public/wp-content/themes/stone-stomper/404.php on line 30
[11-Sep-2025 16:02:06 UTC] PHP Deprecated:  html_entity_decode(): Passing null to parameter #1 ($string) of type string is deprecated in /Users/asad-dc/Local Sites/stone-stomper/app/public/wp-content/themes/stone-stomper/404.php on line 32
[11-Sep-2025 16:02:06 UTC] PHP Warning:  Undefined variable $whmc_svaevluft in /Users/asad-dc/Local Sites/stone-stomper/app/public/wp-content/plugins/mini-cart-for-woocommerce/inc/class-whmc_cart.php on line 205
[11-Sep-2025 16:02:06 UTC] PHP Deprecated:  html_entity_decode(): Passing null to parameter #1 ($string) of type string is deprecated in /Users/asad-dc/Local Sites/stone-stomper/app/public/wp-content/themes/stone-stomper/404.php on line 30
[11-Sep-2025 16:02:06 UTC] PHP Deprecated:  html_entity_decode(): Passing null to parameter #1 ($string) of type string is deprecated in /Users/asad-dc/Local Sites/stone-stomper/app/public/wp-content/themes/stone-stomper/404.php on line 32
[11-Sep-2025 16:02:07 UTC] PHP Notice:  wp_json_file_decode(): Error when decoding a JSON file at path /Users/asad-dc/Local Sites/stone-stomper/app/public/wp-content/themes/stone-stomper/theme.json: Syntax error in /Users/asad-dc/Local Sites/stone-stomper/app/public/wp-includes/functions.php on line 6121
[11-Sep-2025 16:02:07 UTC] PHP Notice:  wp_json_file_decode(): Error when decoding a JSON file at path /Users/asad-dc/Local Sites/stone-stomper/app/public/wp-content/themes/stone-stomper/theme.json: Syntax error in /Users/asad-dc/Local Sites/stone-stomper/app/public/wp-includes/functions.php on line 6121
[11-Sep-2025 16:02:07 UTC] PHP Warning:  Undefined variable $whmc_svaevluft in /Users/asad-dc/Local Sites/stone-stomper/app/public/wp-content/plugins/mini-cart-for-woocommerce/inc/class-whmc_cart.php on line 205
[11-Sep-2025 16:02:07 UTC] PHP Deprecated:  html_entity_decode(): Passing null to parameter #1 ($string) of type string is deprecated in /Users/asad-dc/Local Sites/stone-stomper/app/public/wp-content/themes/stone-stomper/404.php on line 30
[11-Sep-2025 16:02:07 UTC] PHP Deprecated:  html_entity_decode(): Passing null to parameter #1 ($string) of type string is deprecated in /Users/asad-dc/Local Sites/stone-stomper/app/public/wp-content/themes/stone-stomper/404.php on line 32
[11-Sep-2025 16:02:12 UTC] PHP Notice:  wp_json_file_decode(): Error when decoding a JSON file at path /Users/asad-dc/Local Sites/stone-stomper/app/public/wp-content/themes/stone-stomper/theme.json: Syntax error in /Users/asad-dc/Local Sites/stone-stomper/app/public/wp-includes/functions.php on line 6121
[11-Sep-2025 16:02:12 UTC] PHP Notice:  wp_json_file_decode(): Error when decoding a JSON file at path /Users/asad-dc/Local Sites/stone-stomper/app/public/wp-content/themes/stone-stomper/theme.json: Syntax error in /Users/asad-dc/Local Sites/stone-stomper/app/public/wp-includes/functions.php on line 6121
[11-Sep-2025 16:02:12 UTC] PHP Warning:  Undefined variable $whmc_svaevluft in /Users/asad-dc/Local Sites/stone-stomper/app/public/wp-content/plugins/mini-cart-for-woocommerce/inc/class-whmc_cart.php on line 205
[11-Sep-2025 16:02:13 UTC] PHP Notice:  wp_json_file_decode(): Error when decoding a JSON file at path /Users/asad-dc/Local Sites/stone-stomper/app/public/wp-content/themes/stone-stomper/theme.json: Syntax error in /Users/asad-dc/Local Sites/stone-stomper/app/public/wp-includes/functions.php on line 6121
[11-Sep-2025 16:02:13 UTC] PHP Notice:  wp_json_file_decode(): Error when decoding a JSON file at path /Users/asad-dc/Local Sites/stone-stomper/app/public/wp-content/themes/stone-stomper/theme.json: Syntax error in /Users/asad-dc/Local Sites/stone-stomper/app/public/wp-includes/functions.php on line 6121
[11-Sep-2025 16:02:13 UTC] PHP Warning:  Undefined variable $whmc_svaevluft in /Users/asad-dc/Local Sites/stone-stomper/app/public/wp-content/plugins/mini-cart-for-woocommerce/inc/class-whmc_cart.php on line 205
[11-Sep-2025 16:02:13 UTC] PHP Deprecated:  html_entity_decode(): Passing null to parameter #1 ($string) of type string is deprecated in /Users/asad-dc/Local Sites/stone-stomper/app/public/wp-content/themes/stone-stomper/404.php on line 30
[11-Sep-2025 16:02:13 UTC] PHP Deprecated:  html_entity_decode(): Passing null to parameter #1 ($string) of type string is deprecated in /Users/asad-dc/Local Sites/stone-stomper/app/public/wp-content/themes/stone-stomper/404.php on line 32
[11-Sep-2025 16:02:13 UTC] PHP Warning:  Array to string conversion in /Users/asad-dc/Local Sites/stone-stomper/app/public/wp-includes/formatting.php on line 1096
[11-Sep-2025 16:02:13 UTC] PHP Warning:  Array to string conversion in /Users/asad-dc/Local Sites/stone-stomper/app/public/wp-includes/formatting.php on line 1096
[11-Sep-2025 16:02:13 UTC] PHP Notice:  wp_json_file_decode(): Error when decoding a JSON file at path /Users/asad-dc/Local Sites/stone-stomper/app/public/wp-content/themes/stone-stomper/theme.json: Syntax error in /Users/asad-dc/Local Sites/stone-stomper/app/public/wp-includes/functions.php on line 6121
[11-Sep-2025 16:02:13 UTC] PHP Notice:  wp_json_file_decode(): Error when decoding a JSON file at path /Users/asad-dc/Local Sites/stone-stomper/app/public/wp-content/themes/stone-stomper/theme.json: Syntax error in /Users/asad-dc/Local Sites/stone-stomper/app/public/wp-includes/functions.php on line 6121
[11-Sep-2025 16:02:13 UTC] PHP Warning:  Undefined variable $whmc_svaevluft in /Users/asad-dc/Local Sites/stone-stomper/app/public/wp-content/plugins/mini-cart-for-woocommerce/inc/class-whmc_cart.php on line 205
[11-Sep-2025 16:02:13 UTC] PHP Warning:  Array to string conversion in /Users/asad-dc/Local Sites/stone-stomper/app/public/wp-includes/formatting.php on line 1096
[11-Sep-2025 16:02:14 UTC] PHP Notice:  wp_json_file_decode(): Error when decoding a JSON file at path /Users/asad-dc/Local Sites/stone-stomper/app/public/wp-content/themes/stone-stomper/theme.json: Syntax error in /Users/asad-dc/Local Sites/stone-stomper/app/public/wp-includes/functions.php on line 6121
[11-Sep-2025 16:02:14 UTC] PHP Notice:  wp_json_file_decode(): Error when decoding a JSON file at path /Users/asad-dc/Local Sites/stone-stomper/app/public/wp-content/themes/stone-stomper/theme.json: Syntax error in /Users/asad-dc/Local Sites/stone-stomper/app/public/wp-includes/functions.php on line 6121
[11-Sep-2025 16:02:14 UTC] PHP Warning:  Undefined variable $whmc_svaevluft in /Users/asad-dc/Local Sites/stone-stomper/app/public/wp-content/plugins/mini-cart-for-woocommerce/inc/class-whmc_cart.php on line 205
[11-Sep-2025 16:02:14 UTC] PHP Deprecated:  html_entity_decode(): Passing null to parameter #1 ($string) of type string is deprecated in /Users/asad-dc/Local Sites/stone-stomper/app/public/wp-content/themes/stone-stomper/404.php on line 30
[11-Sep-2025 16:02:14 UTC] PHP Deprecated:  html_entity_decode(): Passing null to parameter #1 ($string) of type string is deprecated in /Users/asad-dc/Local Sites/stone-stomper/app/public/wp-content/themes/stone-stomper/404.php on line 32
[11-Sep-2025 16:02:14 UTC] PHP Warning:  Array to string conversion in /Users/asad-dc/Local Sites/stone-stomper/app/public/wp-includes/formatting.php on line 1096
[11-Sep-2025 16:02:14 UTC] PHP Notice:  wp_json_file_decode(): Error when decoding a JSON file at path /Users/asad-dc/Local Sites/stone-stomper/app/public/wp-content/themes/stone-stomper/theme.json: Syntax error in /Users/asad-dc/Local Sites/stone-stomper/app/public/wp-includes/functions.php on line 6121
[11-Sep-2025 16:02:14 UTC] PHP Notice:  wp_json_file_decode(): Error when decoding a JSON file at path /Users/asad-dc/Local Sites/stone-stomper/app/public/wp-content/themes/stone-stomper/theme.json: Syntax error in /Users/asad-dc/Local Sites/stone-stomper/app/public/wp-includes/functions.php on line 6121
[11-Sep-2025 16:02:14 UTC] PHP Warning:  Undefined variable $whmc_svaevluft in /Users/asad-dc/Local Sites/stone-stomper/app/public/wp-content/plugins/mini-cart-for-woocommerce/inc/class-whmc_cart.php on line 205
[11-Sep-2025 16:02:14 UTC] PHP Warning:  Array to string conversion in /Users/asad-dc/Local Sites/stone-stomper/app/public/wp-includes/formatting.php on line 1096
[11-Sep-2025 16:02:15 UTC] PHP Notice:  wp_json_file_decode(): Error when decoding a JSON file at path /Users/asad-dc/Local Sites/stone-stomper/app/public/wp-content/themes/stone-stomper/theme.json: Syntax error in /Users/asad-dc/Local Sites/stone-stomper/app/public/wp-includes/functions.php on line 6121
[11-Sep-2025 16:02:15 UTC] PHP Notice:  wp_json_file_decode(): Error when decoding a JSON file at path /Users/asad-dc/Local Sites/stone-stomper/app/public/wp-content/themes/stone-stomper/theme.json: Syntax error in /Users/asad-dc/Local Sites/stone-stomper/app/public/wp-includes/functions.php on line 6121
[11-Sep-2025 16:02:15 UTC] PHP Warning:  Undefined variable $whmc_svaevluft in /Users/asad-dc/Local Sites/stone-stomper/app/public/wp-content/plugins/mini-cart-for-woocommerce/inc/class-whmc_cart.php on line 205
[11-Sep-2025 16:02:15 UTC] PHP Deprecated:  html_entity_decode(): Passing null to parameter #1 ($string) of type string is deprecated in /Users/asad-dc/Local Sites/stone-stomper/app/public/wp-content/themes/stone-stomper/404.php on line 30
[11-Sep-2025 16:02:15 UTC] PHP Deprecated:  html_entity_decode(): Passing null to parameter #1 ($string) of type string is deprecated in /Users/asad-dc/Local Sites/stone-stomper/app/public/wp-content/themes/stone-stomper/404.php on line 32
[11-Sep-2025 16:02:15 UTC] PHP Warning:  Array to string conversion in /Users/asad-dc/Local Sites/stone-stomper/app/public/wp-includes/formatting.php on line 1096
[11-Sep-2025 16:02:16 UTC] PHP Notice:  wp_json_file_decode(): Error when decoding a JSON file at path /Users/asad-dc/Local Sites/stone-stomper/app/public/wp-content/themes/stone-stomper/theme.json: Syntax error in /Users/asad-dc/Local Sites/stone-stomper/app/public/wp-includes/functions.php on line 6121
[11-Sep-2025 16:02:16 UTC] PHP Notice:  wp_json_file_decode(): Error when decoding a JSON file at path /Users/asad-dc/Local Sites/stone-stomper/app/public/wp-content/themes/stone-stomper/theme.json: Syntax error in /Users/asad-dc/Local Sites/stone-stomper/app/public/wp-includes/functions.php on line 6121
[11-Sep-2025 16:02:16 UTC] PHP Warning:  Undefined variable $whmc_svaevluft in /Users/asad-dc/Local Sites/stone-stomper/app/public/wp-content/plugins/mini-cart-for-woocommerce/inc/class-whmc_cart.php on line 205
[11-Sep-2025 16:02:16 UTC] PHP Deprecated:  html_entity_decode(): Passing null to parameter #1 ($string) of type string is deprecated in /Users/asad-dc/Local Sites/stone-stomper/app/public/wp-content/themes/stone-stomper/404.php on line 30
[11-Sep-2025 16:02:16 UTC] PHP Deprecated:  html_entity_decode(): Passing null to parameter #1 ($string) of type string is deprecated in /Users/asad-dc/Local Sites/stone-stomper/app/public/wp-content/themes/stone-stomper/404.php on line 32
[11-Sep-2025 16:02:16 UTC] PHP Warning:  Array to string conversion in /Users/asad-dc/Local Sites/stone-stomper/app/public/wp-includes/formatting.php on line 1096
[11-Sep-2025 16:02:17 UTC] PHP Notice:  wp_json_file_decode(): Error when decoding a JSON file at path /Users/asad-dc/Local Sites/stone-stomper/app/public/wp-content/themes/stone-stomper/theme.json: Syntax error in /Users/asad-dc/Local Sites/stone-stomper/app/public/wp-includes/functions.php on line 6121
[11-Sep-2025 16:02:17 UTC] PHP Notice:  wp_json_file_decode(): Error when decoding a JSON file at path /Users/asad-dc/Local Sites/stone-stomper/app/public/wp-content/themes/stone-stomper/theme.json: Syntax error in /Users/asad-dc/Local Sites/stone-stomper/app/public/wp-includes/functions.php on line 6121
[11-Sep-2025 16:02:17 UTC] PHP Warning:  Undefined variable $whmc_svaevluft in /Users/asad-dc/Local Sites/stone-stomper/app/public/wp-content/plugins/mini-cart-for-woocommerce/inc/class-whmc_cart.php on line 205
[11-Sep-2025 16:02:17 UTC] PHP Warning:  Array to string conversion in /Users/asad-dc/Local Sites/stone-stomper/app/public/wp-includes/formatting.php on line 1096
[11-Sep-2025 16:02:18 UTC] PHP Notice:  wp_json_file_decode(): Error when decoding a JSON file at path /Users/asad-dc/Local Sites/stone-stomper/app/public/wp-content/themes/stone-stomper/theme.json: Syntax error in /Users/asad-dc/Local Sites/stone-stomper/app/public/wp-includes/functions.php on line 6121
[11-Sep-2025 16:02:18 UTC] PHP Notice:  wp_json_file_decode(): Error when decoding a JSON file at path /Users/asad-dc/Local Sites/stone-stomper/app/public/wp-content/themes/stone-stomper/theme.json: Syntax error in /Users/asad-dc/Local Sites/stone-stomper/app/public/wp-includes/functions.php on line 6121
[11-Sep-2025 16:02:18 UTC] PHP Notice:  wp_json_file_decode(): Error when decoding a JSON file at path /Users/asad-dc/Local Sites/stone-stomper/app/public/wp-content/themes/stone-stomper/theme.json: Syntax error in /Users/asad-dc/Local Sites/stone-stomper/app/public/wp-includes/functions.php on line 6121
[11-Sep-2025 16:02:18 UTC] PHP Warning:  Undefined variable $whmc_svaevluft in /Users/asad-dc/Local Sites/stone-stomper/app/public/wp-content/plugins/mini-cart-for-woocommerce/inc/class-whmc_cart.php on line 205
[11-Sep-2025 16:02:18 UTC] PHP Notice:  wp_json_file_decode(): Error when decoding a JSON file at path /Users/asad-dc/Local Sites/stone-stomper/app/public/wp-content/themes/stone-stomper/theme.json: Syntax error in /Users/asad-dc/Local Sites/stone-stomper/app/public/wp-includes/functions.php on line 6121
[11-Sep-2025 16:02:18 UTC] PHP Deprecated:  html_entity_decode(): Passing null to parameter #1 ($string) of type string is deprecated in /Users/asad-dc/Local Sites/stone-stomper/app/public/wp-content/themes/stone-stomper/404.php on line 30
[11-Sep-2025 16:02:18 UTC] PHP Deprecated:  html_entity_decode(): Passing null to parameter #1 ($string) of type string is deprecated in /Users/asad-dc/Local Sites/stone-stomper/app/public/wp-content/themes/stone-stomper/404.php on line 32
[11-Sep-2025 16:02:18 UTC] PHP Warning:  Undefined variable $whmc_svaevluft in /Users/asad-dc/Local Sites/stone-stomper/app/public/wp-content/plugins/mini-cart-for-woocommerce/inc/class-whmc_cart.php on line 205
[11-Sep-2025 16:02:18 UTC] PHP Warning:  Array to string conversion in /Users/asad-dc/Local Sites/stone-stomper/app/public/wp-includes/formatting.php on line 1096
[11-Sep-2025 16:02:18 UTC] PHP Deprecated:  html_entity_decode(): Passing null to parameter #1 ($string) of type string is deprecated in /Users/asad-dc/Local Sites/stone-stomper/app/public/wp-content/themes/stone-stomper/404.php on line 30
[11-Sep-2025 16:02:18 UTC] PHP Deprecated:  html_entity_decode(): Passing null to parameter #1 ($string) of type string is deprecated in /Users/asad-dc/Local Sites/stone-stomper/app/public/wp-content/themes/stone-stomper/404.php on line 32
[11-Sep-2025 16:02:18 UTC] PHP Warning:  Array to string conversion in /Users/asad-dc/Local Sites/stone-stomper/app/public/wp-includes/formatting.php on line 1096
[11-Sep-2025 16:02:20 UTC] PHP Notice:  wp_json_file_decode(): Error when decoding a JSON file at path /Users/asad-dc/Local Sites/stone-stomper/app/public/wp-content/themes/stone-stomper/theme.json: Syntax error in /Users/asad-dc/Local Sites/stone-stomper/app/public/wp-includes/functions.php on line 6121
[11-Sep-2025 16:02:20 UTC] PHP Notice:  wp_json_file_decode(): Error when decoding a JSON file at path /Users/asad-dc/Local Sites/stone-stomper/app/public/wp-content/themes/stone-stomper/theme.json: Syntax error in /Users/asad-dc/Local Sites/stone-stomper/app/public/wp-includes/functions.php on line 6121
[11-Sep-2025 16:02:20 UTC] PHP Warning:  Undefined variable $whmc_svaevluft in /Users/asad-dc/Local Sites/stone-stomper/app/public/wp-content/plugins/mini-cart-for-woocommerce/inc/class-whmc_cart.php on line 205
[11-Sep-2025 16:02:20 UTC] PHP Deprecated:  html_entity_decode(): Passing null to parameter #1 ($string) of type string is deprecated in /Users/asad-dc/Local Sites/stone-stomper/app/public/wp-content/themes/stone-stomper/404.php on line 30
[11-Sep-2025 16:02:20 UTC] PHP Deprecated:  html_entity_decode(): Passing null to parameter #1 ($string) of type string is deprecated in /Users/asad-dc/Local Sites/stone-stomper/app/public/wp-content/themes/stone-stomper/404.php on line 32
[11-Sep-2025 16:02:20 UTC] PHP Warning:  Array to string conversion in /Users/asad-dc/Local Sites/stone-stomper/app/public/wp-includes/formatting.php on line 1096
[11-Sep-2025 16:02:32 UTC] PHP Notice:  wp_json_file_decode(): Error when decoding a JSON file at path /Users/asad-dc/Local Sites/stone-stomper/app/public/wp-content/themes/stone-stomper/theme.json: Syntax error in /Users/asad-dc/Local Sites/stone-stomper/app/public/wp-includes/functions.php on line 6121
[11-Sep-2025 16:02:32 UTC] PHP Notice:  wp_json_file_decode(): Error when decoding a JSON file at path /Users/asad-dc/Local Sites/stone-stomper/app/public/wp-content/themes/stone-stomper/theme.json: Syntax error in /Users/asad-dc/Local Sites/stone-stomper/app/public/wp-includes/functions.php on line 6121
[11-Sep-2025 16:02:32 UTC] PHP Warning:  Undefined variable $whmc_svaevluft in /Users/asad-dc/Local Sites/stone-stomper/app/public/wp-content/plugins/mini-cart-for-woocommerce/inc/class-whmc_cart.php on line 205
[11-Sep-2025 16:02:32 UTC] PHP Notice:  wp_json_file_decode(): Error when decoding a JSON file at path /Users/asad-dc/Local Sites/stone-stomper/app/public/wp-content/themes/stone-stomper/theme.json: Syntax error in /Users/asad-dc/Local Sites/stone-stomper/app/public/wp-includes/functions.php on line 6121
[11-Sep-2025 16:02:32 UTC] PHP Notice:  wp_json_file_decode(): Error when decoding a JSON file at path /Users/asad-dc/Local Sites/stone-stomper/app/public/wp-content/themes/stone-stomper/theme.json: Syntax error in /Users/asad-dc/Local Sites/stone-stomper/app/public/wp-includes/functions.php on line 6121
[11-Sep-2025 16:02:33 UTC] PHP Warning:  Undefined variable $whmc_svaevluft in /Users/asad-dc/Local Sites/stone-stomper/app/public/wp-content/plugins/mini-cart-for-woocommerce/inc/class-whmc_cart.php on line 205
[11-Sep-2025 16:02:33 UTC] PHP Deprecated:  html_entity_decode(): Passing null to parameter #1 ($string) of type string is deprecated in /Users/asad-dc/Local Sites/stone-stomper/app/public/wp-content/themes/stone-stomper/404.php on line 30
[11-Sep-2025 16:02:33 UTC] PHP Deprecated:  html_entity_decode(): Passing null to parameter #1 ($string) of type string is deprecated in /Users/asad-dc/Local Sites/stone-stomper/app/public/wp-content/themes/stone-stomper/404.php on line 32
[11-Sep-2025 16:02:33 UTC] PHP Notice:  wp_json_file_decode(): Error when decoding a JSON file at path /Users/asad-dc/Local Sites/stone-stomper/app/public/wp-content/themes/stone-stomper/theme.json: Syntax error in /Users/asad-dc/Local Sites/stone-stomper/app/public/wp-includes/functions.php on line 6121
[11-Sep-2025 16:02:33 UTC] PHP Notice:  wp_json_file_decode(): Error when decoding a JSON file at path /Users/asad-dc/Local Sites/stone-stomper/app/public/wp-content/themes/stone-stomper/theme.json: Syntax error in /Users/asad-dc/Local Sites/stone-stomper/app/public/wp-includes/functions.php on line 6121
[11-Sep-2025 16:02:33 UTC] PHP Warning:  Undefined variable $whmc_svaevluft in /Users/asad-dc/Local Sites/stone-stomper/app/public/wp-content/plugins/mini-cart-for-woocommerce/inc/class-whmc_cart.php on line 205
[11-Sep-2025 16:02:34 UTC] PHP Notice:  wp_json_file_decode(): Error when decoding a JSON file at path /Users/asad-dc/Local Sites/stone-stomper/app/public/wp-content/themes/stone-stomper/theme.json: Syntax error in /Users/asad-dc/Local Sites/stone-stomper/app/public/wp-includes/functions.php on line 6121
[11-Sep-2025 16:02:34 UTC] PHP Notice:  wp_json_file_decode(): Error when decoding a JSON file at path /Users/asad-dc/Local Sites/stone-stomper/app/public/wp-content/themes/stone-stomper/theme.json: Syntax error in /Users/asad-dc/Local Sites/stone-stomper/app/public/wp-includes/functions.php on line 6121
[11-Sep-2025 16:02:34 UTC] PHP Warning:  Undefined variable $whmc_svaevluft in /Users/asad-dc/Local Sites/stone-stomper/app/public/wp-content/plugins/mini-cart-for-woocommerce/inc/class-whmc_cart.php on line 205
[11-Sep-2025 16:02:34 UTC] PHP Deprecated:  html_entity_decode(): Passing null to parameter #1 ($string) of type string is deprecated in /Users/asad-dc/Local Sites/stone-stomper/app/public/wp-content/themes/stone-stomper/404.php on line 30
[11-Sep-2025 16:02:34 UTC] PHP Deprecated:  html_entity_decode(): Passing null to parameter #1 ($string) of type string is deprecated in /Users/asad-dc/Local Sites/stone-stomper/app/public/wp-content/themes/stone-stomper/404.php on line 32
[11-Sep-2025 16:02:35 UTC] PHP Notice:  wp_json_file_decode(): Error when decoding a JSON file at path /Users/asad-dc/Local Sites/stone-stomper/app/public/wp-content/themes/stone-stomper/theme.json: Syntax error in /Users/asad-dc/Local Sites/stone-stomper/app/public/wp-includes/functions.php on line 6121
[11-Sep-2025 16:02:35 UTC] PHP Notice:  wp_json_file_decode(): Error when decoding a JSON file at path /Users/asad-dc/Local Sites/stone-stomper/app/public/wp-content/themes/stone-stomper/theme.json: Syntax error in /Users/asad-dc/Local Sites/stone-stomper/app/public/wp-includes/functions.php on line 6121
[11-Sep-2025 16:02:35 UTC] PHP Warning:  Undefined variable $whmc_svaevluft in /Users/asad-dc/Local Sites/stone-stomper/app/public/wp-content/plugins/mini-cart-for-woocommerce/inc/class-whmc_cart.php on line 205
[11-Sep-2025 16:02:36 UTC] PHP Notice:  wp_json_file_decode(): Error when decoding a JSON file at path /Users/asad-dc/Local Sites/stone-stomper/app/public/wp-content/themes/stone-stomper/theme.json: Syntax error in /Users/asad-dc/Local Sites/stone-stomper/app/public/wp-includes/functions.php on line 6121
[11-Sep-2025 16:02:36 UTC] PHP Notice:  wp_json_file_decode(): Error when decoding a JSON file at path /Users/asad-dc/Local Sites/stone-stomper/app/public/wp-content/themes/stone-stomper/theme.json: Syntax error in /Users/asad-dc/Local Sites/stone-stomper/app/public/wp-includes/functions.php on line 6121
[11-Sep-2025 16:02:36 UTC] PHP Warning:  Undefined variable $whmc_svaevluft in /Users/asad-dc/Local Sites/stone-stomper/app/public/wp-content/plugins/mini-cart-for-woocommerce/inc/class-whmc_cart.php on line 205
[11-Sep-2025 16:02:36 UTC] PHP Deprecated:  html_entity_decode(): Passing null to parameter #1 ($string) of type string is deprecated in /Users/asad-dc/Local Sites/stone-stomper/app/public/wp-content/themes/stone-stomper/404.php on line 30
[11-Sep-2025 16:02:36 UTC] PHP Deprecated:  html_entity_decode(): Passing null to parameter #1 ($string) of type string is deprecated in /Users/asad-dc/Local Sites/stone-stomper/app/public/wp-content/themes/stone-stomper/404.php on line 32
[11-Sep-2025 16:02:36 UTC] PHP Notice:  wp_json_file_decode(): Error when decoding a JSON file at path /Users/asad-dc/Local Sites/stone-stomper/app/public/wp-content/themes/stone-stomper/theme.json: Syntax error in /Users/asad-dc/Local Sites/stone-stomper/app/public/wp-includes/functions.php on line 6121
[11-Sep-2025 16:02:36 UTC] PHP Notice:  wp_json_file_decode(): Error when decoding a JSON file at path /Users/asad-dc/Local Sites/stone-stomper/app/public/wp-content/themes/stone-stomper/theme.json: Syntax error in /Users/asad-dc/Local Sites/stone-stomper/app/public/wp-includes/functions.php on line 6121
[11-Sep-2025 16:02:36 UTC] PHP Warning:  Undefined variable $whmc_svaevluft in /Users/asad-dc/Local Sites/stone-stomper/app/public/wp-content/plugins/mini-cart-for-woocommerce/inc/class-whmc_cart.php on line 205
[11-Sep-2025 16:02:36 UTC] PHP Deprecated:  html_entity_decode(): Passing null to parameter #1 ($string) of type string is deprecated in /Users/asad-dc/Local Sites/stone-stomper/app/public/wp-content/themes/stone-stomper/404.php on line 30
[11-Sep-2025 16:02:36 UTC] PHP Deprecated:  html_entity_decode(): Passing null to parameter #1 ($string) of type string is deprecated in /Users/asad-dc/Local Sites/stone-stomper/app/public/wp-content/themes/stone-stomper/404.php on line 32
[11-Sep-2025 16:02:38 UTC] PHP Notice:  wp_json_file_decode(): Error when decoding a JSON file at path /Users/asad-dc/Local Sites/stone-stomper/app/public/wp-content/themes/stone-stomper/theme.json: Syntax error in /Users/asad-dc/Local Sites/stone-stomper/app/public/wp-includes/functions.php on line 6121
[11-Sep-2025 16:02:38 UTC] PHP Notice:  wp_json_file_decode(): Error when decoding a JSON file at path /Users/asad-dc/Local Sites/stone-stomper/app/public/wp-content/themes/stone-stomper/theme.json: Syntax error in /Users/asad-dc/Local Sites/stone-stomper/app/public/wp-includes/functions.php on line 6121
[11-Sep-2025 16:02:38 UTC] PHP Warning:  Undefined variable $whmc_svaevluft in /Users/asad-dc/Local Sites/stone-stomper/app/public/wp-content/plugins/mini-cart-for-woocommerce/inc/class-whmc_cart.php on line 205
[11-Sep-2025 16:02:38 UTC] PHP Deprecated:  html_entity_decode(): Passing null to parameter #1 ($string) of type string is deprecated in /Users/asad-dc/Local Sites/stone-stomper/app/public/wp-content/themes/stone-stomper/404.php on line 30
[11-Sep-2025 16:02:38 UTC] PHP Deprecated:  html_entity_decode(): Passing null to parameter #1 ($string) of type string is deprecated in /Users/asad-dc/Local Sites/stone-stomper/app/public/wp-content/themes/stone-stomper/404.php on line 32
[11-Sep-2025 16:02:44 UTC] PHP Notice:  wp_json_file_decode(): Error when decoding a JSON file at path /Users/asad-dc/Local Sites/stone-stomper/app/public/wp-content/themes/stone-stomper/theme.json: Syntax error in /Users/asad-dc/Local Sites/stone-stomper/app/public/wp-includes/functions.php on line 6121
[11-Sep-2025 16:02:44 UTC] PHP Notice:  wp_json_file_decode(): Error when decoding a JSON file at path /Users/asad-dc/Local Sites/stone-stomper/app/public/wp-content/themes/stone-stomper/theme.json: Syntax error in /Users/asad-dc/Local Sites/stone-stomper/app/public/wp-includes/functions.php on line 6121
[11-Sep-2025 16:02:44 UTC] PHP Warning:  Undefined variable $whmc_svaevluft in /Users/asad-dc/Local Sites/stone-stomper/app/public/wp-content/plugins/mini-cart-for-woocommerce/inc/class-whmc_cart.php on line 205
[11-Sep-2025 16:02:44 UTC] PHP Notice:  wp_json_file_decode(): Error when decoding a JSON file at path /Users/asad-dc/Local Sites/stone-stomper/app/public/wp-content/themes/stone-stomper/theme.json: Syntax error in /Users/asad-dc/Local Sites/stone-stomper/app/public/wp-includes/functions.php on line 6121
[11-Sep-2025 16:02:44 UTC] PHP Notice:  wp_json_file_decode(): Error when decoding a JSON file at path /Users/asad-dc/Local Sites/stone-stomper/app/public/wp-content/themes/stone-stomper/theme.json: Syntax error in /Users/asad-dc/Local Sites/stone-stomper/app/public/wp-includes/functions.php on line 6121
[11-Sep-2025 16:02:44 UTC] PHP Warning:  Undefined variable $whmc_svaevluft in /Users/asad-dc/Local Sites/stone-stomper/app/public/wp-content/plugins/mini-cart-for-woocommerce/inc/class-whmc_cart.php on line 205
[11-Sep-2025 16:02:44 UTC] PHP Deprecated:  html_entity_decode(): Passing null to parameter #1 ($string) of type string is deprecated in /Users/asad-dc/Local Sites/stone-stomper/app/public/wp-content/themes/stone-stomper/404.php on line 30
[11-Sep-2025 16:02:44 UTC] PHP Deprecated:  html_entity_decode(): Passing null to parameter #1 ($string) of type string is deprecated in /Users/asad-dc/Local Sites/stone-stomper/app/public/wp-content/themes/stone-stomper/404.php on line 32
[11-Sep-2025 16:02:44 UTC] PHP Warning:  Array to string conversion in /Users/asad-dc/Local Sites/stone-stomper/app/public/wp-includes/formatting.php on line 1096
[11-Sep-2025 16:02:44 UTC] PHP Warning:  Array to string conversion in /Users/asad-dc/Local Sites/stone-stomper/app/public/wp-includes/formatting.php on line 1096
[11-Sep-2025 16:02:44 UTC] PHP Notice:  wp_json_file_decode(): Error when decoding a JSON file at path /Users/asad-dc/Local Sites/stone-stomper/app/public/wp-content/themes/stone-stomper/theme.json: Syntax error in /Users/asad-dc/Local Sites/stone-stomper/app/public/wp-includes/functions.php on line 6121
[11-Sep-2025 16:02:44 UTC] PHP Notice:  wp_json_file_decode(): Error when decoding a JSON file at path /Users/asad-dc/Local Sites/stone-stomper/app/public/wp-content/themes/stone-stomper/theme.json: Syntax error in /Users/asad-dc/Local Sites/stone-stomper/app/public/wp-includes/functions.php on line 6121
[11-Sep-2025 16:02:44 UTC] PHP Warning:  Undefined variable $whmc_svaevluft in /Users/asad-dc/Local Sites/stone-stomper/app/public/wp-content/plugins/mini-cart-for-woocommerce/inc/class-whmc_cart.php on line 205
[11-Sep-2025 16:02:44 UTC] PHP Warning:  Array to string conversion in /Users/asad-dc/Local Sites/stone-stomper/app/public/wp-includes/formatting.php on line 1096
[11-Sep-2025 16:02:45 UTC] PHP Notice:  wp_json_file_decode(): Error when decoding a JSON file at path /Users/asad-dc/Local Sites/stone-stomper/app/public/wp-content/themes/stone-stomper/theme.json: Syntax error in /Users/asad-dc/Local Sites/stone-stomper/app/public/wp-includes/functions.php on line 6121
[11-Sep-2025 16:02:45 UTC] PHP Notice:  wp_json_file_decode(): Error when decoding a JSON file at path /Users/asad-dc/Local Sites/stone-stomper/app/public/wp-content/themes/stone-stomper/theme.json: Syntax error in /Users/asad-dc/Local Sites/stone-stomper/app/public/wp-includes/functions.php on line 6121
[11-Sep-2025 16:02:45 UTC] PHP Warning:  Undefined variable $whmc_svaevluft in /Users/asad-dc/Local Sites/stone-stomper/app/public/wp-content/plugins/mini-cart-for-woocommerce/inc/class-whmc_cart.php on line 205
[11-Sep-2025 16:02:45 UTC] PHP Deprecated:  html_entity_decode(): Passing null to parameter #1 ($string) of type string is deprecated in /Users/asad-dc/Local Sites/stone-stomper/app/public/wp-content/themes/stone-stomper/404.php on line 30
[11-Sep-2025 16:02:45 UTC] PHP Deprecated:  html_entity_decode(): Passing null to parameter #1 ($string) of type string is deprecated in /Users/asad-dc/Local Sites/stone-stomper/app/public/wp-content/themes/stone-stomper/404.php on line 32
[11-Sep-2025 16:02:45 UTC] PHP Notice:  wp_json_file_decode(): Error when decoding a JSON file at path /Users/asad-dc/Local Sites/stone-stomper/app/public/wp-content/themes/stone-stomper/theme.json: Syntax error in /Users/asad-dc/Local Sites/stone-stomper/app/public/wp-includes/functions.php on line 6121
[11-Sep-2025 16:02:45 UTC] PHP Notice:  wp_json_file_decode(): Error when decoding a JSON file at path /Users/asad-dc/Local Sites/stone-stomper/app/public/wp-content/themes/stone-stomper/theme.json: Syntax error in /Users/asad-dc/Local Sites/stone-stomper/app/public/wp-includes/functions.php on line 6121
[11-Sep-2025 16:02:45 UTC] PHP Warning:  Array to string conversion in /Users/asad-dc/Local Sites/stone-stomper/app/public/wp-includes/formatting.php on line 1096
[11-Sep-2025 16:02:45 UTC] PHP Warning:  Undefined variable $whmc_svaevluft in /Users/asad-dc/Local Sites/stone-stomper/app/public/wp-content/plugins/mini-cart-for-woocommerce/inc/class-whmc_cart.php on line 205
[11-Sep-2025 16:02:45 UTC] PHP Deprecated:  html_entity_decode(): Passing null to parameter #1 ($string) of type string is deprecated in /Users/asad-dc/Local Sites/stone-stomper/app/public/wp-content/themes/stone-stomper/404.php on line 30
[11-Sep-2025 16:02:45 UTC] PHP Deprecated:  html_entity_decode(): Passing null to parameter #1 ($string) of type string is deprecated in /Users/asad-dc/Local Sites/stone-stomper/app/public/wp-content/themes/stone-stomper/404.php on line 32
[11-Sep-2025 16:02:46 UTC] PHP Warning:  Array to string conversion in /Users/asad-dc/Local Sites/stone-stomper/app/public/wp-includes/formatting.php on line 1096
[11-Sep-2025 16:02:47 UTC] PHP Notice:  wp_json_file_decode(): Error when decoding a JSON file at path /Users/asad-dc/Local Sites/stone-stomper/app/public/wp-content/themes/stone-stomper/theme.json: Syntax error in /Users/asad-dc/Local Sites/stone-stomper/app/public/wp-includes/functions.php on line 6121
[11-Sep-2025 16:02:47 UTC] PHP Notice:  wp_json_file_decode(): Error when decoding a JSON file at path /Users/asad-dc/Local Sites/stone-stomper/app/public/wp-content/themes/stone-stomper/theme.json: Syntax error in /Users/asad-dc/Local Sites/stone-stomper/app/public/wp-includes/functions.php on line 6121
[11-Sep-2025 16:02:47 UTC] PHP Warning:  Undefined variable $whmc_svaevluft in /Users/asad-dc/Local Sites/stone-stomper/app/public/wp-content/plugins/mini-cart-for-woocommerce/inc/class-whmc_cart.php on line 205
[11-Sep-2025 16:02:47 UTC] PHP Deprecated:  html_entity_decode(): Passing null to parameter #1 ($string) of type string is deprecated in /Users/asad-dc/Local Sites/stone-stomper/app/public/wp-content/themes/stone-stomper/404.php on line 30
[11-Sep-2025 16:02:47 UTC] PHP Deprecated:  html_entity_decode(): Passing null to parameter #1 ($string) of type string is deprecated in /Users/asad-dc/Local Sites/stone-stomper/app/public/wp-content/themes/stone-stomper/404.php on line 32
[11-Sep-2025 16:02:47 UTC] PHP Warning:  Array to string conversion in /Users/asad-dc/Local Sites/stone-stomper/app/public/wp-includes/formatting.php on line 1096
[11-Sep-2025 16:02:49 UTC] PHP Notice:  wp_json_file_decode(): Error when decoding a JSON file at path /Users/asad-dc/Local Sites/stone-stomper/app/public/wp-content/themes/stone-stomper/theme.json: Syntax error in /Users/asad-dc/Local Sites/stone-stomper/app/public/wp-includes/functions.php on line 6121
[11-Sep-2025 16:02:49 UTC] PHP Notice:  wp_json_file_decode(): Error when decoding a JSON file at path /Users/asad-dc/Local Sites/stone-stomper/app/public/wp-content/themes/stone-stomper/theme.json: Syntax error in /Users/asad-dc/Local Sites/stone-stomper/app/public/wp-includes/functions.php on line 6121
[11-Sep-2025 16:02:49 UTC] PHP Warning:  Undefined variable $whmc_svaevluft in /Users/asad-dc/Local Sites/stone-stomper/app/public/wp-content/plugins/mini-cart-for-woocommerce/inc/class-whmc_cart.php on line 205
[11-Sep-2025 16:02:49 UTC] PHP Warning:  Array to string conversion in /Users/asad-dc/Local Sites/stone-stomper/app/public/wp-includes/formatting.php on line 1096
[11-Sep-2025 16:02:50 UTC] PHP Notice:  wp_json_file_decode(): Error when decoding a JSON file at path /Users/asad-dc/Local Sites/stone-stomper/app/public/wp-content/themes/stone-stomper/theme.json: Syntax error in /Users/asad-dc/Local Sites/stone-stomper/app/public/wp-includes/functions.php on line 6121
[11-Sep-2025 16:02:50 UTC] PHP Notice:  wp_json_file_decode(): Error when decoding a JSON file at path /Users/asad-dc/Local Sites/stone-stomper/app/public/wp-content/themes/stone-stomper/theme.json: Syntax error in /Users/asad-dc/Local Sites/stone-stomper/app/public/wp-includes/functions.php on line 6121
[11-Sep-2025 16:02:50 UTC] PHP Warning:  Undefined variable $whmc_svaevluft in /Users/asad-dc/Local Sites/stone-stomper/app/public/wp-content/plugins/mini-cart-for-woocommerce/inc/class-whmc_cart.php on line 205
[11-Sep-2025 16:02:50 UTC] PHP Deprecated:  html_entity_decode(): Passing null to parameter #1 ($string) of type string is deprecated in /Users/asad-dc/Local Sites/stone-stomper/app/public/wp-content/themes/stone-stomper/404.php on line 30
[11-Sep-2025 16:02:50 UTC] PHP Deprecated:  html_entity_decode(): Passing null to parameter #1 ($string) of type string is deprecated in /Users/asad-dc/Local Sites/stone-stomper/app/public/wp-content/themes/stone-stomper/404.php on line 32
[11-Sep-2025 16:02:50 UTC] PHP Warning:  Array to string conversion in /Users/asad-dc/Local Sites/stone-stomper/app/public/wp-includes/formatting.php on line 1096
[11-Sep-2025 16:02:50 UTC] PHP Notice:  wp_json_file_decode(): Error when decoding a JSON file at path /Users/asad-dc/Local Sites/stone-stomper/app/public/wp-content/themes/stone-stomper/theme.json: Syntax error in /Users/asad-dc/Local Sites/stone-stomper/app/public/wp-includes/functions.php on line 6121
[11-Sep-2025 16:02:50 UTC] PHP Notice:  wp_json_file_decode(): Error when decoding a JSON file at path /Users/asad-dc/Local Sites/stone-stomper/app/public/wp-content/themes/stone-stomper/theme.json: Syntax error in /Users/asad-dc/Local Sites/stone-stomper/app/public/wp-includes/functions.php on line 6121
[11-Sep-2025 16:02:50 UTC] PHP Warning:  Undefined variable $whmc_svaevluft in /Users/asad-dc/Local Sites/stone-stomper/app/public/wp-content/plugins/mini-cart-for-woocommerce/inc/class-whmc_cart.php on line 205
[11-Sep-2025 16:02:50 UTC] PHP Deprecated:  html_entity_decode(): Passing null to parameter #1 ($string) of type string is deprecated in /Users/asad-dc/Local Sites/stone-stomper/app/public/wp-content/themes/stone-stomper/404.php on line 30
[11-Sep-2025 16:02:50 UTC] PHP Deprecated:  html_entity_decode(): Passing null to parameter #1 ($string) of type string is deprecated in /Users/asad-dc/Local Sites/stone-stomper/app/public/wp-content/themes/stone-stomper/404.php on line 32
[11-Sep-2025 16:02:50 UTC] PHP Warning:  Array to string conversion in /Users/asad-dc/Local Sites/stone-stomper/app/public/wp-includes/formatting.php on line 1096
[11-Sep-2025 16:02:51 UTC] PHP Notice:  wp_json_file_decode(): Error when decoding a JSON file at path /Users/asad-dc/Local Sites/stone-stomper/app/public/wp-content/themes/stone-stomper/theme.json: Syntax error in /Users/asad-dc/Local Sites/stone-stomper/app/public/wp-includes/functions.php on line 6121
[11-Sep-2025 16:02:51 UTC] PHP Notice:  wp_json_file_decode(): Error when decoding a JSON file at path /Users/asad-dc/Local Sites/stone-stomper/app/public/wp-content/themes/stone-stomper/theme.json: Syntax error in /Users/asad-dc/Local Sites/stone-stomper/app/public/wp-includes/functions.php on line 6121
[11-Sep-2025 16:02:52 UTC] PHP Warning:  Undefined variable $whmc_svaevluft in /Users/asad-dc/Local Sites/stone-stomper/app/public/wp-content/plugins/mini-cart-for-woocommerce/inc/class-whmc_cart.php on line 205
[11-Sep-2025 16:02:52 UTC] PHP Deprecated:  html_entity_decode(): Passing null to parameter #1 ($string) of type string is deprecated in /Users/asad-dc/Local Sites/stone-stomper/app/public/wp-content/themes/stone-stomper/404.php on line 30
[11-Sep-2025 16:02:52 UTC] PHP Deprecated:  html_entity_decode(): Passing null to parameter #1 ($string) of type string is deprecated in /Users/asad-dc/Local Sites/stone-stomper/app/public/wp-content/themes/stone-stomper/404.php on line 32
[11-Sep-2025 16:02:52 UTC] PHP Warning:  Array to string conversion in /Users/asad-dc/Local Sites/stone-stomper/app/public/wp-includes/formatting.php on line 1096
[11-Sep-2025 16:02:57 UTC] PHP Notice:  wp_json_file_decode(): Error when decoding a JSON file at path /Users/asad-dc/Local Sites/stone-stomper/app/public/wp-content/themes/stone-stomper/theme.json: Syntax error in /Users/asad-dc/Local Sites/stone-stomper/app/public/wp-includes/functions.php on line 6121
[11-Sep-2025 16:02:57 UTC] PHP Notice:  wp_json_file_decode(): Error when decoding a JSON file at path /Users/asad-dc/Local Sites/stone-stomper/app/public/wp-content/themes/stone-stomper/theme.json: Syntax error in /Users/asad-dc/Local Sites/stone-stomper/app/public/wp-includes/functions.php on line 6121
[11-Sep-2025 16:02:57 UTC] PHP Warning:  Undefined variable $whmc_svaevluft in /Users/asad-dc/Local Sites/stone-stomper/app/public/wp-content/plugins/mini-cart-for-woocommerce/inc/class-whmc_cart.php on line 205
[11-Sep-2025 16:02:57 UTC] PHP Warning:  Array to string conversion in /Users/asad-dc/Local Sites/stone-stomper/app/public/wp-includes/formatting.php on line 1096
[11-Sep-2025 16:03:41 UTC] PHP Notice:  wp_json_file_decode(): Error when decoding a JSON file at path /Users/asad-dc/Local Sites/stone-stomper/app/public/wp-content/themes/stone-stomper/theme.json: Syntax error in /Users/asad-dc/Local Sites/stone-stomper/app/public/wp-includes/functions.php on line 6121
[11-Sep-2025 16:03:41 UTC] PHP Notice:  wp_json_file_decode(): Error when decoding a JSON file at path /Users/asad-dc/Local Sites/stone-stomper/app/public/wp-content/themes/stone-stomper/theme.json: Syntax error in /Users/asad-dc/Local Sites/stone-stomper/app/public/wp-includes/functions.php on line 6121
[11-Sep-2025 16:03:41 UTC] PHP Warning:  Undefined variable $whmc_svaevluft in /Users/asad-dc/Local Sites/stone-stomper/app/public/wp-content/plugins/mini-cart-for-woocommerce/inc/class-whmc_cart.php on line 205
[11-Sep-2025 16:03:41 UTC] PHP Warning:  Array to string conversion in /Users/asad-dc/Local Sites/stone-stomper/app/public/wp-includes/formatting.php on line 1096
[11-Sep-2025 16:03:42 UTC] PHP Notice:  wp_json_file_decode(): Error when decoding a JSON file at path /Users/asad-dc/Local Sites/stone-stomper/app/public/wp-content/themes/stone-stomper/theme.json: Syntax error in /Users/asad-dc/Local Sites/stone-stomper/app/public/wp-includes/functions.php on line 6121
[11-Sep-2025 16:03:42 UTC] PHP Notice:  wp_json_file_decode(): Error when decoding a JSON file at path /Users/asad-dc/Local Sites/stone-stomper/app/public/wp-content/themes/stone-stomper/theme.json: Syntax error in /Users/asad-dc/Local Sites/stone-stomper/app/public/wp-includes/functions.php on line 6121
[11-Sep-2025 16:03:42 UTC] PHP Warning:  Undefined variable $whmc_svaevluft in /Users/asad-dc/Local Sites/stone-stomper/app/public/wp-content/plugins/mini-cart-for-woocommerce/inc/class-whmc_cart.php on line 205
[11-Sep-2025 16:03:42 UTC] PHP Deprecated:  html_entity_decode(): Passing null to parameter #1 ($string) of type string is deprecated in /Users/asad-dc/Local Sites/stone-stomper/app/public/wp-content/themes/stone-stomper/404.php on line 30
[11-Sep-2025 16:03:42 UTC] PHP Deprecated:  html_entity_decode(): Passing null to parameter #1 ($string) of type string is deprecated in /Users/asad-dc/Local Sites/stone-stomper/app/public/wp-content/themes/stone-stomper/404.php on line 32
[11-Sep-2025 16:03:42 UTC] PHP Warning:  Array to string conversion in /Users/asad-dc/Local Sites/stone-stomper/app/public/wp-includes/formatting.php on line 1096
[11-Sep-2025 16:03:43 UTC] PHP Notice:  wp_json_file_decode(): Error when decoding a JSON file at path /Users/asad-dc/Local Sites/stone-stomper/app/public/wp-content/themes/stone-stomper/theme.json: Syntax error in /Users/asad-dc/Local Sites/stone-stomper/app/public/wp-includes/functions.php on line 6121
[11-Sep-2025 16:03:43 UTC] PHP Notice:  wp_json_file_decode(): Error when decoding a JSON file at path /Users/asad-dc/Local Sites/stone-stomper/app/public/wp-content/themes/stone-stomper/theme.json: Syntax error in /Users/asad-dc/Local Sites/stone-stomper/app/public/wp-includes/functions.php on line 6121
[11-Sep-2025 16:03:43 UTC] PHP Warning:  Undefined variable $whmc_svaevluft in /Users/asad-dc/Local Sites/stone-stomper/app/public/wp-content/plugins/mini-cart-for-woocommerce/inc/class-whmc_cart.php on line 205
[11-Sep-2025 16:03:43 UTC] PHP Deprecated:  html_entity_decode(): Passing null to parameter #1 ($string) of type string is deprecated in /Users/asad-dc/Local Sites/stone-stomper/app/public/wp-content/themes/stone-stomper/404.php on line 30
[11-Sep-2025 16:03:43 UTC] PHP Deprecated:  html_entity_decode(): Passing null to parameter #1 ($string) of type string is deprecated in /Users/asad-dc/Local Sites/stone-stomper/app/public/wp-content/themes/stone-stomper/404.php on line 32
[11-Sep-2025 16:03:43 UTC] PHP Warning:  Array to string conversion in /Users/asad-dc/Local Sites/stone-stomper/app/public/wp-includes/formatting.php on line 1096
[11-Sep-2025 16:03:44 UTC] PHP Notice:  wp_json_file_decode(): Error when decoding a JSON file at path /Users/asad-dc/Local Sites/stone-stomper/app/public/wp-content/themes/stone-stomper/theme.json: Syntax error in /Users/asad-dc/Local Sites/stone-stomper/app/public/wp-includes/functions.php on line 6121
[11-Sep-2025 16:03:44 UTC] PHP Notice:  wp_json_file_decode(): Error when decoding a JSON file at path /Users/asad-dc/Local Sites/stone-stomper/app/public/wp-content/themes/stone-stomper/theme.json: Syntax error in /Users/asad-dc/Local Sites/stone-stomper/app/public/wp-includes/functions.php on line 6121
[11-Sep-2025 16:03:44 UTC] PHP Warning:  Undefined variable $whmc_svaevluft in /Users/asad-dc/Local Sites/stone-stomper/app/public/wp-content/plugins/mini-cart-for-woocommerce/inc/class-whmc_cart.php on line 205
[11-Sep-2025 16:03:44 UTC] PHP Deprecated:  html_entity_decode(): Passing null to parameter #1 ($string) of type string is deprecated in /Users/asad-dc/Local Sites/stone-stomper/app/public/wp-content/themes/stone-stomper/404.php on line 30
[11-Sep-2025 16:03:44 UTC] PHP Deprecated:  html_entity_decode(): Passing null to parameter #1 ($string) of type string is deprecated in /Users/asad-dc/Local Sites/stone-stomper/app/public/wp-content/themes/stone-stomper/404.php on line 32
[11-Sep-2025 16:03:44 UTC] PHP Warning:  Array to string conversion in /Users/asad-dc/Local Sites/stone-stomper/app/public/wp-includes/formatting.php on line 1096
[11-Sep-2025 16:03:50 UTC] PHP Notice:  wp_json_file_decode(): Error when decoding a JSON file at path /Users/asad-dc/Local Sites/stone-stomper/app/public/wp-content/themes/stone-stomper/theme.json: Syntax error in /Users/asad-dc/Local Sites/stone-stomper/app/public/wp-includes/functions.php on line 6121
[11-Sep-2025 16:03:50 UTC] PHP Notice:  wp_json_file_decode(): Error when decoding a JSON file at path /Users/asad-dc/Local Sites/stone-stomper/app/public/wp-content/themes/stone-stomper/theme.json: Syntax error in /Users/asad-dc/Local Sites/stone-stomper/app/public/wp-includes/functions.php on line 6121
[11-Sep-2025 16:03:50 UTC] PHP Notice:  wp_json_file_decode(): Error when decoding a JSON file at path /Users/asad-dc/Local Sites/stone-stomper/app/public/wp-content/themes/stone-stomper/theme.json: Syntax error in /Users/asad-dc/Local Sites/stone-stomper/app/public/wp-includes/functions.php on line 6121
[11-Sep-2025 16:03:50 UTC] PHP Notice:  wp_json_file_decode(): Error when decoding a JSON file at path /Users/asad-dc/Local Sites/stone-stomper/app/public/wp-content/themes/stone-stomper/theme.json: Syntax error in /Users/asad-dc/Local Sites/stone-stomper/app/public/wp-includes/functions.php on line 6121
[11-Sep-2025 16:03:50 UTC] PHP Warning:  Undefined variable $whmc_svaevluft in /Users/asad-dc/Local Sites/stone-stomper/app/public/wp-content/plugins/mini-cart-for-woocommerce/inc/class-whmc_cart.php on line 205
[11-Sep-2025 16:03:50 UTC] PHP Warning:  Undefined variable $whmc_svaevluft in /Users/asad-dc/Local Sites/stone-stomper/app/public/wp-content/plugins/mini-cart-for-woocommerce/inc/class-whmc_cart.php on line 205
[11-Sep-2025 16:03:50 UTC] PHP Deprecated:  html_entity_decode(): Passing null to parameter #1 ($string) of type string is deprecated in /Users/asad-dc/Local Sites/stone-stomper/app/public/wp-content/themes/stone-stomper/404.php on line 30
[11-Sep-2025 16:03:50 UTC] PHP Deprecated:  html_entity_decode(): Passing null to parameter #1 ($string) of type string is deprecated in /Users/asad-dc/Local Sites/stone-stomper/app/public/wp-content/themes/stone-stomper/404.php on line 30
[11-Sep-2025 16:03:50 UTC] PHP Deprecated:  html_entity_decode(): Passing null to parameter #1 ($string) of type string is deprecated in /Users/asad-dc/Local Sites/stone-stomper/app/public/wp-content/themes/stone-stomper/404.php on line 32
[11-Sep-2025 16:03:50 UTC] PHP Deprecated:  html_entity_decode(): Passing null to parameter #1 ($string) of type string is deprecated in /Users/asad-dc/Local Sites/stone-stomper/app/public/wp-content/themes/stone-stomper/404.php on line 32
[11-Sep-2025 16:03:50 UTC] PHP Warning:  Array to string conversion in /Users/asad-dc/Local Sites/stone-stomper/app/public/wp-includes/formatting.php on line 1096
[11-Sep-2025 16:03:50 UTC] PHP Warning:  Array to string conversion in /Users/asad-dc/Local Sites/stone-stomper/app/public/wp-includes/formatting.php on line 1096
[11-Sep-2025 16:03:58 UTC] PHP Notice:  wp_json_file_decode(): Error when decoding a JSON file at path /Users/asad-dc/Local Sites/stone-stomper/app/public/wp-content/themes/stone-stomper/theme.json: Syntax error in /Users/asad-dc/Local Sites/stone-stomper/app/public/wp-includes/functions.php on line 6121
[11-Sep-2025 16:03:58 UTC] PHP Notice:  wp_json_file_decode(): Error when decoding a JSON file at path /Users/asad-dc/Local Sites/stone-stomper/app/public/wp-content/themes/stone-stomper/theme.json: Syntax error in /Users/asad-dc/Local Sites/stone-stomper/app/public/wp-includes/functions.php on line 6121
[11-Sep-2025 16:03:58 UTC] PHP Warning:  Undefined variable $whmc_svaevluft in /Users/asad-dc/Local Sites/stone-stomper/app/public/wp-content/plugins/mini-cart-for-woocommerce/inc/class-whmc_cart.php on line 205
[11-Sep-2025 16:03:58 UTC] PHP Notice:  wp_json_file_decode(): Error when decoding a JSON file at path /Users/asad-dc/Local Sites/stone-stomper/app/public/wp-content/themes/stone-stomper/theme.json: Syntax error in /Users/asad-dc/Local Sites/stone-stomper/app/public/wp-includes/functions.php on line 6121
[11-Sep-2025 16:03:59 UTC] PHP Notice:  wp_json_file_decode(): Error when decoding a JSON file at path /Users/asad-dc/Local Sites/stone-stomper/app/public/wp-content/themes/stone-stomper/theme.json: Syntax error in /Users/asad-dc/Local Sites/stone-stomper/app/public/wp-includes/functions.php on line 6121
[11-Sep-2025 16:03:59 UTC] PHP Warning:  Undefined variable $whmc_svaevluft in /Users/asad-dc/Local Sites/stone-stomper/app/public/wp-content/plugins/mini-cart-for-woocommerce/inc/class-whmc_cart.php on line 205
[11-Sep-2025 16:03:59 UTC] PHP Deprecated:  html_entity_decode(): Passing null to parameter #1 ($string) of type string is deprecated in /Users/asad-dc/Local Sites/stone-stomper/app/public/wp-content/themes/stone-stomper/404.php on line 30
[11-Sep-2025 16:03:59 UTC] PHP Deprecated:  html_entity_decode(): Passing null to parameter #1 ($string) of type string is deprecated in /Users/asad-dc/Local Sites/stone-stomper/app/public/wp-content/themes/stone-stomper/404.php on line 32
[11-Sep-2025 16:03:59 UTC] PHP Notice:  wp_json_file_decode(): Error when decoding a JSON file at path /Users/asad-dc/Local Sites/stone-stomper/app/public/wp-content/themes/stone-stomper/theme.json: Syntax error in /Users/asad-dc/Local Sites/stone-stomper/app/public/wp-includes/functions.php on line 6121
[11-Sep-2025 16:03:59 UTC] PHP Notice:  wp_json_file_decode(): Error when decoding a JSON file at path /Users/asad-dc/Local Sites/stone-stomper/app/public/wp-content/themes/stone-stomper/theme.json: Syntax error in /Users/asad-dc/Local Sites/stone-stomper/app/public/wp-includes/functions.php on line 6121
[11-Sep-2025 16:03:59 UTC] PHP Warning:  Undefined variable $whmc_svaevluft in /Users/asad-dc/Local Sites/stone-stomper/app/public/wp-content/plugins/mini-cart-for-woocommerce/inc/class-whmc_cart.php on line 205
[11-Sep-2025 16:04:00 UTC] PHP Notice:  wp_json_file_decode(): Error when decoding a JSON file at path /Users/asad-dc/Local Sites/stone-stomper/app/public/wp-content/themes/stone-stomper/theme.json: Syntax error in /Users/asad-dc/Local Sites/stone-stomper/app/public/wp-includes/functions.php on line 6121
[11-Sep-2025 16:04:00 UTC] PHP Notice:  wp_json_file_decode(): Error when decoding a JSON file at path /Users/asad-dc/Local Sites/stone-stomper/app/public/wp-content/themes/stone-stomper/theme.json: Syntax error in /Users/asad-dc/Local Sites/stone-stomper/app/public/wp-includes/functions.php on line 6121
[11-Sep-2025 16:04:00 UTC] PHP Warning:  Undefined variable $whmc_svaevluft in /Users/asad-dc/Local Sites/stone-stomper/app/public/wp-content/plugins/mini-cart-for-woocommerce/inc/class-whmc_cart.php on line 205
[11-Sep-2025 16:04:00 UTC] PHP Deprecated:  html_entity_decode(): Passing null to parameter #1 ($string) of type string is deprecated in /Users/asad-dc/Local Sites/stone-stomper/app/public/wp-content/themes/stone-stomper/404.php on line 30
[11-Sep-2025 16:04:00 UTC] PHP Deprecated:  html_entity_decode(): Passing null to parameter #1 ($string) of type string is deprecated in /Users/asad-dc/Local Sites/stone-stomper/app/public/wp-content/themes/stone-stomper/404.php on line 32
[11-Sep-2025 16:04:03 UTC] PHP Notice:  wp_json_file_decode(): Error when decoding a JSON file at path /Users/asad-dc/Local Sites/stone-stomper/app/public/wp-content/themes/stone-stomper/theme.json: Syntax error in /Users/asad-dc/Local Sites/stone-stomper/app/public/wp-includes/functions.php on line 6121
[11-Sep-2025 16:04:03 UTC] PHP Notice:  wp_json_file_decode(): Error when decoding a JSON file at path /Users/asad-dc/Local Sites/stone-stomper/app/public/wp-content/themes/stone-stomper/theme.json: Syntax error in /Users/asad-dc/Local Sites/stone-stomper/app/public/wp-includes/functions.php on line 6121
[11-Sep-2025 16:04:03 UTC] PHP Warning:  Undefined variable $whmc_svaevluft in /Users/asad-dc/Local Sites/stone-stomper/app/public/wp-content/plugins/mini-cart-for-woocommerce/inc/class-whmc_cart.php on line 205
[11-Sep-2025 16:04:04 UTC] PHP Notice:  wp_json_file_decode(): Error when decoding a JSON file at path /Users/asad-dc/Local Sites/stone-stomper/app/public/wp-content/themes/stone-stomper/theme.json: Syntax error in /Users/asad-dc/Local Sites/stone-stomper/app/public/wp-includes/functions.php on line 6121
[11-Sep-2025 16:04:04 UTC] PHP Notice:  wp_json_file_decode(): Error when decoding a JSON file at path /Users/asad-dc/Local Sites/stone-stomper/app/public/wp-content/themes/stone-stomper/theme.json: Syntax error in /Users/asad-dc/Local Sites/stone-stomper/app/public/wp-includes/functions.php on line 6121
[11-Sep-2025 16:04:04 UTC] PHP Notice:  wp_json_file_decode(): Error when decoding a JSON file at path /Users/asad-dc/Local Sites/stone-stomper/app/public/wp-content/themes/stone-stomper/theme.json: Syntax error in /Users/asad-dc/Local Sites/stone-stomper/app/public/wp-includes/functions.php on line 6121
[11-Sep-2025 16:04:04 UTC] PHP Notice:  wp_json_file_decode(): Error when decoding a JSON file at path /Users/asad-dc/Local Sites/stone-stomper/app/public/wp-content/themes/stone-stomper/theme.json: Syntax error in /Users/asad-dc/Local Sites/stone-stomper/app/public/wp-includes/functions.php on line 6121
[11-Sep-2025 16:04:04 UTC] PHP Warning:  Undefined variable $whmc_svaevluft in /Users/asad-dc/Local Sites/stone-stomper/app/public/wp-content/plugins/mini-cart-for-woocommerce/inc/class-whmc_cart.php on line 205
[11-Sep-2025 16:04:04 UTC] PHP Warning:  Undefined variable $whmc_svaevluft in /Users/asad-dc/Local Sites/stone-stomper/app/public/wp-content/plugins/mini-cart-for-woocommerce/inc/class-whmc_cart.php on line 205
[11-Sep-2025 16:04:04 UTC] PHP Deprecated:  html_entity_decode(): Passing null to parameter #1 ($string) of type string is deprecated in /Users/asad-dc/Local Sites/stone-stomper/app/public/wp-content/themes/stone-stomper/404.php on line 30
[11-Sep-2025 16:04:04 UTC] PHP Deprecated:  html_entity_decode(): Passing null to parameter #1 ($string) of type string is deprecated in /Users/asad-dc/Local Sites/stone-stomper/app/public/wp-content/themes/stone-stomper/404.php on line 32
[11-Sep-2025 16:04:04 UTC] PHP Deprecated:  html_entity_decode(): Passing null to parameter #1 ($string) of type string is deprecated in /Users/asad-dc/Local Sites/stone-stomper/app/public/wp-content/themes/stone-stomper/404.php on line 30
[11-Sep-2025 16:04:04 UTC] PHP Deprecated:  html_entity_decode(): Passing null to parameter #1 ($string) of type string is deprecated in /Users/asad-dc/Local Sites/stone-stomper/app/public/wp-content/themes/stone-stomper/404.php on line 32
[11-Sep-2025 16:04:05 UTC] PHP Notice:  wp_json_file_decode(): Error when decoding a JSON file at path /Users/asad-dc/Local Sites/stone-stomper/app/public/wp-content/themes/stone-stomper/theme.json: Syntax error in /Users/asad-dc/Local Sites/stone-stomper/app/public/wp-includes/functions.php on line 6121
[11-Sep-2025 16:04:05 UTC] PHP Notice:  wp_json_file_decode(): Error when decoding a JSON file at path /Users/asad-dc/Local Sites/stone-stomper/app/public/wp-content/themes/stone-stomper/theme.json: Syntax error in /Users/asad-dc/Local Sites/stone-stomper/app/public/wp-includes/functions.php on line 6121
[11-Sep-2025 16:04:05 UTC] PHP Warning:  Undefined variable $whmc_svaevluft in /Users/asad-dc/Local Sites/stone-stomper/app/public/wp-content/plugins/mini-cart-for-woocommerce/inc/class-whmc_cart.php on line 205
[11-Sep-2025 16:04:05 UTC] PHP Deprecated:  html_entity_decode(): Passing null to parameter #1 ($string) of type string is deprecated in /Users/asad-dc/Local Sites/stone-stomper/app/public/wp-content/themes/stone-stomper/404.php on line 30
[11-Sep-2025 16:04:05 UTC] PHP Deprecated:  html_entity_decode(): Passing null to parameter #1 ($string) of type string is deprecated in /Users/asad-dc/Local Sites/stone-stomper/app/public/wp-content/themes/stone-stomper/404.php on line 32
[11-Sep-2025 16:04:08 UTC] PHP Notice:  wp_json_file_decode(): Error when decoding a JSON file at path /Users/asad-dc/Local Sites/stone-stomper/app/public/wp-content/themes/stone-stomper/theme.json: Syntax error in /Users/asad-dc/Local Sites/stone-stomper/app/public/wp-includes/functions.php on line 6121
[11-Sep-2025 16:04:08 UTC] PHP Notice:  wp_json_file_decode(): Error when decoding a JSON file at path /Users/asad-dc/Local Sites/stone-stomper/app/public/wp-content/themes/stone-stomper/theme.json: Syntax error in /Users/asad-dc/Local Sites/stone-stomper/app/public/wp-includes/functions.php on line 6121
[11-Sep-2025 16:04:08 UTC] PHP Warning:  Undefined variable $whmc_svaevluft in /Users/asad-dc/Local Sites/stone-stomper/app/public/wp-content/plugins/mini-cart-for-woocommerce/inc/class-whmc_cart.php on line 205
[11-Sep-2025 16:04:08 UTC] PHP Notice:  wp_json_file_decode(): Error when decoding a JSON file at path /Users/asad-dc/Local Sites/stone-stomper/app/public/wp-content/themes/stone-stomper/theme.json: Syntax error in /Users/asad-dc/Local Sites/stone-stomper/app/public/wp-includes/functions.php on line 6121
[11-Sep-2025 16:04:08 UTC] PHP Notice:  wp_json_file_decode(): Error when decoding a JSON file at path /Users/asad-dc/Local Sites/stone-stomper/app/public/wp-content/themes/stone-stomper/theme.json: Syntax error in /Users/asad-dc/Local Sites/stone-stomper/app/public/wp-includes/functions.php on line 6121
[11-Sep-2025 16:04:08 UTC] PHP Warning:  Undefined variable $whmc_svaevluft in /Users/asad-dc/Local Sites/stone-stomper/app/public/wp-content/plugins/mini-cart-for-woocommerce/inc/class-whmc_cart.php on line 205
[11-Sep-2025 16:04:08 UTC] PHP Deprecated:  html_entity_decode(): Passing null to parameter #1 ($string) of type string is deprecated in /Users/asad-dc/Local Sites/stone-stomper/app/public/wp-content/themes/stone-stomper/404.php on line 30
[11-Sep-2025 16:04:08 UTC] PHP Deprecated:  html_entity_decode(): Passing null to parameter #1 ($string) of type string is deprecated in /Users/asad-dc/Local Sites/stone-stomper/app/public/wp-content/themes/stone-stomper/404.php on line 32
[11-Sep-2025 16:04:09 UTC] PHP Warning:  Array to string conversion in /Users/asad-dc/Local Sites/stone-stomper/app/public/wp-includes/formatting.php on line 1096
[11-Sep-2025 16:04:09 UTC] PHP Warning:  Array to string conversion in /Users/asad-dc/Local Sites/stone-stomper/app/public/wp-includes/formatting.php on line 1096
[11-Sep-2025 16:04:09 UTC] PHP Notice:  wp_json_file_decode(): Error when decoding a JSON file at path /Users/asad-dc/Local Sites/stone-stomper/app/public/wp-content/themes/stone-stomper/theme.json: Syntax error in /Users/asad-dc/Local Sites/stone-stomper/app/public/wp-includes/functions.php on line 6121
[11-Sep-2025 16:04:09 UTC] PHP Notice:  wp_json_file_decode(): Error when decoding a JSON file at path /Users/asad-dc/Local Sites/stone-stomper/app/public/wp-content/themes/stone-stomper/theme.json: Syntax error in /Users/asad-dc/Local Sites/stone-stomper/app/public/wp-includes/functions.php on line 6121
[11-Sep-2025 16:04:09 UTC] PHP Warning:  Undefined variable $whmc_svaevluft in /Users/asad-dc/Local Sites/stone-stomper/app/public/wp-content/plugins/mini-cart-for-woocommerce/inc/class-whmc_cart.php on line 205
[11-Sep-2025 16:04:09 UTC] PHP Warning:  Array to string conversion in /Users/asad-dc/Local Sites/stone-stomper/app/public/wp-includes/formatting.php on line 1096
[11-Sep-2025 16:04:10 UTC] PHP Notice:  wp_json_file_decode(): Error when decoding a JSON file at path /Users/asad-dc/Local Sites/stone-stomper/app/public/wp-content/themes/stone-stomper/theme.json: Syntax error in /Users/asad-dc/Local Sites/stone-stomper/app/public/wp-includes/functions.php on line 6121
[11-Sep-2025 16:04:10 UTC] PHP Notice:  wp_json_file_decode(): Error when decoding a JSON file at path /Users/asad-dc/Local Sites/stone-stomper/app/public/wp-content/themes/stone-stomper/theme.json: Syntax error in /Users/asad-dc/Local Sites/stone-stomper/app/public/wp-includes/functions.php on line 6121
[11-Sep-2025 16:04:10 UTC] PHP Warning:  Undefined variable $whmc_svaevluft in /Users/asad-dc/Local Sites/stone-stomper/app/public/wp-content/plugins/mini-cart-for-woocommerce/inc/class-whmc_cart.php on line 205
[11-Sep-2025 16:04:10 UTC] PHP Deprecated:  html_entity_decode(): Passing null to parameter #1 ($string) of type string is deprecated in /Users/asad-dc/Local Sites/stone-stomper/app/public/wp-content/themes/stone-stomper/404.php on line 30
[11-Sep-2025 16:04:10 UTC] PHP Deprecated:  html_entity_decode(): Passing null to parameter #1 ($string) of type string is deprecated in /Users/asad-dc/Local Sites/stone-stomper/app/public/wp-content/themes/stone-stomper/404.php on line 32
[11-Sep-2025 16:04:10 UTC] PHP Notice:  wp_json_file_decode(): Error when decoding a JSON file at path /Users/asad-dc/Local Sites/stone-stomper/app/public/wp-content/themes/stone-stomper/theme.json: Syntax error in /Users/asad-dc/Local Sites/stone-stomper/app/public/wp-includes/functions.php on line 6121
[11-Sep-2025 16:04:10 UTC] PHP Notice:  wp_json_file_decode(): Error when decoding a JSON file at path /Users/asad-dc/Local Sites/stone-stomper/app/public/wp-content/themes/stone-stomper/theme.json: Syntax error in /Users/asad-dc/Local Sites/stone-stomper/app/public/wp-includes/functions.php on line 6121
[11-Sep-2025 16:04:10 UTC] PHP Warning:  Array to string conversion in /Users/asad-dc/Local Sites/stone-stomper/app/public/wp-includes/formatting.php on line 1096
[11-Sep-2025 16:04:10 UTC] PHP Warning:  Undefined variable $whmc_svaevluft in /Users/asad-dc/Local Sites/stone-stomper/app/public/wp-content/plugins/mini-cart-for-woocommerce/inc/class-whmc_cart.php on line 205
[11-Sep-2025 16:04:10 UTC] PHP Deprecated:  html_entity_decode(): Passing null to parameter #1 ($string) of type string is deprecated in /Users/asad-dc/Local Sites/stone-stomper/app/public/wp-content/themes/stone-stomper/404.php on line 30
[11-Sep-2025 16:04:10 UTC] PHP Deprecated:  html_entity_decode(): Passing null to parameter #1 ($string) of type string is deprecated in /Users/asad-dc/Local Sites/stone-stomper/app/public/wp-content/themes/stone-stomper/404.php on line 32
[11-Sep-2025 16:04:10 UTC] PHP Warning:  Array to string conversion in /Users/asad-dc/Local Sites/stone-stomper/app/public/wp-includes/formatting.php on line 1096
[11-Sep-2025 16:04:11 UTC] PHP Notice:  wp_json_file_decode(): Error when decoding a JSON file at path /Users/asad-dc/Local Sites/stone-stomper/app/public/wp-content/themes/stone-stomper/theme.json: Syntax error in /Users/asad-dc/Local Sites/stone-stomper/app/public/wp-includes/functions.php on line 6121
[11-Sep-2025 16:04:11 UTC] PHP Notice:  wp_json_file_decode(): Error when decoding a JSON file at path /Users/asad-dc/Local Sites/stone-stomper/app/public/wp-content/themes/stone-stomper/theme.json: Syntax error in /Users/asad-dc/Local Sites/stone-stomper/app/public/wp-includes/functions.php on line 6121
[11-Sep-2025 16:04:11 UTC] PHP Warning:  Undefined variable $whmc_svaevluft in /Users/asad-dc/Local Sites/stone-stomper/app/public/wp-content/plugins/mini-cart-for-woocommerce/inc/class-whmc_cart.php on line 205
[11-Sep-2025 16:04:11 UTC] PHP Deprecated:  html_entity_decode(): Passing null to parameter #1 ($string) of type string is deprecated in /Users/asad-dc/Local Sites/stone-stomper/app/public/wp-content/themes/stone-stomper/404.php on line 30
[11-Sep-2025 16:04:11 UTC] PHP Deprecated:  html_entity_decode(): Passing null to parameter #1 ($string) of type string is deprecated in /Users/asad-dc/Local Sites/stone-stomper/app/public/wp-content/themes/stone-stomper/404.php on line 32
[11-Sep-2025 16:04:11 UTC] PHP Warning:  Array to string conversion in /Users/asad-dc/Local Sites/stone-stomper/app/public/wp-includes/formatting.php on line 1096
[11-Sep-2025 16:04:13 UTC] PHP Notice:  wp_json_file_decode(): Error when decoding a JSON file at path /Users/asad-dc/Local Sites/stone-stomper/app/public/wp-content/themes/stone-stomper/theme.json: Syntax error in /Users/asad-dc/Local Sites/stone-stomper/app/public/wp-includes/functions.php on line 6121
[11-Sep-2025 16:04:13 UTC] PHP Notice:  wp_json_file_decode(): Error when decoding a JSON file at path /Users/asad-dc/Local Sites/stone-stomper/app/public/wp-content/themes/stone-stomper/theme.json: Syntax error in /Users/asad-dc/Local Sites/stone-stomper/app/public/wp-includes/functions.php on line 6121
[11-Sep-2025 16:04:13 UTC] PHP Warning:  Undefined variable $whmc_svaevluft in /Users/asad-dc/Local Sites/stone-stomper/app/public/wp-content/plugins/mini-cart-for-woocommerce/inc/class-whmc_cart.php on line 205
[11-Sep-2025 16:04:13 UTC] PHP Warning:  Array to string conversion in /Users/asad-dc/Local Sites/stone-stomper/app/public/wp-includes/formatting.php on line 1096
[11-Sep-2025 16:04:14 UTC] PHP Notice:  wp_json_file_decode(): Error when decoding a JSON file at path /Users/asad-dc/Local Sites/stone-stomper/app/public/wp-content/themes/stone-stomper/theme.json: Syntax error in /Users/asad-dc/Local Sites/stone-stomper/app/public/wp-includes/functions.php on line 6121
[11-Sep-2025 16:04:14 UTC] PHP Notice:  wp_json_file_decode(): Error when decoding a JSON file at path /Users/asad-dc/Local Sites/stone-stomper/app/public/wp-content/themes/stone-stomper/theme.json: Syntax error in /Users/asad-dc/Local Sites/stone-stomper/app/public/wp-includes/functions.php on line 6121
[11-Sep-2025 16:04:14 UTC] PHP Notice:  wp_json_file_decode(): Error when decoding a JSON file at path /Users/asad-dc/Local Sites/stone-stomper/app/public/wp-content/themes/stone-stomper/theme.json: Syntax error in /Users/asad-dc/Local Sites/stone-stomper/app/public/wp-includes/functions.php on line 6121
[11-Sep-2025 16:04:14 UTC] PHP Notice:  wp_json_file_decode(): Error when decoding a JSON file at path /Users/asad-dc/Local Sites/stone-stomper/app/public/wp-content/themes/stone-stomper/theme.json: Syntax error in /Users/asad-dc/Local Sites/stone-stomper/app/public/wp-includes/functions.php on line 6121
[11-Sep-2025 16:04:14 UTC] PHP Warning:  Undefined variable $whmc_svaevluft in /Users/asad-dc/Local Sites/stone-stomper/app/public/wp-content/plugins/mini-cart-for-woocommerce/inc/class-whmc_cart.php on line 205
[11-Sep-2025 16:04:14 UTC] PHP Warning:  Undefined variable $whmc_svaevluft in /Users/asad-dc/Local Sites/stone-stomper/app/public/wp-content/plugins/mini-cart-for-woocommerce/inc/class-whmc_cart.php on line 205
[11-Sep-2025 16:04:14 UTC] PHP Deprecated:  html_entity_decode(): Passing null to parameter #1 ($string) of type string is deprecated in /Users/asad-dc/Local Sites/stone-stomper/app/public/wp-content/themes/stone-stomper/404.php on line 30
[11-Sep-2025 16:04:14 UTC] PHP Deprecated:  html_entity_decode(): Passing null to parameter #1 ($string) of type string is deprecated in /Users/asad-dc/Local Sites/stone-stomper/app/public/wp-content/themes/stone-stomper/404.php on line 32
[11-Sep-2025 16:04:14 UTC] PHP Deprecated:  html_entity_decode(): Passing null to parameter #1 ($string) of type string is deprecated in /Users/asad-dc/Local Sites/stone-stomper/app/public/wp-content/themes/stone-stomper/404.php on line 30
[11-Sep-2025 16:04:14 UTC] PHP Deprecated:  html_entity_decode(): Passing null to parameter #1 ($string) of type string is deprecated in /Users/asad-dc/Local Sites/stone-stomper/app/public/wp-content/themes/stone-stomper/404.php on line 32
[11-Sep-2025 16:04:14 UTC] PHP Warning:  Array to string conversion in /Users/asad-dc/Local Sites/stone-stomper/app/public/wp-includes/formatting.php on line 1096
[11-Sep-2025 16:04:14 UTC] PHP Warning:  Array to string conversion in /Users/asad-dc/Local Sites/stone-stomper/app/public/wp-includes/formatting.php on line 1096
[11-Sep-2025 16:04:15 UTC] PHP Notice:  wp_json_file_decode(): Error when decoding a JSON file at path /Users/asad-dc/Local Sites/stone-stomper/app/public/wp-content/themes/stone-stomper/theme.json: Syntax error in /Users/asad-dc/Local Sites/stone-stomper/app/public/wp-includes/functions.php on line 6121
[11-Sep-2025 16:04:15 UTC] PHP Notice:  wp_json_file_decode(): Error when decoding a JSON file at path /Users/asad-dc/Local Sites/stone-stomper/app/public/wp-content/themes/stone-stomper/theme.json: Syntax error in /Users/asad-dc/Local Sites/stone-stomper/app/public/wp-includes/functions.php on line 6121
[11-Sep-2025 16:04:15 UTC] PHP Warning:  Undefined variable $whmc_svaevluft in /Users/asad-dc/Local Sites/stone-stomper/app/public/wp-content/plugins/mini-cart-for-woocommerce/inc/class-whmc_cart.php on line 205
[11-Sep-2025 16:04:15 UTC] PHP Deprecated:  html_entity_decode(): Passing null to parameter #1 ($string) of type string is deprecated in /Users/asad-dc/Local Sites/stone-stomper/app/public/wp-content/themes/stone-stomper/404.php on line 30
[11-Sep-2025 16:04:15 UTC] PHP Deprecated:  html_entity_decode(): Passing null to parameter #1 ($string) of type string is deprecated in /Users/asad-dc/Local Sites/stone-stomper/app/public/wp-content/themes/stone-stomper/404.php on line 32
[11-Sep-2025 16:04:15 UTC] PHP Warning:  Array to string conversion in /Users/asad-dc/Local Sites/stone-stomper/app/public/wp-includes/formatting.php on line 1096
[11-Sep-2025 16:04:21 UTC] PHP Notice:  wp_json_file_decode(): Error when decoding a JSON file at path /Users/asad-dc/Local Sites/stone-stomper/app/public/wp-content/themes/stone-stomper/theme.json: Syntax error in /Users/asad-dc/Local Sites/stone-stomper/app/public/wp-includes/functions.php on line 6121
[11-Sep-2025 16:04:21 UTC] PHP Notice:  wp_json_file_decode(): Error when decoding a JSON file at path /Users/asad-dc/Local Sites/stone-stomper/app/public/wp-content/themes/stone-stomper/theme.json: Syntax error in /Users/asad-dc/Local Sites/stone-stomper/app/public/wp-includes/functions.php on line 6121
[11-Sep-2025 16:04:21 UTC] PHP Warning:  Undefined variable $whmc_svaevluft in /Users/asad-dc/Local Sites/stone-stomper/app/public/wp-content/plugins/mini-cart-for-woocommerce/inc/class-whmc_cart.php on line 205
[11-Sep-2025 16:04:22 UTC] PHP Notice:  wp_json_file_decode(): Error when decoding a JSON file at path /Users/asad-dc/Local Sites/stone-stomper/app/public/wp-content/themes/stone-stomper/theme.json: Syntax error in /Users/asad-dc/Local Sites/stone-stomper/app/public/wp-includes/functions.php on line 6121
[11-Sep-2025 16:04:22 UTC] PHP Notice:  wp_json_file_decode(): Error when decoding a JSON file at path /Users/asad-dc/Local Sites/stone-stomper/app/public/wp-content/themes/stone-stomper/theme.json: Syntax error in /Users/asad-dc/Local Sites/stone-stomper/app/public/wp-includes/functions.php on line 6121
[11-Sep-2025 16:04:22 UTC] PHP Warning:  Undefined variable $whmc_svaevluft in /Users/asad-dc/Local Sites/stone-stomper/app/public/wp-content/plugins/mini-cart-for-woocommerce/inc/class-whmc_cart.php on line 205
[11-Sep-2025 16:04:22 UTC] PHP Deprecated:  html_entity_decode(): Passing null to parameter #1 ($string) of type string is deprecated in /Users/asad-dc/Local Sites/stone-stomper/app/public/wp-content/themes/stone-stomper/404.php on line 30
[11-Sep-2025 16:04:22 UTC] PHP Deprecated:  html_entity_decode(): Passing null to parameter #1 ($string) of type string is deprecated in /Users/asad-dc/Local Sites/stone-stomper/app/public/wp-content/themes/stone-stomper/404.php on line 32
[11-Sep-2025 16:04:23 UTC] PHP Notice:  wp_json_file_decode(): Error when decoding a JSON file at path /Users/asad-dc/Local Sites/stone-stomper/app/public/wp-content/themes/stone-stomper/theme.json: Syntax error in /Users/asad-dc/Local Sites/stone-stomper/app/public/wp-includes/functions.php on line 6121
[11-Sep-2025 16:04:23 UTC] PHP Notice:  wp_json_file_decode(): Error when decoding a JSON file at path /Users/asad-dc/Local Sites/stone-stomper/app/public/wp-content/themes/stone-stomper/theme.json: Syntax error in /Users/asad-dc/Local Sites/stone-stomper/app/public/wp-includes/functions.php on line 6121
[11-Sep-2025 16:04:23 UTC] PHP Warning:  Undefined variable $whmc_svaevluft in /Users/asad-dc/Local Sites/stone-stomper/app/public/wp-content/plugins/mini-cart-for-woocommerce/inc/class-whmc_cart.php on line 205
[11-Sep-2025 16:04:23 UTC] PHP Notice:  wp_json_file_decode(): Error when decoding a JSON file at path /Users/asad-dc/Local Sites/stone-stomper/app/public/wp-content/themes/stone-stomper/theme.json: Syntax error in /Users/asad-dc/Local Sites/stone-stomper/app/public/wp-includes/functions.php on line 6121
[11-Sep-2025 16:04:23 UTC] PHP Notice:  wp_json_file_decode(): Error when decoding a JSON file at path /Users/asad-dc/Local Sites/stone-stomper/app/public/wp-content/themes/stone-stomper/theme.json: Syntax error in /Users/asad-dc/Local Sites/stone-stomper/app/public/wp-includes/functions.php on line 6121
[11-Sep-2025 16:04:23 UTC] PHP Warning:  Undefined variable $whmc_svaevluft in /Users/asad-dc/Local Sites/stone-stomper/app/public/wp-content/plugins/mini-cart-for-woocommerce/inc/class-whmc_cart.php on line 205
[11-Sep-2025 16:04:24 UTC] PHP Deprecated:  html_entity_decode(): Passing null to parameter #1 ($string) of type string is deprecated in /Users/asad-dc/Local Sites/stone-stomper/app/public/wp-content/themes/stone-stomper/404.php on line 30
[11-Sep-2025 16:04:24 UTC] PHP Deprecated:  html_entity_decode(): Passing null to parameter #1 ($string) of type string is deprecated in /Users/asad-dc/Local Sites/stone-stomper/app/public/wp-content/themes/stone-stomper/404.php on line 32
[11-Sep-2025 16:05:22 UTC] PHP Notice:  wp_json_file_decode(): Error when decoding a JSON file at path /Users/asad-dc/Local Sites/stone-stomper/app/public/wp-content/themes/stone-stomper/theme.json: Syntax error in /Users/asad-dc/Local Sites/stone-stomper/app/public/wp-includes/functions.php on line 6121
[11-Sep-2025 16:05:22 UTC] PHP Notice:  wp_json_file_decode(): Error when decoding a JSON file at path /Users/asad-dc/Local Sites/stone-stomper/app/public/wp-content/themes/stone-stomper/theme.json: Syntax error in /Users/asad-dc/Local Sites/stone-stomper/app/public/wp-includes/functions.php on line 6121
[11-Sep-2025 16:05:22 UTC] PHP Warning:  Undefined variable $whmc_svaevluft in /Users/asad-dc/Local Sites/stone-stomper/app/public/wp-content/plugins/mini-cart-for-woocommerce/inc/class-whmc_cart.php on line 205
[11-Sep-2025 16:05:23 UTC] PHP Notice:  wp_json_file_decode(): Error when decoding a JSON file at path /Users/asad-dc/Local Sites/stone-stomper/app/public/wp-content/themes/stone-stomper/theme.json: Syntax error in /Users/asad-dc/Local Sites/stone-stomper/app/public/wp-includes/functions.php on line 6121
[11-Sep-2025 16:05:23 UTC] PHP Notice:  wp_json_file_decode(): Error when decoding a JSON file at path /Users/asad-dc/Local Sites/stone-stomper/app/public/wp-content/themes/stone-stomper/theme.json: Syntax error in /Users/asad-dc/Local Sites/stone-stomper/app/public/wp-includes/functions.php on line 6121
[11-Sep-2025 16:05:23 UTC] PHP Warning:  Undefined variable $whmc_svaevluft in /Users/asad-dc/Local Sites/stone-stomper/app/public/wp-content/plugins/mini-cart-for-woocommerce/inc/class-whmc_cart.php on line 205
[11-Sep-2025 16:05:23 UTC] PHP Deprecated:  html_entity_decode(): Passing null to parameter #1 ($string) of type string is deprecated in /Users/asad-dc/Local Sites/stone-stomper/app/public/wp-content/themes/stone-stomper/404.php on line 30
[11-Sep-2025 16:05:23 UTC] PHP Deprecated:  html_entity_decode(): Passing null to parameter #1 ($string) of type string is deprecated in /Users/asad-dc/Local Sites/stone-stomper/app/public/wp-content/themes/stone-stomper/404.php on line 32
[11-Sep-2025 16:05:24 UTC] PHP Notice:  wp_json_file_decode(): Error when decoding a JSON file at path /Users/asad-dc/Local Sites/stone-stomper/app/public/wp-content/themes/stone-stomper/theme.json: Syntax error in /Users/asad-dc/Local Sites/stone-stomper/app/public/wp-includes/functions.php on line 6121
[11-Sep-2025 16:05:24 UTC] PHP Notice:  wp_json_file_decode(): Error when decoding a JSON file at path /Users/asad-dc/Local Sites/stone-stomper/app/public/wp-content/themes/stone-stomper/theme.json: Syntax error in /Users/asad-dc/Local Sites/stone-stomper/app/public/wp-includes/functions.php on line 6121
[11-Sep-2025 16:05:24 UTC] PHP Warning:  Undefined variable $whmc_svaevluft in /Users/asad-dc/Local Sites/stone-stomper/app/public/wp-content/plugins/mini-cart-for-woocommerce/inc/class-whmc_cart.php on line 205
[11-Sep-2025 16:05:24 UTC] PHP Notice:  wp_json_file_decode(): Error when decoding a JSON file at path /Users/asad-dc/Local Sites/stone-stomper/app/public/wp-content/themes/stone-stomper/theme.json: Syntax error in /Users/asad-dc/Local Sites/stone-stomper/app/public/wp-includes/functions.php on line 6121
[11-Sep-2025 16:05:24 UTC] PHP Notice:  wp_json_file_decode(): Error when decoding a JSON file at path /Users/asad-dc/Local Sites/stone-stomper/app/public/wp-content/themes/stone-stomper/theme.json: Syntax error in /Users/asad-dc/Local Sites/stone-stomper/app/public/wp-includes/functions.php on line 6121
[11-Sep-2025 16:05:24 UTC] PHP Warning:  Undefined variable $whmc_svaevluft in /Users/asad-dc/Local Sites/stone-stomper/app/public/wp-content/plugins/mini-cart-for-woocommerce/inc/class-whmc_cart.php on line 205
[11-Sep-2025 16:05:24 UTC] PHP Deprecated:  html_entity_decode(): Passing null to parameter #1 ($string) of type string is deprecated in /Users/asad-dc/Local Sites/stone-stomper/app/public/wp-content/themes/stone-stomper/404.php on line 30
[11-Sep-2025 16:05:24 UTC] PHP Deprecated:  html_entity_decode(): Passing null to parameter #1 ($string) of type string is deprecated in /Users/asad-dc/Local Sites/stone-stomper/app/public/wp-content/themes/stone-stomper/404.php on line 32
[11-Sep-2025 16:06:19 UTC] PHP Notice:  wp_json_file_decode(): Error when decoding a JSON file at path /Users/asad-dc/Local Sites/stone-stomper/app/public/wp-content/themes/stone-stomper/theme.json: Syntax error in /Users/asad-dc/Local Sites/stone-stomper/app/public/wp-includes/functions.php on line 6121
[11-Sep-2025 16:06:19 UTC] PHP Notice:  wp_json_file_decode(): Error when decoding a JSON file at path /Users/asad-dc/Local Sites/stone-stomper/app/public/wp-content/themes/stone-stomper/theme.json: Syntax error in /Users/asad-dc/Local Sites/stone-stomper/app/public/wp-includes/functions.php on line 6121
[11-Sep-2025 16:06:19 UTC] PHP Warning:  Undefined variable $whmc_svaevluft in /Users/asad-dc/Local Sites/stone-stomper/app/public/wp-content/plugins/mini-cart-for-woocommerce/inc/class-whmc_cart.php on line 205
[11-Sep-2025 16:06:20 UTC] PHP Notice:  wp_json_file_decode(): Error when decoding a JSON file at path /Users/asad-dc/Local Sites/stone-stomper/app/public/wp-content/themes/stone-stomper/theme.json: Syntax error in /Users/asad-dc/Local Sites/stone-stomper/app/public/wp-includes/functions.php on line 6121
[11-Sep-2025 16:06:20 UTC] PHP Notice:  wp_json_file_decode(): Error when decoding a JSON file at path /Users/asad-dc/Local Sites/stone-stomper/app/public/wp-content/themes/stone-stomper/theme.json: Syntax error in /Users/asad-dc/Local Sites/stone-stomper/app/public/wp-includes/functions.php on line 6121
[11-Sep-2025 16:06:20 UTC] PHP Warning:  Undefined variable $whmc_svaevluft in /Users/asad-dc/Local Sites/stone-stomper/app/public/wp-content/plugins/mini-cart-for-woocommerce/inc/class-whmc_cart.php on line 205
[11-Sep-2025 16:06:20 UTC] PHP Notice:  wp_json_file_decode(): Error when decoding a JSON file at path /Users/asad-dc/Local Sites/stone-stomper/app/public/wp-content/themes/stone-stomper/theme.json: Syntax error in /Users/asad-dc/Local Sites/stone-stomper/app/public/wp-includes/functions.php on line 6121
[11-Sep-2025 16:06:20 UTC] PHP Deprecated:  html_entity_decode(): Passing null to parameter #1 ($string) of type string is deprecated in /Users/asad-dc/Local Sites/stone-stomper/app/public/wp-content/themes/stone-stomper/404.php on line 30
[11-Sep-2025 16:06:20 UTC] PHP Deprecated:  html_entity_decode(): Passing null to parameter #1 ($string) of type string is deprecated in /Users/asad-dc/Local Sites/stone-stomper/app/public/wp-content/themes/stone-stomper/404.php on line 32
[11-Sep-2025 16:06:20 UTC] PHP Notice:  wp_json_file_decode(): Error when decoding a JSON file at path /Users/asad-dc/Local Sites/stone-stomper/app/public/wp-content/themes/stone-stomper/theme.json: Syntax error in /Users/asad-dc/Local Sites/stone-stomper/app/public/wp-includes/functions.php on line 6121
[11-Sep-2025 16:06:20 UTC] PHP Warning:  Undefined variable $whmc_svaevluft in /Users/asad-dc/Local Sites/stone-stomper/app/public/wp-content/plugins/mini-cart-for-woocommerce/inc/class-whmc_cart.php on line 205
[11-Sep-2025 16:06:20 UTC] PHP Deprecated:  html_entity_decode(): Passing null to parameter #1 ($string) of type string is deprecated in /Users/asad-dc/Local Sites/stone-stomper/app/public/wp-content/themes/stone-stomper/404.php on line 30
[11-Sep-2025 16:06:20 UTC] PHP Deprecated:  html_entity_decode(): Passing null to parameter #1 ($string) of type string is deprecated in /Users/asad-dc/Local Sites/stone-stomper/app/public/wp-content/themes/stone-stomper/404.php on line 32
[11-Sep-2025 16:06:21 UTC] PHP Notice:  wp_json_file_decode(): Error when decoding a JSON file at path /Users/asad-dc/Local Sites/stone-stomper/app/public/wp-content/themes/stone-stomper/theme.json: Syntax error in /Users/asad-dc/Local Sites/stone-stomper/app/public/wp-includes/functions.php on line 6121
[11-Sep-2025 16:06:21 UTC] PHP Notice:  wp_json_file_decode(): Error when decoding a JSON file at path /Users/asad-dc/Local Sites/stone-stomper/app/public/wp-content/themes/stone-stomper/theme.json: Syntax error in /Users/asad-dc/Local Sites/stone-stomper/app/public/wp-includes/functions.php on line 6121
[11-Sep-2025 16:06:21 UTC] PHP Warning:  Undefined variable $whmc_svaevluft in /Users/asad-dc/Local Sites/stone-stomper/app/public/wp-content/plugins/mini-cart-for-woocommerce/inc/class-whmc_cart.php on line 205
[11-Sep-2025 16:06:21 UTC] PHP Deprecated:  html_entity_decode(): Passing null to parameter #1 ($string) of type string is deprecated in /Users/asad-dc/Local Sites/stone-stomper/app/public/wp-content/themes/stone-stomper/404.php on line 30
[11-Sep-2025 16:06:21 UTC] PHP Deprecated:  html_entity_decode(): Passing null to parameter #1 ($string) of type string is deprecated in /Users/asad-dc/Local Sites/stone-stomper/app/public/wp-content/themes/stone-stomper/404.php on line 32
[11-Sep-2025 16:06:25 UTC] PHP Notice:  wp_json_file_decode(): Error when decoding a JSON file at path /Users/asad-dc/Local Sites/stone-stomper/app/public/wp-content/themes/stone-stomper/theme.json: Syntax error in /Users/asad-dc/Local Sites/stone-stomper/app/public/wp-includes/functions.php on line 6121
[11-Sep-2025 16:06:25 UTC] PHP Notice:  wp_json_file_decode(): Error when decoding a JSON file at path /Users/asad-dc/Local Sites/stone-stomper/app/public/wp-content/themes/stone-stomper/theme.json: Syntax error in /Users/asad-dc/Local Sites/stone-stomper/app/public/wp-includes/functions.php on line 6121
[11-Sep-2025 16:06:25 UTC] PHP Warning:  Undefined variable $whmc_svaevluft in /Users/asad-dc/Local Sites/stone-stomper/app/public/wp-content/plugins/mini-cart-for-woocommerce/inc/class-whmc_cart.php on line 205
[11-Sep-2025 16:06:25 UTC] PHP Notice:  wp_json_file_decode(): Error when decoding a JSON file at path /Users/asad-dc/Local Sites/stone-stomper/app/public/wp-content/themes/stone-stomper/theme.json: Syntax error in /Users/asad-dc/Local Sites/stone-stomper/app/public/wp-includes/functions.php on line 6121
[11-Sep-2025 16:06:25 UTC] PHP Notice:  wp_json_file_decode(): Error when decoding a JSON file at path /Users/asad-dc/Local Sites/stone-stomper/app/public/wp-content/themes/stone-stomper/theme.json: Syntax error in /Users/asad-dc/Local Sites/stone-stomper/app/public/wp-includes/functions.php on line 6121
[11-Sep-2025 16:06:25 UTC] PHP Warning:  Undefined variable $whmc_svaevluft in /Users/asad-dc/Local Sites/stone-stomper/app/public/wp-content/plugins/mini-cart-for-woocommerce/inc/class-whmc_cart.php on line 205
[11-Sep-2025 16:06:25 UTC] PHP Deprecated:  html_entity_decode(): Passing null to parameter #1 ($string) of type string is deprecated in /Users/asad-dc/Local Sites/stone-stomper/app/public/wp-content/themes/stone-stomper/404.php on line 30
[11-Sep-2025 16:06:25 UTC] PHP Deprecated:  html_entity_decode(): Passing null to parameter #1 ($string) of type string is deprecated in /Users/asad-dc/Local Sites/stone-stomper/app/public/wp-content/themes/stone-stomper/404.php on line 32
[11-Sep-2025 16:06:25 UTC] PHP Warning:  Array to string conversion in /Users/asad-dc/Local Sites/stone-stomper/app/public/wp-includes/formatting.php on line 1096
[11-Sep-2025 16:06:25 UTC] PHP Warning:  Array to string conversion in /Users/asad-dc/Local Sites/stone-stomper/app/public/wp-includes/formatting.php on line 1096
[11-Sep-2025 16:06:25 UTC] PHP Notice:  wp_json_file_decode(): Error when decoding a JSON file at path /Users/asad-dc/Local Sites/stone-stomper/app/public/wp-content/themes/stone-stomper/theme.json: Syntax error in /Users/asad-dc/Local Sites/stone-stomper/app/public/wp-includes/functions.php on line 6121
[11-Sep-2025 16:06:25 UTC] PHP Notice:  wp_json_file_decode(): Error when decoding a JSON file at path /Users/asad-dc/Local Sites/stone-stomper/app/public/wp-content/themes/stone-stomper/theme.json: Syntax error in /Users/asad-dc/Local Sites/stone-stomper/app/public/wp-includes/functions.php on line 6121
[11-Sep-2025 16:06:25 UTC] PHP Warning:  Undefined variable $whmc_svaevluft in /Users/asad-dc/Local Sites/stone-stomper/app/public/wp-content/plugins/mini-cart-for-woocommerce/inc/class-whmc_cart.php on line 205
[11-Sep-2025 16:06:26 UTC] PHP Warning:  Array to string conversion in /Users/asad-dc/Local Sites/stone-stomper/app/public/wp-includes/formatting.php on line 1096
[11-Sep-2025 16:06:26 UTC] PHP Notice:  wp_json_file_decode(): Error when decoding a JSON file at path /Users/asad-dc/Local Sites/stone-stomper/app/public/wp-content/themes/stone-stomper/theme.json: Syntax error in /Users/asad-dc/Local Sites/stone-stomper/app/public/wp-includes/functions.php on line 6121
[11-Sep-2025 16:06:26 UTC] PHP Notice:  wp_json_file_decode(): Error when decoding a JSON file at path /Users/asad-dc/Local Sites/stone-stomper/app/public/wp-content/themes/stone-stomper/theme.json: Syntax error in /Users/asad-dc/Local Sites/stone-stomper/app/public/wp-includes/functions.php on line 6121
[11-Sep-2025 16:06:26 UTC] PHP Warning:  Undefined variable $whmc_svaevluft in /Users/asad-dc/Local Sites/stone-stomper/app/public/wp-content/plugins/mini-cart-for-woocommerce/inc/class-whmc_cart.php on line 205
[11-Sep-2025 16:06:26 UTC] PHP Deprecated:  html_entity_decode(): Passing null to parameter #1 ($string) of type string is deprecated in /Users/asad-dc/Local Sites/stone-stomper/app/public/wp-content/themes/stone-stomper/404.php on line 30
[11-Sep-2025 16:06:26 UTC] PHP Deprecated:  html_entity_decode(): Passing null to parameter #1 ($string) of type string is deprecated in /Users/asad-dc/Local Sites/stone-stomper/app/public/wp-content/themes/stone-stomper/404.php on line 32
[11-Sep-2025 16:06:26 UTC] PHP Warning:  Array to string conversion in /Users/asad-dc/Local Sites/stone-stomper/app/public/wp-includes/formatting.php on line 1096
[11-Sep-2025 16:06:26 UTC] PHP Notice:  wp_json_file_decode(): Error when decoding a JSON file at path /Users/asad-dc/Local Sites/stone-stomper/app/public/wp-content/themes/stone-stomper/theme.json: Syntax error in /Users/asad-dc/Local Sites/stone-stomper/app/public/wp-includes/functions.php on line 6121
[11-Sep-2025 16:06:27 UTC] PHP Notice:  wp_json_file_decode(): Error when decoding a JSON file at path /Users/asad-dc/Local Sites/stone-stomper/app/public/wp-content/themes/stone-stomper/theme.json: Syntax error in /Users/asad-dc/Local Sites/stone-stomper/app/public/wp-includes/functions.php on line 6121
[11-Sep-2025 16:06:27 UTC] PHP Warning:  Undefined variable $whmc_svaevluft in /Users/asad-dc/Local Sites/stone-stomper/app/public/wp-content/plugins/mini-cart-for-woocommerce/inc/class-whmc_cart.php on line 205
[11-Sep-2025 16:06:27 UTC] PHP Deprecated:  html_entity_decode(): Passing null to parameter #1 ($string) of type string is deprecated in /Users/asad-dc/Local Sites/stone-stomper/app/public/wp-content/themes/stone-stomper/404.php on line 30
[11-Sep-2025 16:06:27 UTC] PHP Deprecated:  html_entity_decode(): Passing null to parameter #1 ($string) of type string is deprecated in /Users/asad-dc/Local Sites/stone-stomper/app/public/wp-content/themes/stone-stomper/404.php on line 32
[11-Sep-2025 16:06:27 UTC] PHP Warning:  Array to string conversion in /Users/asad-dc/Local Sites/stone-stomper/app/public/wp-includes/formatting.php on line 1096
[11-Sep-2025 16:06:28 UTC] PHP Notice:  wp_json_file_decode(): Error when decoding a JSON file at path /Users/asad-dc/Local Sites/stone-stomper/app/public/wp-content/themes/stone-stomper/theme.json: Syntax error in /Users/asad-dc/Local Sites/stone-stomper/app/public/wp-includes/functions.php on line 6121
[11-Sep-2025 16:06:28 UTC] PHP Notice:  wp_json_file_decode(): Error when decoding a JSON file at path /Users/asad-dc/Local Sites/stone-stomper/app/public/wp-content/themes/stone-stomper/theme.json: Syntax error in /Users/asad-dc/Local Sites/stone-stomper/app/public/wp-includes/functions.php on line 6121
[11-Sep-2025 16:06:28 UTC] PHP Warning:  Undefined variable $whmc_svaevluft in /Users/asad-dc/Local Sites/stone-stomper/app/public/wp-content/plugins/mini-cart-for-woocommerce/inc/class-whmc_cart.php on line 205
[11-Sep-2025 16:06:28 UTC] PHP Deprecated:  html_entity_decode(): Passing null to parameter #1 ($string) of type string is deprecated in /Users/asad-dc/Local Sites/stone-stomper/app/public/wp-content/themes/stone-stomper/404.php on line 30
[11-Sep-2025 16:06:28 UTC] PHP Deprecated:  html_entity_decode(): Passing null to parameter #1 ($string) of type string is deprecated in /Users/asad-dc/Local Sites/stone-stomper/app/public/wp-content/themes/stone-stomper/404.php on line 32
[11-Sep-2025 16:06:28 UTC] PHP Warning:  Array to string conversion in /Users/asad-dc/Local Sites/stone-stomper/app/public/wp-includes/formatting.php on line 1096
[11-Sep-2025 16:06:30 UTC] PHP Notice:  wp_json_file_decode(): Error when decoding a JSON file at path /Users/asad-dc/Local Sites/stone-stomper/app/public/wp-content/themes/stone-stomper/theme.json: Syntax error in /Users/asad-dc/Local Sites/stone-stomper/app/public/wp-includes/functions.php on line 6121
[11-Sep-2025 16:06:30 UTC] PHP Notice:  wp_json_file_decode(): Error when decoding a JSON file at path /Users/asad-dc/Local Sites/stone-stomper/app/public/wp-content/themes/stone-stomper/theme.json: Syntax error in /Users/asad-dc/Local Sites/stone-stomper/app/public/wp-includes/functions.php on line 6121
[11-Sep-2025 16:06:30 UTC] PHP Warning:  Undefined variable $whmc_svaevluft in /Users/asad-dc/Local Sites/stone-stomper/app/public/wp-content/plugins/mini-cart-for-woocommerce/inc/class-whmc_cart.php on line 205
[11-Sep-2025 16:06:30 UTC] PHP Warning:  Array to string conversion in /Users/asad-dc/Local Sites/stone-stomper/app/public/wp-includes/formatting.php on line 1096
[11-Sep-2025 16:06:31 UTC] PHP Notice:  wp_json_file_decode(): Error when decoding a JSON file at path /Users/asad-dc/Local Sites/stone-stomper/app/public/wp-content/themes/stone-stomper/theme.json: Syntax error in /Users/asad-dc/Local Sites/stone-stomper/app/public/wp-includes/functions.php on line 6121
[11-Sep-2025 16:06:31 UTC] PHP Notice:  wp_json_file_decode(): Error when decoding a JSON file at path /Users/asad-dc/Local Sites/stone-stomper/app/public/wp-content/themes/stone-stomper/theme.json: Syntax error in /Users/asad-dc/Local Sites/stone-stomper/app/public/wp-includes/functions.php on line 6121
[11-Sep-2025 16:06:31 UTC] PHP Warning:  Undefined variable $whmc_svaevluft in /Users/asad-dc/Local Sites/stone-stomper/app/public/wp-content/plugins/mini-cart-for-woocommerce/inc/class-whmc_cart.php on line 205
[11-Sep-2025 16:06:31 UTC] PHP Notice:  wp_json_file_decode(): Error when decoding a JSON file at path /Users/asad-dc/Local Sites/stone-stomper/app/public/wp-content/themes/stone-stomper/theme.json: Syntax error in /Users/asad-dc/Local Sites/stone-stomper/app/public/wp-includes/functions.php on line 6121
[11-Sep-2025 16:06:31 UTC] PHP Deprecated:  html_entity_decode(): Passing null to parameter #1 ($string) of type string is deprecated in /Users/asad-dc/Local Sites/stone-stomper/app/public/wp-content/themes/stone-stomper/404.php on line 30
[11-Sep-2025 16:06:31 UTC] PHP Deprecated:  html_entity_decode(): Passing null to parameter #1 ($string) of type string is deprecated in /Users/asad-dc/Local Sites/stone-stomper/app/public/wp-content/themes/stone-stomper/404.php on line 32
[11-Sep-2025 16:06:31 UTC] PHP Notice:  wp_json_file_decode(): Error when decoding a JSON file at path /Users/asad-dc/Local Sites/stone-stomper/app/public/wp-content/themes/stone-stomper/theme.json: Syntax error in /Users/asad-dc/Local Sites/stone-stomper/app/public/wp-includes/functions.php on line 6121
[11-Sep-2025 16:06:31 UTC] PHP Warning:  Array to string conversion in /Users/asad-dc/Local Sites/stone-stomper/app/public/wp-includes/formatting.php on line 1096
[11-Sep-2025 16:06:31 UTC] PHP Warning:  Undefined variable $whmc_svaevluft in /Users/asad-dc/Local Sites/stone-stomper/app/public/wp-content/plugins/mini-cart-for-woocommerce/inc/class-whmc_cart.php on line 205
[11-Sep-2025 16:06:31 UTC] PHP Deprecated:  html_entity_decode(): Passing null to parameter #1 ($string) of type string is deprecated in /Users/asad-dc/Local Sites/stone-stomper/app/public/wp-content/themes/stone-stomper/404.php on line 30
[11-Sep-2025 16:06:31 UTC] PHP Deprecated:  html_entity_decode(): Passing null to parameter #1 ($string) of type string is deprecated in /Users/asad-dc/Local Sites/stone-stomper/app/public/wp-content/themes/stone-stomper/404.php on line 32
[11-Sep-2025 16:06:31 UTC] PHP Warning:  Array to string conversion in /Users/asad-dc/Local Sites/stone-stomper/app/public/wp-includes/formatting.php on line 1096
[11-Sep-2025 16:06:32 UTC] PHP Notice:  wp_json_file_decode(): Error when decoding a JSON file at path /Users/asad-dc/Local Sites/stone-stomper/app/public/wp-content/themes/stone-stomper/theme.json: Syntax error in /Users/asad-dc/Local Sites/stone-stomper/app/public/wp-includes/functions.php on line 6121
[11-Sep-2025 16:06:32 UTC] PHP Notice:  wp_json_file_decode(): Error when decoding a JSON file at path /Users/asad-dc/Local Sites/stone-stomper/app/public/wp-content/themes/stone-stomper/theme.json: Syntax error in /Users/asad-dc/Local Sites/stone-stomper/app/public/wp-includes/functions.php on line 6121
[11-Sep-2025 16:06:32 UTC] PHP Warning:  Undefined variable $whmc_svaevluft in /Users/asad-dc/Local Sites/stone-stomper/app/public/wp-content/plugins/mini-cart-for-woocommerce/inc/class-whmc_cart.php on line 205
[11-Sep-2025 16:06:32 UTC] PHP Deprecated:  html_entity_decode(): Passing null to parameter #1 ($string) of type string is deprecated in /Users/asad-dc/Local Sites/stone-stomper/app/public/wp-content/themes/stone-stomper/404.php on line 30
[11-Sep-2025 16:06:32 UTC] PHP Deprecated:  html_entity_decode(): Passing null to parameter #1 ($string) of type string is deprecated in /Users/asad-dc/Local Sites/stone-stomper/app/public/wp-content/themes/stone-stomper/404.php on line 32
[11-Sep-2025 16:06:32 UTC] PHP Warning:  Array to string conversion in /Users/asad-dc/Local Sites/stone-stomper/app/public/wp-includes/formatting.php on line 1096
[11-Sep-2025 16:06:37 UTC] PHP Notice:  wp_json_file_decode(): Error when decoding a JSON file at path /Users/asad-dc/Local Sites/stone-stomper/app/public/wp-content/themes/stone-stomper/theme.json: Syntax error in /Users/asad-dc/Local Sites/stone-stomper/app/public/wp-includes/functions.php on line 6121
[11-Sep-2025 16:06:37 UTC] PHP Notice:  wp_json_file_decode(): Error when decoding a JSON file at path /Users/asad-dc/Local Sites/stone-stomper/app/public/wp-content/themes/stone-stomper/theme.json: Syntax error in /Users/asad-dc/Local Sites/stone-stomper/app/public/wp-includes/functions.php on line 6121
[11-Sep-2025 16:06:37 UTC] PHP Warning:  Undefined variable $whmc_svaevluft in /Users/asad-dc/Local Sites/stone-stomper/app/public/wp-content/plugins/mini-cart-for-woocommerce/inc/class-whmc_cart.php on line 205
[11-Sep-2025 16:06:37 UTC] PHP Notice:  wp_json_file_decode(): Error when decoding a JSON file at path /Users/asad-dc/Local Sites/stone-stomper/app/public/wp-content/themes/stone-stomper/theme.json: Syntax error in /Users/asad-dc/Local Sites/stone-stomper/app/public/wp-includes/functions.php on line 6121
[11-Sep-2025 16:06:37 UTC] PHP Notice:  wp_json_file_decode(): Error when decoding a JSON file at path /Users/asad-dc/Local Sites/stone-stomper/app/public/wp-content/themes/stone-stomper/theme.json: Syntax error in /Users/asad-dc/Local Sites/stone-stomper/app/public/wp-includes/functions.php on line 6121
[11-Sep-2025 16:06:37 UTC] PHP Warning:  Undefined variable $whmc_svaevluft in /Users/asad-dc/Local Sites/stone-stomper/app/public/wp-content/plugins/mini-cart-for-woocommerce/inc/class-whmc_cart.php on line 205
[11-Sep-2025 16:06:37 UTC] PHP Deprecated:  html_entity_decode(): Passing null to parameter #1 ($string) of type string is deprecated in /Users/asad-dc/Local Sites/stone-stomper/app/public/wp-content/themes/stone-stomper/404.php on line 30
[11-Sep-2025 16:06:37 UTC] PHP Deprecated:  html_entity_decode(): Passing null to parameter #1 ($string) of type string is deprecated in /Users/asad-dc/Local Sites/stone-stomper/app/public/wp-content/themes/stone-stomper/404.php on line 32
[11-Sep-2025 16:06:38 UTC] PHP Notice:  wp_json_file_decode(): Error when decoding a JSON file at path /Users/asad-dc/Local Sites/stone-stomper/app/public/wp-content/themes/stone-stomper/theme.json: Syntax error in /Users/asad-dc/Local Sites/stone-stomper/app/public/wp-includes/functions.php on line 6121
[11-Sep-2025 16:06:38 UTC] PHP Notice:  wp_json_file_decode(): Error when decoding a JSON file at path /Users/asad-dc/Local Sites/stone-stomper/app/public/wp-content/themes/stone-stomper/theme.json: Syntax error in /Users/asad-dc/Local Sites/stone-stomper/app/public/wp-includes/functions.php on line 6121
[11-Sep-2025 16:06:38 UTC] PHP Warning:  Undefined variable $whmc_svaevluft in /Users/asad-dc/Local Sites/stone-stomper/app/public/wp-content/plugins/mini-cart-for-woocommerce/inc/class-whmc_cart.php on line 205
[11-Sep-2025 16:06:38 UTC] PHP Notice:  wp_json_file_decode(): Error when decoding a JSON file at path /Users/asad-dc/Local Sites/stone-stomper/app/public/wp-content/themes/stone-stomper/theme.json: Syntax error in /Users/asad-dc/Local Sites/stone-stomper/app/public/wp-includes/functions.php on line 6121
[11-Sep-2025 16:06:39 UTC] PHP Notice:  wp_json_file_decode(): Error when decoding a JSON file at path /Users/asad-dc/Local Sites/stone-stomper/app/public/wp-content/themes/stone-stomper/theme.json: Syntax error in /Users/asad-dc/Local Sites/stone-stomper/app/public/wp-includes/functions.php on line 6121
[11-Sep-2025 16:06:39 UTC] PHP Warning:  Undefined variable $whmc_svaevluft in /Users/asad-dc/Local Sites/stone-stomper/app/public/wp-content/plugins/mini-cart-for-woocommerce/inc/class-whmc_cart.php on line 205
[11-Sep-2025 16:06:39 UTC] PHP Deprecated:  html_entity_decode(): Passing null to parameter #1 ($string) of type string is deprecated in /Users/asad-dc/Local Sites/stone-stomper/app/public/wp-content/themes/stone-stomper/404.php on line 30
[11-Sep-2025 16:06:39 UTC] PHP Deprecated:  html_entity_decode(): Passing null to parameter #1 ($string) of type string is deprecated in /Users/asad-dc/Local Sites/stone-stomper/app/public/wp-content/themes/stone-stomper/404.php on line 32
[11-Sep-2025 16:17:50 UTC] PHP Notice:  wp_json_file_decode(): Error when decoding a JSON file at path /Users/asad-dc/Local Sites/stone-stomper/app/public/wp-content/themes/stone-stomper/theme.json: Syntax error in /Users/asad-dc/Local Sites/stone-stomper/app/public/wp-includes/functions.php on line 6121
[11-Sep-2025 16:17:50 UTC] PHP Notice:  wp_json_file_decode(): Error when decoding a JSON file at path /Users/asad-dc/Local Sites/stone-stomper/app/public/wp-content/themes/stone-stomper/theme.json: Syntax error in /Users/asad-dc/Local Sites/stone-stomper/app/public/wp-includes/functions.php on line 6121
[11-Sep-2025 16:17:50 UTC] PHP Warning:  filemtime(): stat failed for /Users/asad-dc/Local Sites/stone-stomper/app/public/wp-content/themes/stone-stomper/assets/build/styles.min.css in /Users/asad-dc/Local Sites/stone-stomper/app/public/wp-content/themes/stone-stomper/includes/classes/code/class-wp-theme-custom.php on line 904
[11-Sep-2025 16:17:50 UTC] PHP Warning:  filemtime(): stat failed for /Users/asad-dc/Local Sites/stone-stomper/app/public/wp-content/themes/stone-stomper/assets/build/header.min.js in /Users/asad-dc/Local Sites/stone-stomper/app/public/wp-content/themes/stone-stomper/includes/classes/code/class-wp-theme-custom.php on line 837
[11-Sep-2025 16:17:50 UTC] PHP Warning:  filemtime(): stat failed for /Users/asad-dc/Local Sites/stone-stomper/app/public/wp-content/themes/stone-stomper/assets/build/vendors/swiper-bundle.min.js in /Users/asad-dc/Local Sites/stone-stomper/app/public/wp-content/themes/stone-stomper/includes/classes/code/class-wp-theme-custom.php on line 837
[11-Sep-2025 16:17:50 UTC] PHP Warning:  Undefined variable $whmc_svaevluft in /Users/asad-dc/Local Sites/stone-stomper/app/public/wp-content/plugins/mini-cart-for-woocommerce/inc/class-whmc_cart.php on line 205
[11-Sep-2025 16:17:50 UTC] PHP Warning:  Array to string conversion in /Users/asad-dc/Local Sites/stone-stomper/app/public/wp-includes/formatting.php on line 1096
[11-Sep-2025 16:17:51 UTC] PHP Notice:  wp_json_file_decode(): Error when decoding a JSON file at path /Users/asad-dc/Local Sites/stone-stomper/app/public/wp-content/themes/stone-stomper/theme.json: Syntax error in /Users/asad-dc/Local Sites/stone-stomper/app/public/wp-includes/functions.php on line 6121
[11-Sep-2025 16:17:51 UTC] PHP Notice:  wp_json_file_decode(): Error when decoding a JSON file at path /Users/asad-dc/Local Sites/stone-stomper/app/public/wp-content/themes/stone-stomper/theme.json: Syntax error in /Users/asad-dc/Local Sites/stone-stomper/app/public/wp-includes/functions.php on line 6121
[11-Sep-2025 16:17:51 UTC] PHP Notice:  wp_json_file_decode(): Error when decoding a JSON file at path /Users/asad-dc/Local Sites/stone-stomper/app/public/wp-content/themes/stone-stomper/theme.json: Syntax error in /Users/asad-dc/Local Sites/stone-stomper/app/public/wp-includes/functions.php on line 6121
[11-Sep-2025 16:17:51 UTC] PHP Notice:  wp_json_file_decode(): Error when decoding a JSON file at path /Users/asad-dc/Local Sites/stone-stomper/app/public/wp-content/themes/stone-stomper/theme.json: Syntax error in /Users/asad-dc/Local Sites/stone-stomper/app/public/wp-includes/functions.php on line 6121
[11-Sep-2025 16:17:51 UTC] PHP Warning:  filemtime(): stat failed for /Users/asad-dc/Local Sites/stone-stomper/app/public/wp-content/themes/stone-stomper/assets/build/styles.min.css in /Users/asad-dc/Local Sites/stone-stomper/app/public/wp-content/themes/stone-stomper/includes/classes/code/class-wp-theme-custom.php on line 904
[11-Sep-2025 16:17:51 UTC] PHP Warning:  filemtime(): stat failed for /Users/asad-dc/Local Sites/stone-stomper/app/public/wp-content/themes/stone-stomper/assets/build/header.min.js in /Users/asad-dc/Local Sites/stone-stomper/app/public/wp-content/themes/stone-stomper/includes/classes/code/class-wp-theme-custom.php on line 837
[11-Sep-2025 16:17:51 UTC] PHP Warning:  filemtime(): stat failed for /Users/asad-dc/Local Sites/stone-stomper/app/public/wp-content/themes/stone-stomper/assets/build/vendors/swiper-bundle.min.js in /Users/asad-dc/Local Sites/stone-stomper/app/public/wp-content/themes/stone-stomper/includes/classes/code/class-wp-theme-custom.php on line 837
[11-Sep-2025 16:17:51 UTC] PHP Warning:  filemtime(): stat failed for /Users/asad-dc/Local Sites/stone-stomper/app/public/wp-content/themes/stone-stomper/assets/build/styles.min.css in /Users/asad-dc/Local Sites/stone-stomper/app/public/wp-content/themes/stone-stomper/includes/classes/code/class-wp-theme-custom.php on line 904
[11-Sep-2025 16:17:51 UTC] PHP Warning:  filemtime(): stat failed for /Users/asad-dc/Local Sites/stone-stomper/app/public/wp-content/themes/stone-stomper/assets/build/header.min.js in /Users/asad-dc/Local Sites/stone-stomper/app/public/wp-content/themes/stone-stomper/includes/classes/code/class-wp-theme-custom.php on line 837
[11-Sep-2025 16:17:51 UTC] PHP Warning:  filemtime(): stat failed for /Users/asad-dc/Local Sites/stone-stomper/app/public/wp-content/themes/stone-stomper/assets/build/vendors/swiper-bundle.min.js in /Users/asad-dc/Local Sites/stone-stomper/app/public/wp-content/themes/stone-stomper/includes/classes/code/class-wp-theme-custom.php on line 837
[11-Sep-2025 16:17:51 UTC] PHP Warning:  Undefined variable $whmc_svaevluft in /Users/asad-dc/Local Sites/stone-stomper/app/public/wp-content/plugins/mini-cart-for-woocommerce/inc/class-whmc_cart.php on line 205
[11-Sep-2025 16:17:51 UTC] PHP Warning:  Undefined variable $whmc_svaevluft in /Users/asad-dc/Local Sites/stone-stomper/app/public/wp-content/plugins/mini-cart-for-woocommerce/inc/class-whmc_cart.php on line 205
[11-Sep-2025 16:17:51 UTC] PHP Deprecated:  html_entity_decode(): Passing null to parameter #1 ($string) of type string is deprecated in /Users/asad-dc/Local Sites/stone-stomper/app/public/wp-content/themes/stone-stomper/404.php on line 30
[11-Sep-2025 16:17:51 UTC] PHP Deprecated:  html_entity_decode(): Passing null to parameter #1 ($string) of type string is deprecated in /Users/asad-dc/Local Sites/stone-stomper/app/public/wp-content/themes/stone-stomper/404.php on line 32
[11-Sep-2025 16:17:51 UTC] PHP Deprecated:  html_entity_decode(): Passing null to parameter #1 ($string) of type string is deprecated in /Users/asad-dc/Local Sites/stone-stomper/app/public/wp-content/themes/stone-stomper/404.php on line 30
[11-Sep-2025 16:17:51 UTC] PHP Deprecated:  html_entity_decode(): Passing null to parameter #1 ($string) of type string is deprecated in /Users/asad-dc/Local Sites/stone-stomper/app/public/wp-content/themes/stone-stomper/404.php on line 32
[11-Sep-2025 16:17:51 UTC] PHP Warning:  Array to string conversion in /Users/asad-dc/Local Sites/stone-stomper/app/public/wp-includes/formatting.php on line 1096
[11-Sep-2025 16:17:51 UTC] PHP Warning:  Array to string conversion in /Users/asad-dc/Local Sites/stone-stomper/app/public/wp-includes/formatting.php on line 1096
[11-Sep-2025 16:17:51 UTC] PHP Notice:  wp_json_file_decode(): Error when decoding a JSON file at path /Users/asad-dc/Local Sites/stone-stomper/app/public/wp-content/themes/stone-stomper/theme.json: Syntax error in /Users/asad-dc/Local Sites/stone-stomper/app/public/wp-includes/functions.php on line 6121
[11-Sep-2025 16:17:51 UTC] PHP Notice:  wp_json_file_decode(): Error when decoding a JSON file at path /Users/asad-dc/Local Sites/stone-stomper/app/public/wp-content/themes/stone-stomper/theme.json: Syntax error in /Users/asad-dc/Local Sites/stone-stomper/app/public/wp-includes/functions.php on line 6121
[11-Sep-2025 16:17:51 UTC] PHP Notice:  wp_json_file_decode(): Error when decoding a JSON file at path /Users/asad-dc/Local Sites/stone-stomper/app/public/wp-content/themes/stone-stomper/theme.json: Syntax error in /Users/asad-dc/Local Sites/stone-stomper/app/public/wp-includes/functions.php on line 6121
[11-Sep-2025 16:17:51 UTC] PHP Notice:  wp_json_file_decode(): Error when decoding a JSON file at path /Users/asad-dc/Local Sites/stone-stomper/app/public/wp-content/themes/stone-stomper/theme.json: Syntax error in /Users/asad-dc/Local Sites/stone-stomper/app/public/wp-includes/functions.php on line 6121
[11-Sep-2025 16:17:51 UTC] PHP Warning:  filemtime(): stat failed for /Users/asad-dc/Local Sites/stone-stomper/app/public/wp-content/themes/stone-stomper/assets/build/styles.min.css in /Users/asad-dc/Local Sites/stone-stomper/app/public/wp-content/themes/stone-stomper/includes/classes/code/class-wp-theme-custom.php on line 904
[11-Sep-2025 16:17:51 UTC] PHP Warning:  filemtime(): stat failed for /Users/asad-dc/Local Sites/stone-stomper/app/public/wp-content/themes/stone-stomper/assets/build/styles.min.css in /Users/asad-dc/Local Sites/stone-stomper/app/public/wp-content/themes/stone-stomper/includes/classes/code/class-wp-theme-custom.php on line 904
[11-Sep-2025 16:17:51 UTC] PHP Warning:  filemtime(): stat failed for /Users/asad-dc/Local Sites/stone-stomper/app/public/wp-content/themes/stone-stomper/assets/build/header.min.js in /Users/asad-dc/Local Sites/stone-stomper/app/public/wp-content/themes/stone-stomper/includes/classes/code/class-wp-theme-custom.php on line 837
[11-Sep-2025 16:17:51 UTC] PHP Warning:  filemtime(): stat failed for /Users/asad-dc/Local Sites/stone-stomper/app/public/wp-content/themes/stone-stomper/assets/build/vendors/swiper-bundle.min.js in /Users/asad-dc/Local Sites/stone-stomper/app/public/wp-content/themes/stone-stomper/includes/classes/code/class-wp-theme-custom.php on line 837
[11-Sep-2025 16:17:51 UTC] PHP Warning:  filemtime(): stat failed for /Users/asad-dc/Local Sites/stone-stomper/app/public/wp-content/themes/stone-stomper/assets/build/header.min.js in /Users/asad-dc/Local Sites/stone-stomper/app/public/wp-content/themes/stone-stomper/includes/classes/code/class-wp-theme-custom.php on line 837
[11-Sep-2025 16:17:51 UTC] PHP Warning:  filemtime(): stat failed for /Users/asad-dc/Local Sites/stone-stomper/app/public/wp-content/themes/stone-stomper/assets/build/vendors/swiper-bundle.min.js in /Users/asad-dc/Local Sites/stone-stomper/app/public/wp-content/themes/stone-stomper/includes/classes/code/class-wp-theme-custom.php on line 837
[11-Sep-2025 16:17:51 UTC] PHP Warning:  Undefined variable $whmc_svaevluft in /Users/asad-dc/Local Sites/stone-stomper/app/public/wp-content/plugins/mini-cart-for-woocommerce/inc/class-whmc_cart.php on line 205
[11-Sep-2025 16:17:51 UTC] PHP Warning:  Undefined variable $whmc_svaevluft in /Users/asad-dc/Local Sites/stone-stomper/app/public/wp-content/plugins/mini-cart-for-woocommerce/inc/class-whmc_cart.php on line 205
[11-Sep-2025 16:17:51 UTC] PHP Deprecated:  html_entity_decode(): Passing null to parameter #1 ($string) of type string is deprecated in /Users/asad-dc/Local Sites/stone-stomper/app/public/wp-content/themes/stone-stomper/404.php on line 30
[11-Sep-2025 16:17:51 UTC] PHP Deprecated:  html_entity_decode(): Passing null to parameter #1 ($string) of type string is deprecated in /Users/asad-dc/Local Sites/stone-stomper/app/public/wp-content/themes/stone-stomper/404.php on line 32
[11-Sep-2025 16:17:51 UTC] PHP Warning:  Array to string conversion in /Users/asad-dc/Local Sites/stone-stomper/app/public/wp-includes/formatting.php on line 1096
[11-Sep-2025 16:17:52 UTC] PHP Warning:  Array to string conversion in /Users/asad-dc/Local Sites/stone-stomper/app/public/wp-includes/formatting.php on line 1096
[11-Sep-2025 16:17:52 UTC] PHP Notice:  wp_json_file_decode(): Error when decoding a JSON file at path /Users/asad-dc/Local Sites/stone-stomper/app/public/wp-content/themes/stone-stomper/theme.json: Syntax error in /Users/asad-dc/Local Sites/stone-stomper/app/public/wp-includes/functions.php on line 6121
[11-Sep-2025 16:17:52 UTC] PHP Notice:  wp_json_file_decode(): Error when decoding a JSON file at path /Users/asad-dc/Local Sites/stone-stomper/app/public/wp-content/themes/stone-stomper/theme.json: Syntax error in /Users/asad-dc/Local Sites/stone-stomper/app/public/wp-includes/functions.php on line 6121
[11-Sep-2025 16:17:52 UTC] PHP Warning:  filemtime(): stat failed for /Users/asad-dc/Local Sites/stone-stomper/app/public/wp-content/themes/stone-stomper/assets/build/styles.min.css in /Users/asad-dc/Local Sites/stone-stomper/app/public/wp-content/themes/stone-stomper/includes/classes/code/class-wp-theme-custom.php on line 904
[11-Sep-2025 16:17:52 UTC] PHP Warning:  filemtime(): stat failed for /Users/asad-dc/Local Sites/stone-stomper/app/public/wp-content/themes/stone-stomper/assets/build/header.min.js in /Users/asad-dc/Local Sites/stone-stomper/app/public/wp-content/themes/stone-stomper/includes/classes/code/class-wp-theme-custom.php on line 837
[11-Sep-2025 16:17:52 UTC] PHP Warning:  filemtime(): stat failed for /Users/asad-dc/Local Sites/stone-stomper/app/public/wp-content/themes/stone-stomper/assets/build/vendors/swiper-bundle.min.js in /Users/asad-dc/Local Sites/stone-stomper/app/public/wp-content/themes/stone-stomper/includes/classes/code/class-wp-theme-custom.php on line 837
[11-Sep-2025 16:17:52 UTC] PHP Warning:  Undefined variable $whmc_svaevluft in /Users/asad-dc/Local Sites/stone-stomper/app/public/wp-content/plugins/mini-cart-for-woocommerce/inc/class-whmc_cart.php on line 205
[11-Sep-2025 16:17:52 UTC] PHP Deprecated:  html_entity_decode(): Passing null to parameter #1 ($string) of type string is deprecated in /Users/asad-dc/Local Sites/stone-stomper/app/public/wp-content/themes/stone-stomper/404.php on line 30
[11-Sep-2025 16:17:52 UTC] PHP Deprecated:  html_entity_decode(): Passing null to parameter #1 ($string) of type string is deprecated in /Users/asad-dc/Local Sites/stone-stomper/app/public/wp-content/themes/stone-stomper/404.php on line 32
[11-Sep-2025 16:17:52 UTC] PHP Warning:  Array to string conversion in /Users/asad-dc/Local Sites/stone-stomper/app/public/wp-includes/formatting.php on line 1096
[11-Sep-2025 16:17:52 UTC] PHP Notice:  wp_json_file_decode(): Error when decoding a JSON file at path /Users/asad-dc/Local Sites/stone-stomper/app/public/wp-content/themes/stone-stomper/theme.json: Syntax error in /Users/asad-dc/Local Sites/stone-stomper/app/public/wp-includes/functions.php on line 6121
[11-Sep-2025 16:17:52 UTC] PHP Notice:  wp_json_file_decode(): Error when decoding a JSON file at path /Users/asad-dc/Local Sites/stone-stomper/app/public/wp-content/themes/stone-stomper/theme.json: Syntax error in /Users/asad-dc/Local Sites/stone-stomper/app/public/wp-includes/functions.php on line 6121
[11-Sep-2025 16:17:52 UTC] PHP Warning:  filemtime(): stat failed for /Users/asad-dc/Local Sites/stone-stomper/app/public/wp-content/themes/stone-stomper/assets/build/styles.min.css in /Users/asad-dc/Local Sites/stone-stomper/app/public/wp-content/themes/stone-stomper/includes/classes/code/class-wp-theme-custom.php on line 904
[11-Sep-2025 16:17:52 UTC] PHP Warning:  filemtime(): stat failed for /Users/asad-dc/Local Sites/stone-stomper/app/public/wp-content/themes/stone-stomper/assets/build/header.min.js in /Users/asad-dc/Local Sites/stone-stomper/app/public/wp-content/themes/stone-stomper/includes/classes/code/class-wp-theme-custom.php on line 837
[11-Sep-2025 16:17:52 UTC] PHP Warning:  filemtime(): stat failed for /Users/asad-dc/Local Sites/stone-stomper/app/public/wp-content/themes/stone-stomper/assets/build/vendors/swiper-bundle.min.js in /Users/asad-dc/Local Sites/stone-stomper/app/public/wp-content/themes/stone-stomper/includes/classes/code/class-wp-theme-custom.php on line 837
[11-Sep-2025 16:17:52 UTC] PHP Warning:  Undefined variable $whmc_svaevluft in /Users/asad-dc/Local Sites/stone-stomper/app/public/wp-content/plugins/mini-cart-for-woocommerce/inc/class-whmc_cart.php on line 205
[11-Sep-2025 16:17:52 UTC] PHP Deprecated:  html_entity_decode(): Passing null to parameter #1 ($string) of type string is deprecated in /Users/asad-dc/Local Sites/stone-stomper/app/public/wp-content/themes/stone-stomper/404.php on line 30
[11-Sep-2025 16:17:52 UTC] PHP Deprecated:  html_entity_decode(): Passing null to parameter #1 ($string) of type string is deprecated in /Users/asad-dc/Local Sites/stone-stomper/app/public/wp-content/themes/stone-stomper/404.php on line 32
[11-Sep-2025 16:17:52 UTC] PHP Warning:  Array to string conversion in /Users/asad-dc/Local Sites/stone-stomper/app/public/wp-includes/formatting.php on line 1096
[11-Sep-2025 16:17:52 UTC] PHP Notice:  wp_json_file_decode(): Error when decoding a JSON file at path /Users/asad-dc/Local Sites/stone-stomper/app/public/wp-content/themes/stone-stomper/theme.json: Syntax error in /Users/asad-dc/Local Sites/stone-stomper/app/public/wp-includes/functions.php on line 6121
[11-Sep-2025 16:17:52 UTC] PHP Notice:  wp_json_file_decode(): Error when decoding a JSON file at path /Users/asad-dc/Local Sites/stone-stomper/app/public/wp-content/themes/stone-stomper/theme.json: Syntax error in /Users/asad-dc/Local Sites/stone-stomper/app/public/wp-includes/functions.php on line 6121
[11-Sep-2025 16:17:52 UTC] PHP Warning:  filemtime(): stat failed for /Users/asad-dc/Local Sites/stone-stomper/app/public/wp-content/themes/stone-stomper/assets/build/styles.min.css in /Users/asad-dc/Local Sites/stone-stomper/app/public/wp-content/themes/stone-stomper/includes/classes/code/class-wp-theme-custom.php on line 904
[11-Sep-2025 16:17:52 UTC] PHP Warning:  filemtime(): stat failed for /Users/asad-dc/Local Sites/stone-stomper/app/public/wp-content/themes/stone-stomper/assets/build/header.min.js in /Users/asad-dc/Local Sites/stone-stomper/app/public/wp-content/themes/stone-stomper/includes/classes/code/class-wp-theme-custom.php on line 837
[11-Sep-2025 16:17:52 UTC] PHP Warning:  filemtime(): stat failed for /Users/asad-dc/Local Sites/stone-stomper/app/public/wp-content/themes/stone-stomper/assets/build/vendors/swiper-bundle.min.js in /Users/asad-dc/Local Sites/stone-stomper/app/public/wp-content/themes/stone-stomper/includes/classes/code/class-wp-theme-custom.php on line 837
[11-Sep-2025 16:17:52 UTC] PHP Warning:  Undefined variable $whmc_svaevluft in /Users/asad-dc/Local Sites/stone-stomper/app/public/wp-content/plugins/mini-cart-for-woocommerce/inc/class-whmc_cart.php on line 205
[11-Sep-2025 16:17:52 UTC] PHP Deprecated:  html_entity_decode(): Passing null to parameter #1 ($string) of type string is deprecated in /Users/asad-dc/Local Sites/stone-stomper/app/public/wp-content/themes/stone-stomper/404.php on line 30
[11-Sep-2025 16:17:52 UTC] PHP Deprecated:  html_entity_decode(): Passing null to parameter #1 ($string) of type string is deprecated in /Users/asad-dc/Local Sites/stone-stomper/app/public/wp-content/themes/stone-stomper/404.php on line 32
[11-Sep-2025 16:17:52 UTC] PHP Warning:  Array to string conversion in /Users/asad-dc/Local Sites/stone-stomper/app/public/wp-includes/formatting.php on line 1096
[11-Sep-2025 16:17:52 UTC] PHP Notice:  wp_json_file_decode(): Error when decoding a JSON file at path /Users/asad-dc/Local Sites/stone-stomper/app/public/wp-content/themes/stone-stomper/theme.json: Syntax error in /Users/asad-dc/Local Sites/stone-stomper/app/public/wp-includes/functions.php on line 6121
[11-Sep-2025 16:17:52 UTC] PHP Notice:  wp_json_file_decode(): Error when decoding a JSON file at path /Users/asad-dc/Local Sites/stone-stomper/app/public/wp-content/themes/stone-stomper/theme.json: Syntax error in /Users/asad-dc/Local Sites/stone-stomper/app/public/wp-includes/functions.php on line 6121
[11-Sep-2025 16:17:52 UTC] PHP Warning:  filemtime(): stat failed for /Users/asad-dc/Local Sites/stone-stomper/app/public/wp-content/themes/stone-stomper/assets/build/styles.min.css in /Users/asad-dc/Local Sites/stone-stomper/app/public/wp-content/themes/stone-stomper/includes/classes/code/class-wp-theme-custom.php on line 904
[11-Sep-2025 16:17:52 UTC] PHP Warning:  filemtime(): stat failed for /Users/asad-dc/Local Sites/stone-stomper/app/public/wp-content/themes/stone-stomper/assets/build/header.min.js in /Users/asad-dc/Local Sites/stone-stomper/app/public/wp-content/themes/stone-stomper/includes/classes/code/class-wp-theme-custom.php on line 837
[11-Sep-2025 16:17:52 UTC] PHP Warning:  filemtime(): stat failed for /Users/asad-dc/Local Sites/stone-stomper/app/public/wp-content/themes/stone-stomper/assets/build/vendors/swiper-bundle.min.js in /Users/asad-dc/Local Sites/stone-stomper/app/public/wp-content/themes/stone-stomper/includes/classes/code/class-wp-theme-custom.php on line 837
[11-Sep-2025 16:17:52 UTC] PHP Warning:  Undefined variable $whmc_svaevluft in /Users/asad-dc/Local Sites/stone-stomper/app/public/wp-content/plugins/mini-cart-for-woocommerce/inc/class-whmc_cart.php on line 205
[11-Sep-2025 16:17:53 UTC] PHP Deprecated:  html_entity_decode(): Passing null to parameter #1 ($string) of type string is deprecated in /Users/asad-dc/Local Sites/stone-stomper/app/public/wp-content/themes/stone-stomper/404.php on line 30
[11-Sep-2025 16:17:53 UTC] PHP Deprecated:  html_entity_decode(): Passing null to parameter #1 ($string) of type string is deprecated in /Users/asad-dc/Local Sites/stone-stomper/app/public/wp-content/themes/stone-stomper/404.php on line 32
[11-Sep-2025 16:17:53 UTC] PHP Warning:  Array to string conversion in /Users/asad-dc/Local Sites/stone-stomper/app/public/wp-includes/formatting.php on line 1096
[11-Sep-2025 16:17:53 UTC] PHP Notice:  wp_json_file_decode(): Error when decoding a JSON file at path /Users/asad-dc/Local Sites/stone-stomper/app/public/wp-content/themes/stone-stomper/theme.json: Syntax error in /Users/asad-dc/Local Sites/stone-stomper/app/public/wp-includes/functions.php on line 6121
[11-Sep-2025 16:17:53 UTC] PHP Notice:  wp_json_file_decode(): Error when decoding a JSON file at path /Users/asad-dc/Local Sites/stone-stomper/app/public/wp-content/themes/stone-stomper/theme.json: Syntax error in /Users/asad-dc/Local Sites/stone-stomper/app/public/wp-includes/functions.php on line 6121
[11-Sep-2025 16:17:53 UTC] PHP Warning:  filemtime(): stat failed for /Users/asad-dc/Local Sites/stone-stomper/app/public/wp-content/themes/stone-stomper/assets/build/styles.min.css in /Users/asad-dc/Local Sites/stone-stomper/app/public/wp-content/themes/stone-stomper/includes/classes/code/class-wp-theme-custom.php on line 904
[11-Sep-2025 16:17:53 UTC] PHP Warning:  filemtime(): stat failed for /Users/asad-dc/Local Sites/stone-stomper/app/public/wp-content/themes/stone-stomper/assets/build/header.min.js in /Users/asad-dc/Local Sites/stone-stomper/app/public/wp-content/themes/stone-stomper/includes/classes/code/class-wp-theme-custom.php on line 837
[11-Sep-2025 16:17:53 UTC] PHP Warning:  filemtime(): stat failed for /Users/asad-dc/Local Sites/stone-stomper/app/public/wp-content/themes/stone-stomper/assets/build/vendors/swiper-bundle.min.js in /Users/asad-dc/Local Sites/stone-stomper/app/public/wp-content/themes/stone-stomper/includes/classes/code/class-wp-theme-custom.php on line 837
[11-Sep-2025 16:17:53 UTC] PHP Warning:  Undefined variable $whmc_svaevluft in /Users/asad-dc/Local Sites/stone-stomper/app/public/wp-content/plugins/mini-cart-for-woocommerce/inc/class-whmc_cart.php on line 205
[11-Sep-2025 16:17:53 UTC] PHP Deprecated:  html_entity_decode(): Passing null to parameter #1 ($string) of type string is deprecated in /Users/asad-dc/Local Sites/stone-stomper/app/public/wp-content/themes/stone-stomper/404.php on line 30
[11-Sep-2025 16:17:53 UTC] PHP Deprecated:  html_entity_decode(): Passing null to parameter #1 ($string) of type string is deprecated in /Users/asad-dc/Local Sites/stone-stomper/app/public/wp-content/themes/stone-stomper/404.php on line 32
[11-Sep-2025 16:17:53 UTC] PHP Warning:  Array to string conversion in /Users/asad-dc/Local Sites/stone-stomper/app/public/wp-includes/formatting.php on line 1096
[11-Sep-2025 16:17:53 UTC] PHP Notice:  wp_json_file_decode(): Error when decoding a JSON file at path /Users/asad-dc/Local Sites/stone-stomper/app/public/wp-content/themes/stone-stomper/theme.json: Syntax error in /Users/asad-dc/Local Sites/stone-stomper/app/public/wp-includes/functions.php on line 6121
[11-Sep-2025 16:17:53 UTC] PHP Notice:  wp_json_file_decode(): Error when decoding a JSON file at path /Users/asad-dc/Local Sites/stone-stomper/app/public/wp-content/themes/stone-stomper/theme.json: Syntax error in /Users/asad-dc/Local Sites/stone-stomper/app/public/wp-includes/functions.php on line 6121
[11-Sep-2025 16:17:53 UTC] PHP Notice:  wp_json_file_decode(): Error when decoding a JSON file at path /Users/asad-dc/Local Sites/stone-stomper/app/public/wp-content/themes/stone-stomper/theme.json: Syntax error in /Users/asad-dc/Local Sites/stone-stomper/app/public/wp-includes/functions.php on line 6121
[11-Sep-2025 16:17:53 UTC] PHP Warning:  filemtime(): stat failed for /Users/asad-dc/Local Sites/stone-stomper/app/public/wp-content/themes/stone-stomper/assets/build/styles.min.css in /Users/asad-dc/Local Sites/stone-stomper/app/public/wp-content/themes/stone-stomper/includes/classes/code/class-wp-theme-custom.php on line 904
[11-Sep-2025 16:17:53 UTC] PHP Warning:  filemtime(): stat failed for /Users/asad-dc/Local Sites/stone-stomper/app/public/wp-content/themes/stone-stomper/assets/build/header.min.js in /Users/asad-dc/Local Sites/stone-stomper/app/public/wp-content/themes/stone-stomper/includes/classes/code/class-wp-theme-custom.php on line 837
[11-Sep-2025 16:17:53 UTC] PHP Warning:  filemtime(): stat failed for /Users/asad-dc/Local Sites/stone-stomper/app/public/wp-content/themes/stone-stomper/assets/build/vendors/swiper-bundle.min.js in /Users/asad-dc/Local Sites/stone-stomper/app/public/wp-content/themes/stone-stomper/includes/classes/code/class-wp-theme-custom.php on line 837
[11-Sep-2025 16:17:53 UTC] PHP Notice:  wp_json_file_decode(): Error when decoding a JSON file at path /Users/asad-dc/Local Sites/stone-stomper/app/public/wp-content/themes/stone-stomper/theme.json: Syntax error in /Users/asad-dc/Local Sites/stone-stomper/app/public/wp-includes/functions.php on line 6121
[11-Sep-2025 16:17:53 UTC] PHP Warning:  filemtime(): stat failed for /Users/asad-dc/Local Sites/stone-stomper/app/public/wp-content/themes/stone-stomper/assets/build/styles.min.css in /Users/asad-dc/Local Sites/stone-stomper/app/public/wp-content/themes/stone-stomper/includes/classes/code/class-wp-theme-custom.php on line 904
[11-Sep-2025 16:17:53 UTC] PHP Warning:  filemtime(): stat failed for /Users/asad-dc/Local Sites/stone-stomper/app/public/wp-content/themes/stone-stomper/assets/build/header.min.js in /Users/asad-dc/Local Sites/stone-stomper/app/public/wp-content/themes/stone-stomper/includes/classes/code/class-wp-theme-custom.php on line 837
[11-Sep-2025 16:17:53 UTC] PHP Warning:  filemtime(): stat failed for /Users/asad-dc/Local Sites/stone-stomper/app/public/wp-content/themes/stone-stomper/assets/build/vendors/swiper-bundle.min.js in /Users/asad-dc/Local Sites/stone-stomper/app/public/wp-content/themes/stone-stomper/includes/classes/code/class-wp-theme-custom.php on line 837
[11-Sep-2025 16:17:53 UTC] PHP Warning:  Undefined variable $whmc_svaevluft in /Users/asad-dc/Local Sites/stone-stomper/app/public/wp-content/plugins/mini-cart-for-woocommerce/inc/class-whmc_cart.php on line 205
[11-Sep-2025 16:17:53 UTC] PHP Warning:  Undefined variable $whmc_svaevluft in /Users/asad-dc/Local Sites/stone-stomper/app/public/wp-content/plugins/mini-cart-for-woocommerce/inc/class-whmc_cart.php on line 205
[11-Sep-2025 16:17:53 UTC] PHP Deprecated:  html_entity_decode(): Passing null to parameter #1 ($string) of type string is deprecated in /Users/asad-dc/Local Sites/stone-stomper/app/public/wp-content/themes/stone-stomper/404.php on line 30
[11-Sep-2025 16:17:53 UTC] PHP Deprecated:  html_entity_decode(): Passing null to parameter #1 ($string) of type string is deprecated in /Users/asad-dc/Local Sites/stone-stomper/app/public/wp-content/themes/stone-stomper/404.php on line 32
[11-Sep-2025 16:17:53 UTC] PHP Warning:  Array to string conversion in /Users/asad-dc/Local Sites/stone-stomper/app/public/wp-includes/formatting.php on line 1096
[11-Sep-2025 16:17:54 UTC] PHP Notice:  wp_json_file_decode(): Error when decoding a JSON file at path /Users/asad-dc/Local Sites/stone-stomper/app/public/wp-content/themes/stone-stomper/theme.json: Syntax error in /Users/asad-dc/Local Sites/stone-stomper/app/public/wp-includes/functions.php on line 6121
[11-Sep-2025 16:17:54 UTC] PHP Notice:  wp_json_file_decode(): Error when decoding a JSON file at path /Users/asad-dc/Local Sites/stone-stomper/app/public/wp-content/themes/stone-stomper/theme.json: Syntax error in /Users/asad-dc/Local Sites/stone-stomper/app/public/wp-includes/functions.php on line 6121
[11-Sep-2025 16:17:54 UTC] PHP Warning:  filemtime(): stat failed for /Users/asad-dc/Local Sites/stone-stomper/app/public/wp-content/themes/stone-stomper/assets/build/styles.min.css in /Users/asad-dc/Local Sites/stone-stomper/app/public/wp-content/themes/stone-stomper/includes/classes/code/class-wp-theme-custom.php on line 904
[11-Sep-2025 16:17:54 UTC] PHP Warning:  filemtime(): stat failed for /Users/asad-dc/Local Sites/stone-stomper/app/public/wp-content/themes/stone-stomper/assets/build/header.min.js in /Users/asad-dc/Local Sites/stone-stomper/app/public/wp-content/themes/stone-stomper/includes/classes/code/class-wp-theme-custom.php on line 837
[11-Sep-2025 16:17:54 UTC] PHP Warning:  filemtime(): stat failed for /Users/asad-dc/Local Sites/stone-stomper/app/public/wp-content/themes/stone-stomper/assets/build/vendors/swiper-bundle.min.js in /Users/asad-dc/Local Sites/stone-stomper/app/public/wp-content/themes/stone-stomper/includes/classes/code/class-wp-theme-custom.php on line 837
[11-Sep-2025 16:17:54 UTC] PHP Warning:  Undefined variable $whmc_svaevluft in /Users/asad-dc/Local Sites/stone-stomper/app/public/wp-content/plugins/mini-cart-for-woocommerce/inc/class-whmc_cart.php on line 205
[11-Sep-2025 16:17:54 UTC] PHP Deprecated:  html_entity_decode(): Passing null to parameter #1 ($string) of type string is deprecated in /Users/asad-dc/Local Sites/stone-stomper/app/public/wp-content/themes/stone-stomper/404.php on line 30
[11-Sep-2025 16:17:54 UTC] PHP Deprecated:  html_entity_decode(): Passing null to parameter #1 ($string) of type string is deprecated in /Users/asad-dc/Local Sites/stone-stomper/app/public/wp-content/themes/stone-stomper/404.php on line 32
[11-Sep-2025 16:17:54 UTC] PHP Warning:  Array to string conversion in /Users/asad-dc/Local Sites/stone-stomper/app/public/wp-includes/formatting.php on line 1096
[11-Sep-2025 16:17:54 UTC] PHP Notice:  wp_json_file_decode(): Error when decoding a JSON file at path /Users/asad-dc/Local Sites/stone-stomper/app/public/wp-content/themes/stone-stomper/theme.json: Syntax error in /Users/asad-dc/Local Sites/stone-stomper/app/public/wp-includes/functions.php on line 6121
[11-Sep-2025 16:17:54 UTC] PHP Notice:  wp_json_file_decode(): Error when decoding a JSON file at path /Users/asad-dc/Local Sites/stone-stomper/app/public/wp-content/themes/stone-stomper/theme.json: Syntax error in /Users/asad-dc/Local Sites/stone-stomper/app/public/wp-includes/functions.php on line 6121
[11-Sep-2025 16:17:54 UTC] PHP Warning:  filemtime(): stat failed for /Users/asad-dc/Local Sites/stone-stomper/app/public/wp-content/themes/stone-stomper/assets/build/styles.min.css in /Users/asad-dc/Local Sites/stone-stomper/app/public/wp-content/themes/stone-stomper/includes/classes/code/class-wp-theme-custom.php on line 904
[11-Sep-2025 16:17:54 UTC] PHP Warning:  filemtime(): stat failed for /Users/asad-dc/Local Sites/stone-stomper/app/public/wp-content/themes/stone-stomper/assets/build/header.min.js in /Users/asad-dc/Local Sites/stone-stomper/app/public/wp-content/themes/stone-stomper/includes/classes/code/class-wp-theme-custom.php on line 837
[11-Sep-2025 16:17:54 UTC] PHP Warning:  filemtime(): stat failed for /Users/asad-dc/Local Sites/stone-stomper/app/public/wp-content/themes/stone-stomper/assets/build/vendors/swiper-bundle.min.js in /Users/asad-dc/Local Sites/stone-stomper/app/public/wp-content/themes/stone-stomper/includes/classes/code/class-wp-theme-custom.php on line 837
[11-Sep-2025 16:17:54 UTC] PHP Warning:  Undefined variable $whmc_svaevluft in /Users/asad-dc/Local Sites/stone-stomper/app/public/wp-content/plugins/mini-cart-for-woocommerce/inc/class-whmc_cart.php on line 205
[11-Sep-2025 16:17:54 UTC] PHP Deprecated:  html_entity_decode(): Passing null to parameter #1 ($string) of type string is deprecated in /Users/asad-dc/Local Sites/stone-stomper/app/public/wp-content/themes/stone-stomper/404.php on line 30
[11-Sep-2025 16:17:54 UTC] PHP Deprecated:  html_entity_decode(): Passing null to parameter #1 ($string) of type string is deprecated in /Users/asad-dc/Local Sites/stone-stomper/app/public/wp-content/themes/stone-stomper/404.php on line 32
[11-Sep-2025 16:17:54 UTC] PHP Warning:  Array to string conversion in /Users/asad-dc/Local Sites/stone-stomper/app/public/wp-includes/formatting.php on line 1096
[11-Sep-2025 16:17:54 UTC] PHP Notice:  wp_json_file_decode(): Error when decoding a JSON file at path /Users/asad-dc/Local Sites/stone-stomper/app/public/wp-content/themes/stone-stomper/theme.json: Syntax error in /Users/asad-dc/Local Sites/stone-stomper/app/public/wp-includes/functions.php on line 6121
[11-Sep-2025 16:17:54 UTC] PHP Notice:  wp_json_file_decode(): Error when decoding a JSON file at path /Users/asad-dc/Local Sites/stone-stomper/app/public/wp-content/themes/stone-stomper/theme.json: Syntax error in /Users/asad-dc/Local Sites/stone-stomper/app/public/wp-includes/functions.php on line 6121
[11-Sep-2025 16:17:54 UTC] PHP Warning:  filemtime(): stat failed for /Users/asad-dc/Local Sites/stone-stomper/app/public/wp-content/themes/stone-stomper/assets/build/styles.min.css in /Users/asad-dc/Local Sites/stone-stomper/app/public/wp-content/themes/stone-stomper/includes/classes/code/class-wp-theme-custom.php on line 904
[11-Sep-2025 16:17:54 UTC] PHP Warning:  filemtime(): stat failed for /Users/asad-dc/Local Sites/stone-stomper/app/public/wp-content/themes/stone-stomper/assets/build/header.min.js in /Users/asad-dc/Local Sites/stone-stomper/app/public/wp-content/themes/stone-stomper/includes/classes/code/class-wp-theme-custom.php on line 837
[11-Sep-2025 16:17:54 UTC] PHP Warning:  filemtime(): stat failed for /Users/asad-dc/Local Sites/stone-stomper/app/public/wp-content/themes/stone-stomper/assets/build/vendors/swiper-bundle.min.js in /Users/asad-dc/Local Sites/stone-stomper/app/public/wp-content/themes/stone-stomper/includes/classes/code/class-wp-theme-custom.php on line 837
[11-Sep-2025 16:17:54 UTC] PHP Warning:  Undefined variable $whmc_svaevluft in /Users/asad-dc/Local Sites/stone-stomper/app/public/wp-content/plugins/mini-cart-for-woocommerce/inc/class-whmc_cart.php on line 205
[11-Sep-2025 16:17:54 UTC] PHP Deprecated:  html_entity_decode(): Passing null to parameter #1 ($string) of type string is deprecated in /Users/asad-dc/Local Sites/stone-stomper/app/public/wp-content/themes/stone-stomper/404.php on line 30
[11-Sep-2025 16:17:54 UTC] PHP Deprecated:  html_entity_decode(): Passing null to parameter #1 ($string) of type string is deprecated in /Users/asad-dc/Local Sites/stone-stomper/app/public/wp-content/themes/stone-stomper/404.php on line 32
[11-Sep-2025 16:17:55 UTC] PHP Warning:  Array to string conversion in /Users/asad-dc/Local Sites/stone-stomper/app/public/wp-includes/formatting.php on line 1096
[11-Sep-2025 16:17:55 UTC] PHP Notice:  wp_json_file_decode(): Error when decoding a JSON file at path /Users/asad-dc/Local Sites/stone-stomper/app/public/wp-content/themes/stone-stomper/theme.json: Syntax error in /Users/asad-dc/Local Sites/stone-stomper/app/public/wp-includes/functions.php on line 6121
[11-Sep-2025 16:17:55 UTC] PHP Notice:  wp_json_file_decode(): Error when decoding a JSON file at path /Users/asad-dc/Local Sites/stone-stomper/app/public/wp-content/themes/stone-stomper/theme.json: Syntax error in /Users/asad-dc/Local Sites/stone-stomper/app/public/wp-includes/functions.php on line 6121
[11-Sep-2025 16:17:55 UTC] PHP Warning:  filemtime(): stat failed for /Users/asad-dc/Local Sites/stone-stomper/app/public/wp-content/themes/stone-stomper/assets/build/styles.min.css in /Users/asad-dc/Local Sites/stone-stomper/app/public/wp-content/themes/stone-stomper/includes/classes/code/class-wp-theme-custom.php on line 904
[11-Sep-2025 16:17:55 UTC] PHP Warning:  filemtime(): stat failed for /Users/asad-dc/Local Sites/stone-stomper/app/public/wp-content/themes/stone-stomper/assets/build/header.min.js in /Users/asad-dc/Local Sites/stone-stomper/app/public/wp-content/themes/stone-stomper/includes/classes/code/class-wp-theme-custom.php on line 837
[11-Sep-2025 16:17:55 UTC] PHP Warning:  filemtime(): stat failed for /Users/asad-dc/Local Sites/stone-stomper/app/public/wp-content/themes/stone-stomper/assets/build/vendors/swiper-bundle.min.js in /Users/asad-dc/Local Sites/stone-stomper/app/public/wp-content/themes/stone-stomper/includes/classes/code/class-wp-theme-custom.php on line 837
[11-Sep-2025 16:17:55 UTC] PHP Warning:  Undefined variable $whmc_svaevluft in /Users/asad-dc/Local Sites/stone-stomper/app/public/wp-content/plugins/mini-cart-for-woocommerce/inc/class-whmc_cart.php on line 205
[11-Sep-2025 16:17:55 UTC] PHP Deprecated:  html_entity_decode(): Passing null to parameter #1 ($string) of type string is deprecated in /Users/asad-dc/Local Sites/stone-stomper/app/public/wp-content/themes/stone-stomper/404.php on line 30
[11-Sep-2025 16:17:55 UTC] PHP Deprecated:  html_entity_decode(): Passing null to parameter #1 ($string) of type string is deprecated in /Users/asad-dc/Local Sites/stone-stomper/app/public/wp-content/themes/stone-stomper/404.php on line 32
[11-Sep-2025 16:17:55 UTC] PHP Warning:  Array to string conversion in /Users/asad-dc/Local Sites/stone-stomper/app/public/wp-includes/formatting.php on line 1096
[11-Sep-2025 16:17:55 UTC] PHP Notice:  wp_json_file_decode(): Error when decoding a JSON file at path /Users/asad-dc/Local Sites/stone-stomper/app/public/wp-content/themes/stone-stomper/theme.json: Syntax error in /Users/asad-dc/Local Sites/stone-stomper/app/public/wp-includes/functions.php on line 6121
[11-Sep-2025 16:17:55 UTC] PHP Notice:  wp_json_file_decode(): Error when decoding a JSON file at path /Users/asad-dc/Local Sites/stone-stomper/app/public/wp-content/themes/stone-stomper/theme.json: Syntax error in /Users/asad-dc/Local Sites/stone-stomper/app/public/wp-includes/functions.php on line 6121
[11-Sep-2025 16:17:55 UTC] PHP Warning:  filemtime(): stat failed for /Users/asad-dc/Local Sites/stone-stomper/app/public/wp-content/themes/stone-stomper/assets/build/styles.min.css in /Users/asad-dc/Local Sites/stone-stomper/app/public/wp-content/themes/stone-stomper/includes/classes/code/class-wp-theme-custom.php on line 904
[11-Sep-2025 16:17:55 UTC] PHP Warning:  filemtime(): stat failed for /Users/asad-dc/Local Sites/stone-stomper/app/public/wp-content/themes/stone-stomper/assets/build/header.min.js in /Users/asad-dc/Local Sites/stone-stomper/app/public/wp-content/themes/stone-stomper/includes/classes/code/class-wp-theme-custom.php on line 837
[11-Sep-2025 16:17:55 UTC] PHP Warning:  filemtime(): stat failed for /Users/asad-dc/Local Sites/stone-stomper/app/public/wp-content/themes/stone-stomper/assets/build/vendors/swiper-bundle.min.js in /Users/asad-dc/Local Sites/stone-stomper/app/public/wp-content/themes/stone-stomper/includes/classes/code/class-wp-theme-custom.php on line 837
[11-Sep-2025 16:17:55 UTC] PHP Warning:  Undefined variable $whmc_svaevluft in /Users/asad-dc/Local Sites/stone-stomper/app/public/wp-content/plugins/mini-cart-for-woocommerce/inc/class-whmc_cart.php on line 205
[11-Sep-2025 16:17:55 UTC] PHP Deprecated:  html_entity_decode(): Passing null to parameter #1 ($string) of type string is deprecated in /Users/asad-dc/Local Sites/stone-stomper/app/public/wp-content/themes/stone-stomper/404.php on line 30
[11-Sep-2025 16:17:55 UTC] PHP Deprecated:  html_entity_decode(): Passing null to parameter #1 ($string) of type string is deprecated in /Users/asad-dc/Local Sites/stone-stomper/app/public/wp-content/themes/stone-stomper/404.php on line 32
[11-Sep-2025 16:17:55 UTC] PHP Warning:  Array to string conversion in /Users/asad-dc/Local Sites/stone-stomper/app/public/wp-includes/formatting.php on line 1096
[11-Sep-2025 16:17:55 UTC] PHP Notice:  wp_json_file_decode(): Error when decoding a JSON file at path /Users/asad-dc/Local Sites/stone-stomper/app/public/wp-content/themes/stone-stomper/theme.json: Syntax error in /Users/asad-dc/Local Sites/stone-stomper/app/public/wp-includes/functions.php on line 6121
[11-Sep-2025 16:17:55 UTC] PHP Notice:  wp_json_file_decode(): Error when decoding a JSON file at path /Users/asad-dc/Local Sites/stone-stomper/app/public/wp-content/themes/stone-stomper/theme.json: Syntax error in /Users/asad-dc/Local Sites/stone-stomper/app/public/wp-includes/functions.php on line 6121
[11-Sep-2025 16:17:55 UTC] PHP Warning:  filemtime(): stat failed for /Users/asad-dc/Local Sites/stone-stomper/app/public/wp-content/themes/stone-stomper/assets/build/styles.min.css in /Users/asad-dc/Local Sites/stone-stomper/app/public/wp-content/themes/stone-stomper/includes/classes/code/class-wp-theme-custom.php on line 904
[11-Sep-2025 16:17:55 UTC] PHP Warning:  filemtime(): stat failed for /Users/asad-dc/Local Sites/stone-stomper/app/public/wp-content/themes/stone-stomper/assets/build/header.min.js in /Users/asad-dc/Local Sites/stone-stomper/app/public/wp-content/themes/stone-stomper/includes/classes/code/class-wp-theme-custom.php on line 837
[11-Sep-2025 16:17:55 UTC] PHP Warning:  filemtime(): stat failed for /Users/asad-dc/Local Sites/stone-stomper/app/public/wp-content/themes/stone-stomper/assets/build/vendors/swiper-bundle.min.js in /Users/asad-dc/Local Sites/stone-stomper/app/public/wp-content/themes/stone-stomper/includes/classes/code/class-wp-theme-custom.php on line 837
[11-Sep-2025 16:17:55 UTC] PHP Warning:  Undefined variable $whmc_svaevluft in /Users/asad-dc/Local Sites/stone-stomper/app/public/wp-content/plugins/mini-cart-for-woocommerce/inc/class-whmc_cart.php on line 205
[11-Sep-2025 16:17:55 UTC] PHP Deprecated:  html_entity_decode(): Passing null to parameter #1 ($string) of type string is deprecated in /Users/asad-dc/Local Sites/stone-stomper/app/public/wp-content/themes/stone-stomper/404.php on line 30
[11-Sep-2025 16:17:55 UTC] PHP Deprecated:  html_entity_decode(): Passing null to parameter #1 ($string) of type string is deprecated in /Users/asad-dc/Local Sites/stone-stomper/app/public/wp-content/themes/stone-stomper/404.php on line 32
[11-Sep-2025 16:17:55 UTC] PHP Warning:  Array to string conversion in /Users/asad-dc/Local Sites/stone-stomper/app/public/wp-includes/formatting.php on line 1096
[11-Sep-2025 16:17:55 UTC] PHP Notice:  wp_json_file_decode(): Error when decoding a JSON file at path /Users/asad-dc/Local Sites/stone-stomper/app/public/wp-content/themes/stone-stomper/theme.json: Syntax error in /Users/asad-dc/Local Sites/stone-stomper/app/public/wp-includes/functions.php on line 6121
[11-Sep-2025 16:17:55 UTC] PHP Notice:  wp_json_file_decode(): Error when decoding a JSON file at path /Users/asad-dc/Local Sites/stone-stomper/app/public/wp-content/themes/stone-stomper/theme.json: Syntax error in /Users/asad-dc/Local Sites/stone-stomper/app/public/wp-includes/functions.php on line 6121
[11-Sep-2025 16:17:55 UTC] PHP Warning:  filemtime(): stat failed for /Users/asad-dc/Local Sites/stone-stomper/app/public/wp-content/themes/stone-stomper/assets/build/styles.min.css in /Users/asad-dc/Local Sites/stone-stomper/app/public/wp-content/themes/stone-stomper/includes/classes/code/class-wp-theme-custom.php on line 904
[11-Sep-2025 16:17:55 UTC] PHP Warning:  filemtime(): stat failed for /Users/asad-dc/Local Sites/stone-stomper/app/public/wp-content/themes/stone-stomper/assets/build/header.min.js in /Users/asad-dc/Local Sites/stone-stomper/app/public/wp-content/themes/stone-stomper/includes/classes/code/class-wp-theme-custom.php on line 837
[11-Sep-2025 16:17:55 UTC] PHP Warning:  filemtime(): stat failed for /Users/asad-dc/Local Sites/stone-stomper/app/public/wp-content/themes/stone-stomper/assets/build/vendors/swiper-bundle.min.js in /Users/asad-dc/Local Sites/stone-stomper/app/public/wp-content/themes/stone-stomper/includes/classes/code/class-wp-theme-custom.php on line 837
[11-Sep-2025 16:17:55 UTC] PHP Warning:  Undefined variable $whmc_svaevluft in /Users/asad-dc/Local Sites/stone-stomper/app/public/wp-content/plugins/mini-cart-for-woocommerce/inc/class-whmc_cart.php on line 205
[11-Sep-2025 16:17:55 UTC] PHP Deprecated:  html_entity_decode(): Passing null to parameter #1 ($string) of type string is deprecated in /Users/asad-dc/Local Sites/stone-stomper/app/public/wp-content/themes/stone-stomper/404.php on line 30
[11-Sep-2025 16:17:55 UTC] PHP Deprecated:  html_entity_decode(): Passing null to parameter #1 ($string) of type string is deprecated in /Users/asad-dc/Local Sites/stone-stomper/app/public/wp-content/themes/stone-stomper/404.php on line 32
[11-Sep-2025 16:33:52 UTC] PHP Notice:  wp_json_file_decode(): Error when decoding a JSON file at path /Users/asad-dc/Local Sites/stone-stomper/app/public/wp-content/themes/stone-stomper/theme.json: Syntax error in /Users/asad-dc/Local Sites/stone-stomper/app/public/wp-includes/functions.php on line 6121
[11-Sep-2025 16:33:52 UTC] PHP Notice:  wp_json_file_decode(): Error when decoding a JSON file at path /Users/asad-dc/Local Sites/stone-stomper/app/public/wp-content/themes/stone-stomper/theme.json: Syntax error in /Users/asad-dc/Local Sites/stone-stomper/app/public/wp-includes/functions.php on line 6121
[11-Sep-2025 16:33:52 UTC] PHP Warning:  filemtime(): stat failed for /Users/asad-dc/Local Sites/stone-stomper/app/public/wp-content/themes/stone-stomper/assets/build/styles.min.css in /Users/asad-dc/Local Sites/stone-stomper/app/public/wp-content/themes/stone-stomper/includes/classes/code/class-wp-theme-custom.php on line 904
[11-Sep-2025 16:33:52 UTC] PHP Warning:  filemtime(): stat failed for /Users/asad-dc/Local Sites/stone-stomper/app/public/wp-content/themes/stone-stomper/assets/build/header.min.js in /Users/asad-dc/Local Sites/stone-stomper/app/public/wp-content/themes/stone-stomper/includes/classes/code/class-wp-theme-custom.php on line 837
[11-Sep-2025 16:33:52 UTC] PHP Warning:  filemtime(): stat failed for /Users/asad-dc/Local Sites/stone-stomper/app/public/wp-content/themes/stone-stomper/assets/build/vendors/swiper-bundle.min.js in /Users/asad-dc/Local Sites/stone-stomper/app/public/wp-content/themes/stone-stomper/includes/classes/code/class-wp-theme-custom.php on line 837
[11-Sep-2025 16:33:52 UTC] PHP Warning:  Undefined variable $whmc_svaevluft in /Users/asad-dc/Local Sites/stone-stomper/app/public/wp-content/plugins/mini-cart-for-woocommerce/inc/class-whmc_cart.php on line 205
[11-Sep-2025 16:33:53 UTC] PHP Notice:  wp_json_file_decode(): Error when decoding a JSON file at path /Users/asad-dc/Local Sites/stone-stomper/app/public/wp-content/themes/stone-stomper/theme.json: Syntax error in /Users/asad-dc/Local Sites/stone-stomper/app/public/wp-includes/functions.php on line 6121
[11-Sep-2025 16:33:53 UTC] PHP Notice:  wp_json_file_decode(): Error when decoding a JSON file at path /Users/asad-dc/Local Sites/stone-stomper/app/public/wp-content/themes/stone-stomper/theme.json: Syntax error in /Users/asad-dc/Local Sites/stone-stomper/app/public/wp-includes/functions.php on line 6121
[11-Sep-2025 16:33:53 UTC] PHP Warning:  filemtime(): stat failed for /Users/asad-dc/Local Sites/stone-stomper/app/public/wp-content/themes/stone-stomper/assets/build/styles.min.css in /Users/asad-dc/Local Sites/stone-stomper/app/public/wp-content/themes/stone-stomper/includes/classes/code/class-wp-theme-custom.php on line 904
[11-Sep-2025 16:33:53 UTC] PHP Warning:  filemtime(): stat failed for /Users/asad-dc/Local Sites/stone-stomper/app/public/wp-content/themes/stone-stomper/assets/build/header.min.js in /Users/asad-dc/Local Sites/stone-stomper/app/public/wp-content/themes/stone-stomper/includes/classes/code/class-wp-theme-custom.php on line 837
[11-Sep-2025 16:33:53 UTC] PHP Warning:  filemtime(): stat failed for /Users/asad-dc/Local Sites/stone-stomper/app/public/wp-content/themes/stone-stomper/assets/build/vendors/swiper-bundle.min.js in /Users/asad-dc/Local Sites/stone-stomper/app/public/wp-content/themes/stone-stomper/includes/classes/code/class-wp-theme-custom.php on line 837
[11-Sep-2025 16:33:53 UTC] PHP Notice:  wp_json_file_decode(): Error when decoding a JSON file at path /Users/asad-dc/Local Sites/stone-stomper/app/public/wp-content/themes/stone-stomper/theme.json: Syntax error in /Users/asad-dc/Local Sites/stone-stomper/app/public/wp-includes/functions.php on line 6121
[11-Sep-2025 16:33:53 UTC] PHP Warning:  Undefined variable $whmc_svaevluft in /Users/asad-dc/Local Sites/stone-stomper/app/public/wp-content/plugins/mini-cart-for-woocommerce/inc/class-whmc_cart.php on line 205
[11-Sep-2025 16:33:53 UTC] PHP Notice:  wp_json_file_decode(): Error when decoding a JSON file at path /Users/asad-dc/Local Sites/stone-stomper/app/public/wp-content/themes/stone-stomper/theme.json: Syntax error in /Users/asad-dc/Local Sites/stone-stomper/app/public/wp-includes/functions.php on line 6121
[11-Sep-2025 16:33:53 UTC] PHP Deprecated:  html_entity_decode(): Passing null to parameter #1 ($string) of type string is deprecated in /Users/asad-dc/Local Sites/stone-stomper/app/public/wp-content/themes/stone-stomper/404.php on line 30
[11-Sep-2025 16:33:53 UTC] PHP Deprecated:  html_entity_decode(): Passing null to parameter #1 ($string) of type string is deprecated in /Users/asad-dc/Local Sites/stone-stomper/app/public/wp-content/themes/stone-stomper/404.php on line 32
[11-Sep-2025 16:33:53 UTC] PHP Warning:  filemtime(): stat failed for /Users/asad-dc/Local Sites/stone-stomper/app/public/wp-content/themes/stone-stomper/assets/build/styles.min.css in /Users/asad-dc/Local Sites/stone-stomper/app/public/wp-content/themes/stone-stomper/includes/classes/code/class-wp-theme-custom.php on line 904
[11-Sep-2025 16:33:53 UTC] PHP Warning:  filemtime(): stat failed for /Users/asad-dc/Local Sites/stone-stomper/app/public/wp-content/themes/stone-stomper/assets/build/header.min.js in /Users/asad-dc/Local Sites/stone-stomper/app/public/wp-content/themes/stone-stomper/includes/classes/code/class-wp-theme-custom.php on line 837
[11-Sep-2025 16:33:53 UTC] PHP Warning:  filemtime(): stat failed for /Users/asad-dc/Local Sites/stone-stomper/app/public/wp-content/themes/stone-stomper/assets/build/vendors/swiper-bundle.min.js in /Users/asad-dc/Local Sites/stone-stomper/app/public/wp-content/themes/stone-stomper/includes/classes/code/class-wp-theme-custom.php on line 837
[11-Sep-2025 16:33:53 UTC] PHP Warning:  Undefined variable $whmc_svaevluft in /Users/asad-dc/Local Sites/stone-stomper/app/public/wp-content/plugins/mini-cart-for-woocommerce/inc/class-whmc_cart.php on line 205
[11-Sep-2025 16:33:53 UTC] PHP Deprecated:  html_entity_decode(): Passing null to parameter #1 ($string) of type string is deprecated in /Users/asad-dc/Local Sites/stone-stomper/app/public/wp-content/themes/stone-stomper/404.php on line 30
[11-Sep-2025 16:33:53 UTC] PHP Deprecated:  html_entity_decode(): Passing null to parameter #1 ($string) of type string is deprecated in /Users/asad-dc/Local Sites/stone-stomper/app/public/wp-content/themes/stone-stomper/404.php on line 32
[11-Sep-2025 16:33:54 UTC] PHP Notice:  wp_json_file_decode(): Error when decoding a JSON file at path /Users/asad-dc/Local Sites/stone-stomper/app/public/wp-content/themes/stone-stomper/theme.json: Syntax error in /Users/asad-dc/Local Sites/stone-stomper/app/public/wp-includes/functions.php on line 6121
[11-Sep-2025 16:33:54 UTC] PHP Notice:  wp_json_file_decode(): Error when decoding a JSON file at path /Users/asad-dc/Local Sites/stone-stomper/app/public/wp-content/themes/stone-stomper/theme.json: Syntax error in /Users/asad-dc/Local Sites/stone-stomper/app/public/wp-includes/functions.php on line 6121
[11-Sep-2025 16:33:54 UTC] PHP Warning:  filemtime(): stat failed for /Users/asad-dc/Local Sites/stone-stomper/app/public/wp-content/themes/stone-stomper/assets/build/styles.min.css in /Users/asad-dc/Local Sites/stone-stomper/app/public/wp-content/themes/stone-stomper/includes/classes/code/class-wp-theme-custom.php on line 904
[11-Sep-2025 16:33:54 UTC] PHP Warning:  filemtime(): stat failed for /Users/asad-dc/Local Sites/stone-stomper/app/public/wp-content/themes/stone-stomper/assets/build/header.min.js in /Users/asad-dc/Local Sites/stone-stomper/app/public/wp-content/themes/stone-stomper/includes/classes/code/class-wp-theme-custom.php on line 837
[11-Sep-2025 16:33:54 UTC] PHP Warning:  filemtime(): stat failed for /Users/asad-dc/Local Sites/stone-stomper/app/public/wp-content/themes/stone-stomper/assets/build/vendors/swiper-bundle.min.js in /Users/asad-dc/Local Sites/stone-stomper/app/public/wp-content/themes/stone-stomper/includes/classes/code/class-wp-theme-custom.php on line 837
[11-Sep-2025 16:33:54 UTC] PHP Warning:  Undefined variable $whmc_svaevluft in /Users/asad-dc/Local Sites/stone-stomper/app/public/wp-content/plugins/mini-cart-for-woocommerce/inc/class-whmc_cart.php on line 205
[11-Sep-2025 16:33:54 UTC] PHP Deprecated:  html_entity_decode(): Passing null to parameter #1 ($string) of type string is deprecated in /Users/asad-dc/Local Sites/stone-stomper/app/public/wp-content/themes/stone-stomper/404.php on line 30
[11-Sep-2025 16:33:54 UTC] PHP Deprecated:  html_entity_decode(): Passing null to parameter #1 ($string) of type string is deprecated in /Users/asad-dc/Local Sites/stone-stomper/app/public/wp-content/themes/stone-stomper/404.php on line 32
[11-Sep-2025 16:33:54 UTC] PHP Notice:  wp_json_file_decode(): Error when decoding a JSON file at path /Users/asad-dc/Local Sites/stone-stomper/app/public/wp-content/themes/stone-stomper/theme.json: Syntax error in /Users/asad-dc/Local Sites/stone-stomper/app/public/wp-includes/functions.php on line 6121
[11-Sep-2025 16:33:54 UTC] PHP Notice:  wp_json_file_decode(): Error when decoding a JSON file at path /Users/asad-dc/Local Sites/stone-stomper/app/public/wp-content/themes/stone-stomper/theme.json: Syntax error in /Users/asad-dc/Local Sites/stone-stomper/app/public/wp-includes/functions.php on line 6121
[11-Sep-2025 16:33:54 UTC] PHP Warning:  filemtime(): stat failed for /Users/asad-dc/Local Sites/stone-stomper/app/public/wp-content/themes/stone-stomper/assets/build/styles.min.css in /Users/asad-dc/Local Sites/stone-stomper/app/public/wp-content/themes/stone-stomper/includes/classes/code/class-wp-theme-custom.php on line 904
[11-Sep-2025 16:33:54 UTC] PHP Warning:  filemtime(): stat failed for /Users/asad-dc/Local Sites/stone-stomper/app/public/wp-content/themes/stone-stomper/assets/build/header.min.js in /Users/asad-dc/Local Sites/stone-stomper/app/public/wp-content/themes/stone-stomper/includes/classes/code/class-wp-theme-custom.php on line 837
[11-Sep-2025 16:33:54 UTC] PHP Warning:  filemtime(): stat failed for /Users/asad-dc/Local Sites/stone-stomper/app/public/wp-content/themes/stone-stomper/assets/build/vendors/swiper-bundle.min.js in /Users/asad-dc/Local Sites/stone-stomper/app/public/wp-content/themes/stone-stomper/includes/classes/code/class-wp-theme-custom.php on line 837
[11-Sep-2025 16:33:54 UTC] PHP Warning:  Undefined variable $whmc_svaevluft in /Users/asad-dc/Local Sites/stone-stomper/app/public/wp-content/plugins/mini-cart-for-woocommerce/inc/class-whmc_cart.php on line 205
[11-Sep-2025 16:33:54 UTC] PHP Deprecated:  html_entity_decode(): Passing null to parameter #1 ($string) of type string is deprecated in /Users/asad-dc/Local Sites/stone-stomper/app/public/wp-content/themes/stone-stomper/404.php on line 30
[11-Sep-2025 16:33:54 UTC] PHP Deprecated:  html_entity_decode(): Passing null to parameter #1 ($string) of type string is deprecated in /Users/asad-dc/Local Sites/stone-stomper/app/public/wp-content/themes/stone-stomper/404.php on line 32
[11-Sep-2025 16:33:54 UTC] PHP Notice:  wp_json_file_decode(): Error when decoding a JSON file at path /Users/asad-dc/Local Sites/stone-stomper/app/public/wp-content/themes/stone-stomper/theme.json: Syntax error in /Users/asad-dc/Local Sites/stone-stomper/app/public/wp-includes/functions.php on line 6121
[11-Sep-2025 16:33:54 UTC] PHP Notice:  wp_json_file_decode(): Error when decoding a JSON file at path /Users/asad-dc/Local Sites/stone-stomper/app/public/wp-content/themes/stone-stomper/theme.json: Syntax error in /Users/asad-dc/Local Sites/stone-stomper/app/public/wp-includes/functions.php on line 6121
[11-Sep-2025 16:33:54 UTC] PHP Warning:  filemtime(): stat failed for /Users/asad-dc/Local Sites/stone-stomper/app/public/wp-content/themes/stone-stomper/assets/build/styles.min.css in /Users/asad-dc/Local Sites/stone-stomper/app/public/wp-content/themes/stone-stomper/includes/classes/code/class-wp-theme-custom.php on line 904
[11-Sep-2025 16:33:54 UTC] PHP Warning:  filemtime(): stat failed for /Users/asad-dc/Local Sites/stone-stomper/app/public/wp-content/themes/stone-stomper/assets/build/header.min.js in /Users/asad-dc/Local Sites/stone-stomper/app/public/wp-content/themes/stone-stomper/includes/classes/code/class-wp-theme-custom.php on line 837
[11-Sep-2025 16:33:54 UTC] PHP Warning:  filemtime(): stat failed for /Users/asad-dc/Local Sites/stone-stomper/app/public/wp-content/themes/stone-stomper/assets/build/vendors/swiper-bundle.min.js in /Users/asad-dc/Local Sites/stone-stomper/app/public/wp-content/themes/stone-stomper/includes/classes/code/class-wp-theme-custom.php on line 837
[11-Sep-2025 16:33:54 UTC] PHP Warning:  Undefined variable $whmc_svaevluft in /Users/asad-dc/Local Sites/stone-stomper/app/public/wp-content/plugins/mini-cart-for-woocommerce/inc/class-whmc_cart.php on line 205
[11-Sep-2025 16:33:54 UTC] PHP Deprecated:  html_entity_decode(): Passing null to parameter #1 ($string) of type string is deprecated in /Users/asad-dc/Local Sites/stone-stomper/app/public/wp-content/themes/stone-stomper/404.php on line 30
[11-Sep-2025 16:33:54 UTC] PHP Deprecated:  html_entity_decode(): Passing null to parameter #1 ($string) of type string is deprecated in /Users/asad-dc/Local Sites/stone-stomper/app/public/wp-content/themes/stone-stomper/404.php on line 32
[11-Sep-2025 16:33:55 UTC] PHP Notice:  wp_json_file_decode(): Error when decoding a JSON file at path /Users/asad-dc/Local Sites/stone-stomper/app/public/wp-content/themes/stone-stomper/theme.json: Syntax error in /Users/asad-dc/Local Sites/stone-stomper/app/public/wp-includes/functions.php on line 6121
[11-Sep-2025 16:33:55 UTC] PHP Notice:  wp_json_file_decode(): Error when decoding a JSON file at path /Users/asad-dc/Local Sites/stone-stomper/app/public/wp-content/themes/stone-stomper/theme.json: Syntax error in /Users/asad-dc/Local Sites/stone-stomper/app/public/wp-includes/functions.php on line 6121
[11-Sep-2025 16:33:55 UTC] PHP Warning:  filemtime(): stat failed for /Users/asad-dc/Local Sites/stone-stomper/app/public/wp-content/themes/stone-stomper/assets/build/styles.min.css in /Users/asad-dc/Local Sites/stone-stomper/app/public/wp-content/themes/stone-stomper/includes/classes/code/class-wp-theme-custom.php on line 904
[11-Sep-2025 16:33:55 UTC] PHP Warning:  filemtime(): stat failed for /Users/asad-dc/Local Sites/stone-stomper/app/public/wp-content/themes/stone-stomper/assets/build/header.min.js in /Users/asad-dc/Local Sites/stone-stomper/app/public/wp-content/themes/stone-stomper/includes/classes/code/class-wp-theme-custom.php on line 837
[11-Sep-2025 16:33:55 UTC] PHP Warning:  filemtime(): stat failed for /Users/asad-dc/Local Sites/stone-stomper/app/public/wp-content/themes/stone-stomper/assets/build/vendors/swiper-bundle.min.js in /Users/asad-dc/Local Sites/stone-stomper/app/public/wp-content/themes/stone-stomper/includes/classes/code/class-wp-theme-custom.php on line 837
[11-Sep-2025 16:33:55 UTC] PHP Warning:  Undefined variable $whmc_svaevluft in /Users/asad-dc/Local Sites/stone-stomper/app/public/wp-content/plugins/mini-cart-for-woocommerce/inc/class-whmc_cart.php on line 205
[11-Sep-2025 16:33:56 UTC] PHP Notice:  wp_json_file_decode(): Error when decoding a JSON file at path /Users/asad-dc/Local Sites/stone-stomper/app/public/wp-content/themes/stone-stomper/theme.json: Syntax error in /Users/asad-dc/Local Sites/stone-stomper/app/public/wp-includes/functions.php on line 6121
[11-Sep-2025 16:33:56 UTC] PHP Notice:  wp_json_file_decode(): Error when decoding a JSON file at path /Users/asad-dc/Local Sites/stone-stomper/app/public/wp-content/themes/stone-stomper/theme.json: Syntax error in /Users/asad-dc/Local Sites/stone-stomper/app/public/wp-includes/functions.php on line 6121
[11-Sep-2025 16:33:56 UTC] PHP Warning:  filemtime(): stat failed for /Users/asad-dc/Local Sites/stone-stomper/app/public/wp-content/themes/stone-stomper/assets/build/styles.min.css in /Users/asad-dc/Local Sites/stone-stomper/app/public/wp-content/themes/stone-stomper/includes/classes/code/class-wp-theme-custom.php on line 904
[11-Sep-2025 16:33:56 UTC] PHP Warning:  filemtime(): stat failed for /Users/asad-dc/Local Sites/stone-stomper/app/public/wp-content/themes/stone-stomper/assets/build/header.min.js in /Users/asad-dc/Local Sites/stone-stomper/app/public/wp-content/themes/stone-stomper/includes/classes/code/class-wp-theme-custom.php on line 837
[11-Sep-2025 16:33:56 UTC] PHP Warning:  filemtime(): stat failed for /Users/asad-dc/Local Sites/stone-stomper/app/public/wp-content/themes/stone-stomper/assets/build/vendors/swiper-bundle.min.js in /Users/asad-dc/Local Sites/stone-stomper/app/public/wp-content/themes/stone-stomper/includes/classes/code/class-wp-theme-custom.php on line 837
[11-Sep-2025 16:33:56 UTC] PHP Warning:  Undefined variable $whmc_svaevluft in /Users/asad-dc/Local Sites/stone-stomper/app/public/wp-content/plugins/mini-cart-for-woocommerce/inc/class-whmc_cart.php on line 205
[11-Sep-2025 16:33:56 UTC] PHP Deprecated:  html_entity_decode(): Passing null to parameter #1 ($string) of type string is deprecated in /Users/asad-dc/Local Sites/stone-stomper/app/public/wp-content/themes/stone-stomper/404.php on line 30
[11-Sep-2025 16:33:56 UTC] PHP Deprecated:  html_entity_decode(): Passing null to parameter #1 ($string) of type string is deprecated in /Users/asad-dc/Local Sites/stone-stomper/app/public/wp-content/themes/stone-stomper/404.php on line 32
[11-Sep-2025 16:33:56 UTC] PHP Notice:  wp_json_file_decode(): Error when decoding a JSON file at path /Users/asad-dc/Local Sites/stone-stomper/app/public/wp-content/themes/stone-stomper/theme.json: Syntax error in /Users/asad-dc/Local Sites/stone-stomper/app/public/wp-includes/functions.php on line 6121
[11-Sep-2025 16:33:56 UTC] PHP Notice:  wp_json_file_decode(): Error when decoding a JSON file at path /Users/asad-dc/Local Sites/stone-stomper/app/public/wp-content/themes/stone-stomper/theme.json: Syntax error in /Users/asad-dc/Local Sites/stone-stomper/app/public/wp-includes/functions.php on line 6121
[11-Sep-2025 16:33:56 UTC] PHP Warning:  filemtime(): stat failed for /Users/asad-dc/Local Sites/stone-stomper/app/public/wp-content/themes/stone-stomper/assets/build/styles.min.css in /Users/asad-dc/Local Sites/stone-stomper/app/public/wp-content/themes/stone-stomper/includes/classes/code/class-wp-theme-custom.php on line 904
[11-Sep-2025 16:33:56 UTC] PHP Warning:  filemtime(): stat failed for /Users/asad-dc/Local Sites/stone-stomper/app/public/wp-content/themes/stone-stomper/assets/build/header.min.js in /Users/asad-dc/Local Sites/stone-stomper/app/public/wp-content/themes/stone-stomper/includes/classes/code/class-wp-theme-custom.php on line 837
[11-Sep-2025 16:33:56 UTC] PHP Warning:  filemtime(): stat failed for /Users/asad-dc/Local Sites/stone-stomper/app/public/wp-content/themes/stone-stomper/assets/build/vendors/swiper-bundle.min.js in /Users/asad-dc/Local Sites/stone-stomper/app/public/wp-content/themes/stone-stomper/includes/classes/code/class-wp-theme-custom.php on line 837
[11-Sep-2025 16:33:56 UTC] PHP Warning:  Undefined variable $whmc_svaevluft in /Users/asad-dc/Local Sites/stone-stomper/app/public/wp-content/plugins/mini-cart-for-woocommerce/inc/class-whmc_cart.php on line 205
[11-Sep-2025 16:33:56 UTC] PHP Deprecated:  html_entity_decode(): Passing null to parameter #1 ($string) of type string is deprecated in /Users/asad-dc/Local Sites/stone-stomper/app/public/wp-content/themes/stone-stomper/404.php on line 30
[11-Sep-2025 16:33:56 UTC] PHP Deprecated:  html_entity_decode(): Passing null to parameter #1 ($string) of type string is deprecated in /Users/asad-dc/Local Sites/stone-stomper/app/public/wp-content/themes/stone-stomper/404.php on line 32
[11-Sep-2025 16:35:17 UTC] PHP Notice:  wp_json_file_decode(): Error when decoding a JSON file at path /Users/asad-dc/Local Sites/stone-stomper/app/public/wp-content/themes/stone-stomper/theme.json: Syntax error in /Users/asad-dc/Local Sites/stone-stomper/app/public/wp-includes/functions.php on line 6121
[11-Sep-2025 16:35:17 UTC] PHP Notice:  wp_json_file_decode(): Error when decoding a JSON file at path /Users/asad-dc/Local Sites/stone-stomper/app/public/wp-content/themes/stone-stomper/theme.json: Syntax error in /Users/asad-dc/Local Sites/stone-stomper/app/public/wp-includes/functions.php on line 6121
[11-Sep-2025 16:35:17 UTC] PHP Warning:  filemtime(): stat failed for /Users/asad-dc/Local Sites/stone-stomper/app/public/wp-content/themes/stone-stomper/assets/build/styles.min.css in /Users/asad-dc/Local Sites/stone-stomper/app/public/wp-content/themes/stone-stomper/includes/classes/code/class-wp-theme-custom.php on line 904
[11-Sep-2025 16:35:17 UTC] PHP Warning:  filemtime(): stat failed for /Users/asad-dc/Local Sites/stone-stomper/app/public/wp-content/themes/stone-stomper/assets/build/header.min.js in /Users/asad-dc/Local Sites/stone-stomper/app/public/wp-content/themes/stone-stomper/includes/classes/code/class-wp-theme-custom.php on line 837
[11-Sep-2025 16:35:17 UTC] PHP Warning:  filemtime(): stat failed for /Users/asad-dc/Local Sites/stone-stomper/app/public/wp-content/themes/stone-stomper/assets/build/vendors/swiper-bundle.min.js in /Users/asad-dc/Local Sites/stone-stomper/app/public/wp-content/themes/stone-stomper/includes/classes/code/class-wp-theme-custom.php on line 837
[11-Sep-2025 16:35:17 UTC] PHP Warning:  Undefined variable $whmc_svaevluft in /Users/asad-dc/Local Sites/stone-stomper/app/public/wp-content/plugins/mini-cart-for-woocommerce/inc/class-whmc_cart.php on line 205
[11-Sep-2025 16:35:18 UTC] PHP Notice:  wp_json_file_decode(): Error when decoding a JSON file at path /Users/asad-dc/Local Sites/stone-stomper/app/public/wp-content/themes/stone-stomper/theme.json: Syntax error in /Users/asad-dc/Local Sites/stone-stomper/app/public/wp-includes/functions.php on line 6121
[11-Sep-2025 16:35:18 UTC] PHP Notice:  wp_json_file_decode(): Error when decoding a JSON file at path /Users/asad-dc/Local Sites/stone-stomper/app/public/wp-content/themes/stone-stomper/theme.json: Syntax error in /Users/asad-dc/Local Sites/stone-stomper/app/public/wp-includes/functions.php on line 6121
[11-Sep-2025 16:35:18 UTC] PHP Notice:  wp_json_file_decode(): Error when decoding a JSON file at path /Users/asad-dc/Local Sites/stone-stomper/app/public/wp-content/themes/stone-stomper/theme.json: Syntax error in /Users/asad-dc/Local Sites/stone-stomper/app/public/wp-includes/functions.php on line 6121
[11-Sep-2025 16:35:18 UTC] PHP Notice:  wp_json_file_decode(): Error when decoding a JSON file at path /Users/asad-dc/Local Sites/stone-stomper/app/public/wp-content/themes/stone-stomper/theme.json: Syntax error in /Users/asad-dc/Local Sites/stone-stomper/app/public/wp-includes/functions.php on line 6121
[11-Sep-2025 16:35:18 UTC] PHP Warning:  filemtime(): stat failed for /Users/asad-dc/Local Sites/stone-stomper/app/public/wp-content/themes/stone-stomper/assets/build/styles.min.css in /Users/asad-dc/Local Sites/stone-stomper/app/public/wp-content/themes/stone-stomper/includes/classes/code/class-wp-theme-custom.php on line 904
[11-Sep-2025 16:35:18 UTC] PHP Warning:  filemtime(): stat failed for /Users/asad-dc/Local Sites/stone-stomper/app/public/wp-content/themes/stone-stomper/assets/build/styles.min.css in /Users/asad-dc/Local Sites/stone-stomper/app/public/wp-content/themes/stone-stomper/includes/classes/code/class-wp-theme-custom.php on line 904
[11-Sep-2025 16:35:18 UTC] PHP Warning:  filemtime(): stat failed for /Users/asad-dc/Local Sites/stone-stomper/app/public/wp-content/themes/stone-stomper/assets/build/header.min.js in /Users/asad-dc/Local Sites/stone-stomper/app/public/wp-content/themes/stone-stomper/includes/classes/code/class-wp-theme-custom.php on line 837
[11-Sep-2025 16:35:18 UTC] PHP Warning:  filemtime(): stat failed for /Users/asad-dc/Local Sites/stone-stomper/app/public/wp-content/themes/stone-stomper/assets/build/header.min.js in /Users/asad-dc/Local Sites/stone-stomper/app/public/wp-content/themes/stone-stomper/includes/classes/code/class-wp-theme-custom.php on line 837
[11-Sep-2025 16:35:18 UTC] PHP Warning:  filemtime(): stat failed for /Users/asad-dc/Local Sites/stone-stomper/app/public/wp-content/themes/stone-stomper/assets/build/vendors/swiper-bundle.min.js in /Users/asad-dc/Local Sites/stone-stomper/app/public/wp-content/themes/stone-stomper/includes/classes/code/class-wp-theme-custom.php on line 837
[11-Sep-2025 16:35:18 UTC] PHP Warning:  filemtime(): stat failed for /Users/asad-dc/Local Sites/stone-stomper/app/public/wp-content/themes/stone-stomper/assets/build/vendors/swiper-bundle.min.js in /Users/asad-dc/Local Sites/stone-stomper/app/public/wp-content/themes/stone-stomper/includes/classes/code/class-wp-theme-custom.php on line 837
[11-Sep-2025 16:35:18 UTC] PHP Warning:  Undefined variable $whmc_svaevluft in /Users/asad-dc/Local Sites/stone-stomper/app/public/wp-content/plugins/mini-cart-for-woocommerce/inc/class-whmc_cart.php on line 205
[11-Sep-2025 16:35:18 UTC] PHP Warning:  Undefined variable $whmc_svaevluft in /Users/asad-dc/Local Sites/stone-stomper/app/public/wp-content/plugins/mini-cart-for-woocommerce/inc/class-whmc_cart.php on line 205
[11-Sep-2025 16:35:18 UTC] PHP Deprecated:  html_entity_decode(): Passing null to parameter #1 ($string) of type string is deprecated in /Users/asad-dc/Local Sites/stone-stomper/app/public/wp-content/themes/stone-stomper/404.php on line 30
[11-Sep-2025 16:35:18 UTC] PHP Deprecated:  html_entity_decode(): Passing null to parameter #1 ($string) of type string is deprecated in /Users/asad-dc/Local Sites/stone-stomper/app/public/wp-content/themes/stone-stomper/404.php on line 30
[11-Sep-2025 16:35:18 UTC] PHP Deprecated:  html_entity_decode(): Passing null to parameter #1 ($string) of type string is deprecated in /Users/asad-dc/Local Sites/stone-stomper/app/public/wp-content/themes/stone-stomper/404.php on line 32
[11-Sep-2025 16:35:18 UTC] PHP Deprecated:  html_entity_decode(): Passing null to parameter #1 ($string) of type string is deprecated in /Users/asad-dc/Local Sites/stone-stomper/app/public/wp-content/themes/stone-stomper/404.php on line 32
[11-Sep-2025 16:35:18 UTC] PHP Notice:  wp_json_file_decode(): Error when decoding a JSON file at path /Users/asad-dc/Local Sites/stone-stomper/app/public/wp-content/themes/stone-stomper/theme.json: Syntax error in /Users/asad-dc/Local Sites/stone-stomper/app/public/wp-includes/functions.php on line 6121
[11-Sep-2025 16:35:18 UTC] PHP Notice:  wp_json_file_decode(): Error when decoding a JSON file at path /Users/asad-dc/Local Sites/stone-stomper/app/public/wp-content/themes/stone-stomper/theme.json: Syntax error in /Users/asad-dc/Local Sites/stone-stomper/app/public/wp-includes/functions.php on line 6121
[11-Sep-2025 16:35:18 UTC] PHP Notice:  wp_json_file_decode(): Error when decoding a JSON file at path /Users/asad-dc/Local Sites/stone-stomper/app/public/wp-content/themes/stone-stomper/theme.json: Syntax error in /Users/asad-dc/Local Sites/stone-stomper/app/public/wp-includes/functions.php on line 6121
[11-Sep-2025 16:35:18 UTC] PHP Notice:  wp_json_file_decode(): Error when decoding a JSON file at path /Users/asad-dc/Local Sites/stone-stomper/app/public/wp-content/themes/stone-stomper/theme.json: Syntax error in /Users/asad-dc/Local Sites/stone-stomper/app/public/wp-includes/functions.php on line 6121
[11-Sep-2025 16:35:18 UTC] PHP Warning:  filemtime(): stat failed for /Users/asad-dc/Local Sites/stone-stomper/app/public/wp-content/themes/stone-stomper/assets/build/styles.min.css in /Users/asad-dc/Local Sites/stone-stomper/app/public/wp-content/themes/stone-stomper/includes/classes/code/class-wp-theme-custom.php on line 904
[11-Sep-2025 16:35:18 UTC] PHP Warning:  filemtime(): stat failed for /Users/asad-dc/Local Sites/stone-stomper/app/public/wp-content/themes/stone-stomper/assets/build/styles.min.css in /Users/asad-dc/Local Sites/stone-stomper/app/public/wp-content/themes/stone-stomper/includes/classes/code/class-wp-theme-custom.php on line 904
[11-Sep-2025 16:35:18 UTC] PHP Warning:  filemtime(): stat failed for /Users/asad-dc/Local Sites/stone-stomper/app/public/wp-content/themes/stone-stomper/assets/build/header.min.js in /Users/asad-dc/Local Sites/stone-stomper/app/public/wp-content/themes/stone-stomper/includes/classes/code/class-wp-theme-custom.php on line 837
[11-Sep-2025 16:35:18 UTC] PHP Warning:  filemtime(): stat failed for /Users/asad-dc/Local Sites/stone-stomper/app/public/wp-content/themes/stone-stomper/assets/build/header.min.js in /Users/asad-dc/Local Sites/stone-stomper/app/public/wp-content/themes/stone-stomper/includes/classes/code/class-wp-theme-custom.php on line 837
[11-Sep-2025 16:35:18 UTC] PHP Warning:  filemtime(): stat failed for /Users/asad-dc/Local Sites/stone-stomper/app/public/wp-content/themes/stone-stomper/assets/build/vendors/swiper-bundle.min.js in /Users/asad-dc/Local Sites/stone-stomper/app/public/wp-content/themes/stone-stomper/includes/classes/code/class-wp-theme-custom.php on line 837
[11-Sep-2025 16:35:18 UTC] PHP Warning:  filemtime(): stat failed for /Users/asad-dc/Local Sites/stone-stomper/app/public/wp-content/themes/stone-stomper/assets/build/vendors/swiper-bundle.min.js in /Users/asad-dc/Local Sites/stone-stomper/app/public/wp-content/themes/stone-stomper/includes/classes/code/class-wp-theme-custom.php on line 837
[11-Sep-2025 16:35:18 UTC] PHP Warning:  Undefined variable $whmc_svaevluft in /Users/asad-dc/Local Sites/stone-stomper/app/public/wp-content/plugins/mini-cart-for-woocommerce/inc/class-whmc_cart.php on line 205
[11-Sep-2025 16:35:18 UTC] PHP Warning:  Undefined variable $whmc_svaevluft in /Users/asad-dc/Local Sites/stone-stomper/app/public/wp-content/plugins/mini-cart-for-woocommerce/inc/class-whmc_cart.php on line 205
[11-Sep-2025 16:35:18 UTC] PHP Deprecated:  html_entity_decode(): Passing null to parameter #1 ($string) of type string is deprecated in /Users/asad-dc/Local Sites/stone-stomper/app/public/wp-content/themes/stone-stomper/404.php on line 30
[11-Sep-2025 16:35:18 UTC] PHP Deprecated:  html_entity_decode(): Passing null to parameter #1 ($string) of type string is deprecated in /Users/asad-dc/Local Sites/stone-stomper/app/public/wp-content/themes/stone-stomper/404.php on line 30
[11-Sep-2025 16:35:18 UTC] PHP Deprecated:  html_entity_decode(): Passing null to parameter #1 ($string) of type string is deprecated in /Users/asad-dc/Local Sites/stone-stomper/app/public/wp-content/themes/stone-stomper/404.php on line 32
[11-Sep-2025 16:35:18 UTC] PHP Deprecated:  html_entity_decode(): Passing null to parameter #1 ($string) of type string is deprecated in /Users/asad-dc/Local Sites/stone-stomper/app/public/wp-content/themes/stone-stomper/404.php on line 32
[11-Sep-2025 16:35:19 UTC] PHP Notice:  wp_json_file_decode(): Error when decoding a JSON file at path /Users/asad-dc/Local Sites/stone-stomper/app/public/wp-content/themes/stone-stomper/theme.json: Syntax error in /Users/asad-dc/Local Sites/stone-stomper/app/public/wp-includes/functions.php on line 6121
[11-Sep-2025 16:35:19 UTC] PHP Notice:  wp_json_file_decode(): Error when decoding a JSON file at path /Users/asad-dc/Local Sites/stone-stomper/app/public/wp-content/themes/stone-stomper/theme.json: Syntax error in /Users/asad-dc/Local Sites/stone-stomper/app/public/wp-includes/functions.php on line 6121
[11-Sep-2025 16:35:19 UTC] PHP Warning:  filemtime(): stat failed for /Users/asad-dc/Local Sites/stone-stomper/app/public/wp-content/themes/stone-stomper/assets/build/styles.min.css in /Users/asad-dc/Local Sites/stone-stomper/app/public/wp-content/themes/stone-stomper/includes/classes/code/class-wp-theme-custom.php on line 904
[11-Sep-2025 16:35:19 UTC] PHP Warning:  filemtime(): stat failed for /Users/asad-dc/Local Sites/stone-stomper/app/public/wp-content/themes/stone-stomper/assets/build/header.min.js in /Users/asad-dc/Local Sites/stone-stomper/app/public/wp-content/themes/stone-stomper/includes/classes/code/class-wp-theme-custom.php on line 837
[11-Sep-2025 16:35:19 UTC] PHP Warning:  filemtime(): stat failed for /Users/asad-dc/Local Sites/stone-stomper/app/public/wp-content/themes/stone-stomper/assets/build/vendors/swiper-bundle.min.js in /Users/asad-dc/Local Sites/stone-stomper/app/public/wp-content/themes/stone-stomper/includes/classes/code/class-wp-theme-custom.php on line 837
[11-Sep-2025 16:35:19 UTC] PHP Warning:  Undefined variable $whmc_svaevluft in /Users/asad-dc/Local Sites/stone-stomper/app/public/wp-content/plugins/mini-cart-for-woocommerce/inc/class-whmc_cart.php on line 205
[11-Sep-2025 16:35:19 UTC] PHP Deprecated:  html_entity_decode(): Passing null to parameter #1 ($string) of type string is deprecated in /Users/asad-dc/Local Sites/stone-stomper/app/public/wp-content/themes/stone-stomper/404.php on line 30
[11-Sep-2025 16:35:19 UTC] PHP Deprecated:  html_entity_decode(): Passing null to parameter #1 ($string) of type string is deprecated in /Users/asad-dc/Local Sites/stone-stomper/app/public/wp-content/themes/stone-stomper/404.php on line 32
[11-Sep-2025 16:35:20 UTC] PHP Notice:  wp_json_file_decode(): Error when decoding a JSON file at path /Users/asad-dc/Local Sites/stone-stomper/app/public/wp-content/themes/stone-stomper/theme.json: Syntax error in /Users/asad-dc/Local Sites/stone-stomper/app/public/wp-includes/functions.php on line 6121
[11-Sep-2025 16:35:20 UTC] PHP Notice:  wp_json_file_decode(): Error when decoding a JSON file at path /Users/asad-dc/Local Sites/stone-stomper/app/public/wp-content/themes/stone-stomper/theme.json: Syntax error in /Users/asad-dc/Local Sites/stone-stomper/app/public/wp-includes/functions.php on line 6121
[11-Sep-2025 16:35:20 UTC] PHP Warning:  filemtime(): stat failed for /Users/asad-dc/Local Sites/stone-stomper/app/public/wp-content/themes/stone-stomper/assets/build/styles.min.css in /Users/asad-dc/Local Sites/stone-stomper/app/public/wp-content/themes/stone-stomper/includes/classes/code/class-wp-theme-custom.php on line 904
[11-Sep-2025 16:35:20 UTC] PHP Warning:  filemtime(): stat failed for /Users/asad-dc/Local Sites/stone-stomper/app/public/wp-content/themes/stone-stomper/assets/build/header.min.js in /Users/asad-dc/Local Sites/stone-stomper/app/public/wp-content/themes/stone-stomper/includes/classes/code/class-wp-theme-custom.php on line 837
[11-Sep-2025 16:35:20 UTC] PHP Warning:  filemtime(): stat failed for /Users/asad-dc/Local Sites/stone-stomper/app/public/wp-content/themes/stone-stomper/assets/build/vendors/swiper-bundle.min.js in /Users/asad-dc/Local Sites/stone-stomper/app/public/wp-content/themes/stone-stomper/includes/classes/code/class-wp-theme-custom.php on line 837
[11-Sep-2025 16:35:20 UTC] PHP Warning:  Undefined variable $whmc_svaevluft in /Users/asad-dc/Local Sites/stone-stomper/app/public/wp-content/plugins/mini-cart-for-woocommerce/inc/class-whmc_cart.php on line 205
[11-Sep-2025 16:35:20 UTC] PHP Deprecated:  html_entity_decode(): Passing null to parameter #1 ($string) of type string is deprecated in /Users/asad-dc/Local Sites/stone-stomper/app/public/wp-content/themes/stone-stomper/404.php on line 30
[11-Sep-2025 16:35:20 UTC] PHP Deprecated:  html_entity_decode(): Passing null to parameter #1 ($string) of type string is deprecated in /Users/asad-dc/Local Sites/stone-stomper/app/public/wp-content/themes/stone-stomper/404.php on line 32
[11-Sep-2025 16:35:22 UTC] PHP Notice:  wp_json_file_decode(): Error when decoding a JSON file at path /Users/asad-dc/Local Sites/stone-stomper/app/public/wp-content/themes/stone-stomper/theme.json: Syntax error in /Users/asad-dc/Local Sites/stone-stomper/app/public/wp-includes/functions.php on line 6121
[11-Sep-2025 16:35:22 UTC] PHP Notice:  wp_json_file_decode(): Error when decoding a JSON file at path /Users/asad-dc/Local Sites/stone-stomper/app/public/wp-content/themes/stone-stomper/theme.json: Syntax error in /Users/asad-dc/Local Sites/stone-stomper/app/public/wp-includes/functions.php on line 6121
[11-Sep-2025 16:35:22 UTC] PHP Warning:  filemtime(): stat failed for /Users/asad-dc/Local Sites/stone-stomper/app/public/wp-content/themes/stone-stomper/assets/build/styles.min.css in /Users/asad-dc/Local Sites/stone-stomper/app/public/wp-content/themes/stone-stomper/includes/classes/code/class-wp-theme-custom.php on line 904
[11-Sep-2025 16:35:22 UTC] PHP Warning:  filemtime(): stat failed for /Users/asad-dc/Local Sites/stone-stomper/app/public/wp-content/themes/stone-stomper/assets/build/header.min.js in /Users/asad-dc/Local Sites/stone-stomper/app/public/wp-content/themes/stone-stomper/includes/classes/code/class-wp-theme-custom.php on line 837
[11-Sep-2025 16:35:22 UTC] PHP Warning:  filemtime(): stat failed for /Users/asad-dc/Local Sites/stone-stomper/app/public/wp-content/themes/stone-stomper/assets/build/vendors/swiper-bundle.min.js in /Users/asad-dc/Local Sites/stone-stomper/app/public/wp-content/themes/stone-stomper/includes/classes/code/class-wp-theme-custom.php on line 837
[11-Sep-2025 16:35:22 UTC] PHP Warning:  Undefined variable $whmc_svaevluft in /Users/asad-dc/Local Sites/stone-stomper/app/public/wp-content/plugins/mini-cart-for-woocommerce/inc/class-whmc_cart.php on line 205
[11-Sep-2025 16:35:22 UTC] PHP Notice:  wp_json_file_decode(): Error when decoding a JSON file at path /Users/asad-dc/Local Sites/stone-stomper/app/public/wp-content/themes/stone-stomper/theme.json: Syntax error in /Users/asad-dc/Local Sites/stone-stomper/app/public/wp-includes/functions.php on line 6121
[11-Sep-2025 16:35:22 UTC] PHP Notice:  wp_json_file_decode(): Error when decoding a JSON file at path /Users/asad-dc/Local Sites/stone-stomper/app/public/wp-content/themes/stone-stomper/theme.json: Syntax error in /Users/asad-dc/Local Sites/stone-stomper/app/public/wp-includes/functions.php on line 6121
[11-Sep-2025 16:35:22 UTC] PHP Warning:  filemtime(): stat failed for /Users/asad-dc/Local Sites/stone-stomper/app/public/wp-content/themes/stone-stomper/assets/build/styles.min.css in /Users/asad-dc/Local Sites/stone-stomper/app/public/wp-content/themes/stone-stomper/includes/classes/code/class-wp-theme-custom.php on line 904
[11-Sep-2025 16:35:22 UTC] PHP Warning:  filemtime(): stat failed for /Users/asad-dc/Local Sites/stone-stomper/app/public/wp-content/themes/stone-stomper/assets/build/header.min.js in /Users/asad-dc/Local Sites/stone-stomper/app/public/wp-content/themes/stone-stomper/includes/classes/code/class-wp-theme-custom.php on line 837
[11-Sep-2025 16:35:22 UTC] PHP Warning:  filemtime(): stat failed for /Users/asad-dc/Local Sites/stone-stomper/app/public/wp-content/themes/stone-stomper/assets/build/vendors/swiper-bundle.min.js in /Users/asad-dc/Local Sites/stone-stomper/app/public/wp-content/themes/stone-stomper/includes/classes/code/class-wp-theme-custom.php on line 837
[11-Sep-2025 16:35:22 UTC] PHP Warning:  Undefined variable $whmc_svaevluft in /Users/asad-dc/Local Sites/stone-stomper/app/public/wp-content/plugins/mini-cart-for-woocommerce/inc/class-whmc_cart.php on line 205
[11-Sep-2025 16:35:22 UTC] PHP Deprecated:  html_entity_decode(): Passing null to parameter #1 ($string) of type string is deprecated in /Users/asad-dc/Local Sites/stone-stomper/app/public/wp-content/themes/stone-stomper/404.php on line 30
[11-Sep-2025 16:35:22 UTC] PHP Deprecated:  html_entity_decode(): Passing null to parameter #1 ($string) of type string is deprecated in /Users/asad-dc/Local Sites/stone-stomper/app/public/wp-content/themes/stone-stomper/404.php on line 32
[11-Sep-2025 16:35:22 UTC] PHP Warning:  Array to string conversion in /Users/asad-dc/Local Sites/stone-stomper/app/public/wp-includes/formatting.php on line 1096
[11-Sep-2025 16:35:22 UTC] PHP Warning:  Array to string conversion in /Users/asad-dc/Local Sites/stone-stomper/app/public/wp-includes/formatting.php on line 1096
[11-Sep-2025 16:35:23 UTC] PHP Notice:  wp_json_file_decode(): Error when decoding a JSON file at path /Users/asad-dc/Local Sites/stone-stomper/app/public/wp-content/themes/stone-stomper/theme.json: Syntax error in /Users/asad-dc/Local Sites/stone-stomper/app/public/wp-includes/functions.php on line 6121
[11-Sep-2025 16:35:23 UTC] PHP Notice:  wp_json_file_decode(): Error when decoding a JSON file at path /Users/asad-dc/Local Sites/stone-stomper/app/public/wp-content/themes/stone-stomper/theme.json: Syntax error in /Users/asad-dc/Local Sites/stone-stomper/app/public/wp-includes/functions.php on line 6121
[11-Sep-2025 16:35:23 UTC] PHP Warning:  filemtime(): stat failed for /Users/asad-dc/Local Sites/stone-stomper/app/public/wp-content/themes/stone-stomper/assets/build/styles.min.css in /Users/asad-dc/Local Sites/stone-stomper/app/public/wp-content/themes/stone-stomper/includes/classes/code/class-wp-theme-custom.php on line 904
[11-Sep-2025 16:35:23 UTC] PHP Warning:  filemtime(): stat failed for /Users/asad-dc/Local Sites/stone-stomper/app/public/wp-content/themes/stone-stomper/assets/build/header.min.js in /Users/asad-dc/Local Sites/stone-stomper/app/public/wp-content/themes/stone-stomper/includes/classes/code/class-wp-theme-custom.php on line 837
[11-Sep-2025 16:35:23 UTC] PHP Warning:  filemtime(): stat failed for /Users/asad-dc/Local Sites/stone-stomper/app/public/wp-content/themes/stone-stomper/assets/build/vendors/swiper-bundle.min.js in /Users/asad-dc/Local Sites/stone-stomper/app/public/wp-content/themes/stone-stomper/includes/classes/code/class-wp-theme-custom.php on line 837
[11-Sep-2025 16:35:23 UTC] PHP Warning:  Undefined variable $whmc_svaevluft in /Users/asad-dc/Local Sites/stone-stomper/app/public/wp-content/plugins/mini-cart-for-woocommerce/inc/class-whmc_cart.php on line 205
[11-Sep-2025 16:35:23 UTC] PHP Warning:  Array to string conversion in /Users/asad-dc/Local Sites/stone-stomper/app/public/wp-includes/formatting.php on line 1096
[11-Sep-2025 16:35:24 UTC] PHP Notice:  wp_json_file_decode(): Error when decoding a JSON file at path /Users/asad-dc/Local Sites/stone-stomper/app/public/wp-content/themes/stone-stomper/theme.json: Syntax error in /Users/asad-dc/Local Sites/stone-stomper/app/public/wp-includes/functions.php on line 6121
[11-Sep-2025 16:35:24 UTC] PHP Notice:  wp_json_file_decode(): Error when decoding a JSON file at path /Users/asad-dc/Local Sites/stone-stomper/app/public/wp-content/themes/stone-stomper/theme.json: Syntax error in /Users/asad-dc/Local Sites/stone-stomper/app/public/wp-includes/functions.php on line 6121
[11-Sep-2025 16:35:24 UTC] PHP Notice:  wp_json_file_decode(): Error when decoding a JSON file at path /Users/asad-dc/Local Sites/stone-stomper/app/public/wp-content/themes/stone-stomper/theme.json: Syntax error in /Users/asad-dc/Local Sites/stone-stomper/app/public/wp-includes/functions.php on line 6121
[11-Sep-2025 16:35:24 UTC] PHP Notice:  wp_json_file_decode(): Error when decoding a JSON file at path /Users/asad-dc/Local Sites/stone-stomper/app/public/wp-content/themes/stone-stomper/theme.json: Syntax error in /Users/asad-dc/Local Sites/stone-stomper/app/public/wp-includes/functions.php on line 6121
[11-Sep-2025 16:35:24 UTC] PHP Warning:  filemtime(): stat failed for /Users/asad-dc/Local Sites/stone-stomper/app/public/wp-content/themes/stone-stomper/assets/build/styles.min.css in /Users/asad-dc/Local Sites/stone-stomper/app/public/wp-content/themes/stone-stomper/includes/classes/code/class-wp-theme-custom.php on line 904
[11-Sep-2025 16:35:24 UTC] PHP Warning:  filemtime(): stat failed for /Users/asad-dc/Local Sites/stone-stomper/app/public/wp-content/themes/stone-stomper/assets/build/header.min.js in /Users/asad-dc/Local Sites/stone-stomper/app/public/wp-content/themes/stone-stomper/includes/classes/code/class-wp-theme-custom.php on line 837
[11-Sep-2025 16:35:24 UTC] PHP Warning:  filemtime(): stat failed for /Users/asad-dc/Local Sites/stone-stomper/app/public/wp-content/themes/stone-stomper/assets/build/vendors/swiper-bundle.min.js in /Users/asad-dc/Local Sites/stone-stomper/app/public/wp-content/themes/stone-stomper/includes/classes/code/class-wp-theme-custom.php on line 837
[11-Sep-2025 16:35:24 UTC] PHP Warning:  filemtime(): stat failed for /Users/asad-dc/Local Sites/stone-stomper/app/public/wp-content/themes/stone-stomper/assets/build/styles.min.css in /Users/asad-dc/Local Sites/stone-stomper/app/public/wp-content/themes/stone-stomper/includes/classes/code/class-wp-theme-custom.php on line 904
[11-Sep-2025 16:35:24 UTC] PHP Warning:  filemtime(): stat failed for /Users/asad-dc/Local Sites/stone-stomper/app/public/wp-content/themes/stone-stomper/assets/build/header.min.js in /Users/asad-dc/Local Sites/stone-stomper/app/public/wp-content/themes/stone-stomper/includes/classes/code/class-wp-theme-custom.php on line 837
[11-Sep-2025 16:35:24 UTC] PHP Warning:  filemtime(): stat failed for /Users/asad-dc/Local Sites/stone-stomper/app/public/wp-content/themes/stone-stomper/assets/build/vendors/swiper-bundle.min.js in /Users/asad-dc/Local Sites/stone-stomper/app/public/wp-content/themes/stone-stomper/includes/classes/code/class-wp-theme-custom.php on line 837
[11-Sep-2025 16:35:24 UTC] PHP Warning:  Undefined variable $whmc_svaevluft in /Users/asad-dc/Local Sites/stone-stomper/app/public/wp-content/plugins/mini-cart-for-woocommerce/inc/class-whmc_cart.php on line 205
[11-Sep-2025 16:35:24 UTC] PHP Warning:  Undefined variable $whmc_svaevluft in /Users/asad-dc/Local Sites/stone-stomper/app/public/wp-content/plugins/mini-cart-for-woocommerce/inc/class-whmc_cart.php on line 205
[11-Sep-2025 16:35:24 UTC] PHP Deprecated:  html_entity_decode(): Passing null to parameter #1 ($string) of type string is deprecated in /Users/asad-dc/Local Sites/stone-stomper/app/public/wp-content/themes/stone-stomper/404.php on line 30
[11-Sep-2025 16:35:24 UTC] PHP Deprecated:  html_entity_decode(): Passing null to parameter #1 ($string) of type string is deprecated in /Users/asad-dc/Local Sites/stone-stomper/app/public/wp-content/themes/stone-stomper/404.php on line 32
[11-Sep-2025 16:35:24 UTC] PHP Warning:  Array to string conversion in /Users/asad-dc/Local Sites/stone-stomper/app/public/wp-includes/formatting.php on line 1096
[11-Sep-2025 16:35:24 UTC] PHP Warning:  Array to string conversion in /Users/asad-dc/Local Sites/stone-stomper/app/public/wp-includes/formatting.php on line 1096
[11-Sep-2025 16:35:24 UTC] PHP Notice:  wp_json_file_decode(): Error when decoding a JSON file at path /Users/asad-dc/Local Sites/stone-stomper/app/public/wp-content/themes/stone-stomper/theme.json: Syntax error in /Users/asad-dc/Local Sites/stone-stomper/app/public/wp-includes/functions.php on line 6121
[11-Sep-2025 16:35:24 UTC] PHP Notice:  wp_json_file_decode(): Error when decoding a JSON file at path /Users/asad-dc/Local Sites/stone-stomper/app/public/wp-content/themes/stone-stomper/theme.json: Syntax error in /Users/asad-dc/Local Sites/stone-stomper/app/public/wp-includes/functions.php on line 6121
[11-Sep-2025 16:35:24 UTC] PHP Warning:  filemtime(): stat failed for /Users/asad-dc/Local Sites/stone-stomper/app/public/wp-content/themes/stone-stomper/assets/build/styles.min.css in /Users/asad-dc/Local Sites/stone-stomper/app/public/wp-content/themes/stone-stomper/includes/classes/code/class-wp-theme-custom.php on line 904
[11-Sep-2025 16:35:24 UTC] PHP Warning:  filemtime(): stat failed for /Users/asad-dc/Local Sites/stone-stomper/app/public/wp-content/themes/stone-stomper/assets/build/header.min.js in /Users/asad-dc/Local Sites/stone-stomper/app/public/wp-content/themes/stone-stomper/includes/classes/code/class-wp-theme-custom.php on line 837
[11-Sep-2025 16:35:24 UTC] PHP Warning:  filemtime(): stat failed for /Users/asad-dc/Local Sites/stone-stomper/app/public/wp-content/themes/stone-stomper/assets/build/vendors/swiper-bundle.min.js in /Users/asad-dc/Local Sites/stone-stomper/app/public/wp-content/themes/stone-stomper/includes/classes/code/class-wp-theme-custom.php on line 837
[11-Sep-2025 16:35:24 UTC] PHP Warning:  Undefined variable $whmc_svaevluft in /Users/asad-dc/Local Sites/stone-stomper/app/public/wp-content/plugins/mini-cart-for-woocommerce/inc/class-whmc_cart.php on line 205
[11-Sep-2025 16:35:25 UTC] PHP Deprecated:  html_entity_decode(): Passing null to parameter #1 ($string) of type string is deprecated in /Users/asad-dc/Local Sites/stone-stomper/app/public/wp-content/themes/stone-stomper/404.php on line 30
[11-Sep-2025 16:35:25 UTC] PHP Deprecated:  html_entity_decode(): Passing null to parameter #1 ($string) of type string is deprecated in /Users/asad-dc/Local Sites/stone-stomper/app/public/wp-content/themes/stone-stomper/404.php on line 32
[11-Sep-2025 16:35:25 UTC] PHP Warning:  Array to string conversion in /Users/asad-dc/Local Sites/stone-stomper/app/public/wp-includes/formatting.php on line 1096
[11-Sep-2025 16:35:25 UTC] PHP Notice:  wp_json_file_decode(): Error when decoding a JSON file at path /Users/asad-dc/Local Sites/stone-stomper/app/public/wp-content/themes/stone-stomper/theme.json: Syntax error in /Users/asad-dc/Local Sites/stone-stomper/app/public/wp-includes/functions.php on line 6121
[11-Sep-2025 16:35:25 UTC] PHP Notice:  wp_json_file_decode(): Error when decoding a JSON file at path /Users/asad-dc/Local Sites/stone-stomper/app/public/wp-content/themes/stone-stomper/theme.json: Syntax error in /Users/asad-dc/Local Sites/stone-stomper/app/public/wp-includes/functions.php on line 6121
[11-Sep-2025 16:35:25 UTC] PHP Warning:  filemtime(): stat failed for /Users/asad-dc/Local Sites/stone-stomper/app/public/wp-content/themes/stone-stomper/assets/build/styles.min.css in /Users/asad-dc/Local Sites/stone-stomper/app/public/wp-content/themes/stone-stomper/includes/classes/code/class-wp-theme-custom.php on line 904
[11-Sep-2025 16:35:25 UTC] PHP Warning:  filemtime(): stat failed for /Users/asad-dc/Local Sites/stone-stomper/app/public/wp-content/themes/stone-stomper/assets/build/header.min.js in /Users/asad-dc/Local Sites/stone-stomper/app/public/wp-content/themes/stone-stomper/includes/classes/code/class-wp-theme-custom.php on line 837
[11-Sep-2025 16:35:25 UTC] PHP Warning:  filemtime(): stat failed for /Users/asad-dc/Local Sites/stone-stomper/app/public/wp-content/themes/stone-stomper/assets/build/vendors/swiper-bundle.min.js in /Users/asad-dc/Local Sites/stone-stomper/app/public/wp-content/themes/stone-stomper/includes/classes/code/class-wp-theme-custom.php on line 837
[11-Sep-2025 16:35:25 UTC] PHP Warning:  Undefined variable $whmc_svaevluft in /Users/asad-dc/Local Sites/stone-stomper/app/public/wp-content/plugins/mini-cart-for-woocommerce/inc/class-whmc_cart.php on line 205
[11-Sep-2025 16:35:25 UTC] PHP Deprecated:  html_entity_decode(): Passing null to parameter #1 ($string) of type string is deprecated in /Users/asad-dc/Local Sites/stone-stomper/app/public/wp-content/themes/stone-stomper/404.php on line 30
[11-Sep-2025 16:35:25 UTC] PHP Deprecated:  html_entity_decode(): Passing null to parameter #1 ($string) of type string is deprecated in /Users/asad-dc/Local Sites/stone-stomper/app/public/wp-content/themes/stone-stomper/404.php on line 32
[11-Sep-2025 16:35:25 UTC] PHP Warning:  Array to string conversion in /Users/asad-dc/Local Sites/stone-stomper/app/public/wp-includes/formatting.php on line 1096
[11-Sep-2025 16:35:25 UTC] PHP Notice:  wp_json_file_decode(): Error when decoding a JSON file at path /Users/asad-dc/Local Sites/stone-stomper/app/public/wp-content/themes/stone-stomper/theme.json: Syntax error in /Users/asad-dc/Local Sites/stone-stomper/app/public/wp-includes/functions.php on line 6121
[11-Sep-2025 16:35:25 UTC] PHP Notice:  wp_json_file_decode(): Error when decoding a JSON file at path /Users/asad-dc/Local Sites/stone-stomper/app/public/wp-content/themes/stone-stomper/theme.json: Syntax error in /Users/asad-dc/Local Sites/stone-stomper/app/public/wp-includes/functions.php on line 6121
[11-Sep-2025 16:35:25 UTC] PHP Warning:  filemtime(): stat failed for /Users/asad-dc/Local Sites/stone-stomper/app/public/wp-content/themes/stone-stomper/assets/build/styles.min.css in /Users/asad-dc/Local Sites/stone-stomper/app/public/wp-content/themes/stone-stomper/includes/classes/code/class-wp-theme-custom.php on line 904
[11-Sep-2025 16:35:25 UTC] PHP Warning:  filemtime(): stat failed for /Users/asad-dc/Local Sites/stone-stomper/app/public/wp-content/themes/stone-stomper/assets/build/header.min.js in /Users/asad-dc/Local Sites/stone-stomper/app/public/wp-content/themes/stone-stomper/includes/classes/code/class-wp-theme-custom.php on line 837
[11-Sep-2025 16:35:25 UTC] PHP Warning:  filemtime(): stat failed for /Users/asad-dc/Local Sites/stone-stomper/app/public/wp-content/themes/stone-stomper/assets/build/vendors/swiper-bundle.min.js in /Users/asad-dc/Local Sites/stone-stomper/app/public/wp-content/themes/stone-stomper/includes/classes/code/class-wp-theme-custom.php on line 837
[11-Sep-2025 16:35:25 UTC] PHP Warning:  Undefined variable $whmc_svaevluft in /Users/asad-dc/Local Sites/stone-stomper/app/public/wp-content/plugins/mini-cart-for-woocommerce/inc/class-whmc_cart.php on line 205
[11-Sep-2025 16:35:25 UTC] PHP Deprecated:  html_entity_decode(): Passing null to parameter #1 ($string) of type string is deprecated in /Users/asad-dc/Local Sites/stone-stomper/app/public/wp-content/themes/stone-stomper/404.php on line 30
[11-Sep-2025 16:35:25 UTC] PHP Deprecated:  html_entity_decode(): Passing null to parameter #1 ($string) of type string is deprecated in /Users/asad-dc/Local Sites/stone-stomper/app/public/wp-content/themes/stone-stomper/404.php on line 32
[11-Sep-2025 16:35:25 UTC] PHP Warning:  Array to string conversion in /Users/asad-dc/Local Sites/stone-stomper/app/public/wp-includes/formatting.php on line 1096
[11-Sep-2025 16:35:25 UTC] PHP Notice:  wp_json_file_decode(): Error when decoding a JSON file at path /Users/asad-dc/Local Sites/stone-stomper/app/public/wp-content/themes/stone-stomper/theme.json: Syntax error in /Users/asad-dc/Local Sites/stone-stomper/app/public/wp-includes/functions.php on line 6121
[11-Sep-2025 16:35:25 UTC] PHP Notice:  wp_json_file_decode(): Error when decoding a JSON file at path /Users/asad-dc/Local Sites/stone-stomper/app/public/wp-content/themes/stone-stomper/theme.json: Syntax error in /Users/asad-dc/Local Sites/stone-stomper/app/public/wp-includes/functions.php on line 6121
[11-Sep-2025 16:35:25 UTC] PHP Warning:  filemtime(): stat failed for /Users/asad-dc/Local Sites/stone-stomper/app/public/wp-content/themes/stone-stomper/assets/build/styles.min.css in /Users/asad-dc/Local Sites/stone-stomper/app/public/wp-content/themes/stone-stomper/includes/classes/code/class-wp-theme-custom.php on line 904
[11-Sep-2025 16:35:25 UTC] PHP Warning:  filemtime(): stat failed for /Users/asad-dc/Local Sites/stone-stomper/app/public/wp-content/themes/stone-stomper/assets/build/header.min.js in /Users/asad-dc/Local Sites/stone-stomper/app/public/wp-content/themes/stone-stomper/includes/classes/code/class-wp-theme-custom.php on line 837
[11-Sep-2025 16:35:25 UTC] PHP Warning:  filemtime(): stat failed for /Users/asad-dc/Local Sites/stone-stomper/app/public/wp-content/themes/stone-stomper/assets/build/vendors/swiper-bundle.min.js in /Users/asad-dc/Local Sites/stone-stomper/app/public/wp-content/themes/stone-stomper/includes/classes/code/class-wp-theme-custom.php on line 837
[11-Sep-2025 16:35:25 UTC] PHP Warning:  Undefined variable $whmc_svaevluft in /Users/asad-dc/Local Sites/stone-stomper/app/public/wp-content/plugins/mini-cart-for-woocommerce/inc/class-whmc_cart.php on line 205
[11-Sep-2025 16:35:25 UTC] PHP Deprecated:  html_entity_decode(): Passing null to parameter #1 ($string) of type string is deprecated in /Users/asad-dc/Local Sites/stone-stomper/app/public/wp-content/themes/stone-stomper/404.php on line 30
[11-Sep-2025 16:35:25 UTC] PHP Deprecated:  html_entity_decode(): Passing null to parameter #1 ($string) of type string is deprecated in /Users/asad-dc/Local Sites/stone-stomper/app/public/wp-content/themes/stone-stomper/404.php on line 32
[11-Sep-2025 16:35:25 UTC] PHP Warning:  Array to string conversion in /Users/asad-dc/Local Sites/stone-stomper/app/public/wp-includes/formatting.php on line 1096
[11-Sep-2025 16:35:25 UTC] PHP Notice:  wp_json_file_decode(): Error when decoding a JSON file at path /Users/asad-dc/Local Sites/stone-stomper/app/public/wp-content/themes/stone-stomper/theme.json: Syntax error in /Users/asad-dc/Local Sites/stone-stomper/app/public/wp-includes/functions.php on line 6121
[11-Sep-2025 16:35:25 UTC] PHP Notice:  wp_json_file_decode(): Error when decoding a JSON file at path /Users/asad-dc/Local Sites/stone-stomper/app/public/wp-content/themes/stone-stomper/theme.json: Syntax error in /Users/asad-dc/Local Sites/stone-stomper/app/public/wp-includes/functions.php on line 6121
[11-Sep-2025 16:35:25 UTC] PHP Warning:  filemtime(): stat failed for /Users/asad-dc/Local Sites/stone-stomper/app/public/wp-content/themes/stone-stomper/assets/build/styles.min.css in /Users/asad-dc/Local Sites/stone-stomper/app/public/wp-content/themes/stone-stomper/includes/classes/code/class-wp-theme-custom.php on line 904
[11-Sep-2025 16:35:25 UTC] PHP Warning:  filemtime(): stat failed for /Users/asad-dc/Local Sites/stone-stomper/app/public/wp-content/themes/stone-stomper/assets/build/header.min.js in /Users/asad-dc/Local Sites/stone-stomper/app/public/wp-content/themes/stone-stomper/includes/classes/code/class-wp-theme-custom.php on line 837
[11-Sep-2025 16:35:25 UTC] PHP Warning:  filemtime(): stat failed for /Users/asad-dc/Local Sites/stone-stomper/app/public/wp-content/themes/stone-stomper/assets/build/vendors/swiper-bundle.min.js in /Users/asad-dc/Local Sites/stone-stomper/app/public/wp-content/themes/stone-stomper/includes/classes/code/class-wp-theme-custom.php on line 837
[11-Sep-2025 16:35:25 UTC] PHP Warning:  Undefined variable $whmc_svaevluft in /Users/asad-dc/Local Sites/stone-stomper/app/public/wp-content/plugins/mini-cart-for-woocommerce/inc/class-whmc_cart.php on line 205
[11-Sep-2025 16:35:25 UTC] PHP Deprecated:  html_entity_decode(): Passing null to parameter #1 ($string) of type string is deprecated in /Users/asad-dc/Local Sites/stone-stomper/app/public/wp-content/themes/stone-stomper/404.php on line 30
[11-Sep-2025 16:35:25 UTC] PHP Deprecated:  html_entity_decode(): Passing null to parameter #1 ($string) of type string is deprecated in /Users/asad-dc/Local Sites/stone-stomper/app/public/wp-content/themes/stone-stomper/404.php on line 32
[11-Sep-2025 16:35:25 UTC] PHP Warning:  Array to string conversion in /Users/asad-dc/Local Sites/stone-stomper/app/public/wp-includes/formatting.php on line 1096
[11-Sep-2025 16:35:25 UTC] PHP Notice:  wp_json_file_decode(): Error when decoding a JSON file at path /Users/asad-dc/Local Sites/stone-stomper/app/public/wp-content/themes/stone-stomper/theme.json: Syntax error in /Users/asad-dc/Local Sites/stone-stomper/app/public/wp-includes/functions.php on line 6121
[11-Sep-2025 16:35:25 UTC] PHP Notice:  wp_json_file_decode(): Error when decoding a JSON file at path /Users/asad-dc/Local Sites/stone-stomper/app/public/wp-content/themes/stone-stomper/theme.json: Syntax error in /Users/asad-dc/Local Sites/stone-stomper/app/public/wp-includes/functions.php on line 6121
[11-Sep-2025 16:35:25 UTC] PHP Warning:  filemtime(): stat failed for /Users/asad-dc/Local Sites/stone-stomper/app/public/wp-content/themes/stone-stomper/assets/build/styles.min.css in /Users/asad-dc/Local Sites/stone-stomper/app/public/wp-content/themes/stone-stomper/includes/classes/code/class-wp-theme-custom.php on line 904
[11-Sep-2025 16:35:25 UTC] PHP Warning:  filemtime(): stat failed for /Users/asad-dc/Local Sites/stone-stomper/app/public/wp-content/themes/stone-stomper/assets/build/header.min.js in /Users/asad-dc/Local Sites/stone-stomper/app/public/wp-content/themes/stone-stomper/includes/classes/code/class-wp-theme-custom.php on line 837
[11-Sep-2025 16:35:25 UTC] PHP Warning:  filemtime(): stat failed for /Users/asad-dc/Local Sites/stone-stomper/app/public/wp-content/themes/stone-stomper/assets/build/vendors/swiper-bundle.min.js in /Users/asad-dc/Local Sites/stone-stomper/app/public/wp-content/themes/stone-stomper/includes/classes/code/class-wp-theme-custom.php on line 837
[11-Sep-2025 16:35:25 UTC] PHP Warning:  Undefined variable $whmc_svaevluft in /Users/asad-dc/Local Sites/stone-stomper/app/public/wp-content/plugins/mini-cart-for-woocommerce/inc/class-whmc_cart.php on line 205
[11-Sep-2025 16:35:25 UTC] PHP Deprecated:  html_entity_decode(): Passing null to parameter #1 ($string) of type string is deprecated in /Users/asad-dc/Local Sites/stone-stomper/app/public/wp-content/themes/stone-stomper/404.php on line 30
[11-Sep-2025 16:35:25 UTC] PHP Deprecated:  html_entity_decode(): Passing null to parameter #1 ($string) of type string is deprecated in /Users/asad-dc/Local Sites/stone-stomper/app/public/wp-content/themes/stone-stomper/404.php on line 32
[11-Sep-2025 16:35:25 UTC] PHP Warning:  Array to string conversion in /Users/asad-dc/Local Sites/stone-stomper/app/public/wp-includes/formatting.php on line 1096
[11-Sep-2025 16:35:26 UTC] PHP Notice:  wp_json_file_decode(): Error when decoding a JSON file at path /Users/asad-dc/Local Sites/stone-stomper/app/public/wp-content/themes/stone-stomper/theme.json: Syntax error in /Users/asad-dc/Local Sites/stone-stomper/app/public/wp-includes/functions.php on line 6121
[11-Sep-2025 16:35:26 UTC] PHP Notice:  wp_json_file_decode(): Error when decoding a JSON file at path /Users/asad-dc/Local Sites/stone-stomper/app/public/wp-content/themes/stone-stomper/theme.json: Syntax error in /Users/asad-dc/Local Sites/stone-stomper/app/public/wp-includes/functions.php on line 6121
[11-Sep-2025 16:35:26 UTC] PHP Warning:  filemtime(): stat failed for /Users/asad-dc/Local Sites/stone-stomper/app/public/wp-content/themes/stone-stomper/assets/build/styles.min.css in /Users/asad-dc/Local Sites/stone-stomper/app/public/wp-content/themes/stone-stomper/includes/classes/code/class-wp-theme-custom.php on line 904
[11-Sep-2025 16:35:26 UTC] PHP Warning:  filemtime(): stat failed for /Users/asad-dc/Local Sites/stone-stomper/app/public/wp-content/themes/stone-stomper/assets/build/header.min.js in /Users/asad-dc/Local Sites/stone-stomper/app/public/wp-content/themes/stone-stomper/includes/classes/code/class-wp-theme-custom.php on line 837
[11-Sep-2025 16:35:26 UTC] PHP Warning:  filemtime(): stat failed for /Users/asad-dc/Local Sites/stone-stomper/app/public/wp-content/themes/stone-stomper/assets/build/vendors/swiper-bundle.min.js in /Users/asad-dc/Local Sites/stone-stomper/app/public/wp-content/themes/stone-stomper/includes/classes/code/class-wp-theme-custom.php on line 837
[11-Sep-2025 16:35:26 UTC] PHP Warning:  Undefined variable $whmc_svaevluft in /Users/asad-dc/Local Sites/stone-stomper/app/public/wp-content/plugins/mini-cart-for-woocommerce/inc/class-whmc_cart.php on line 205
[11-Sep-2025 16:35:26 UTC] PHP Deprecated:  html_entity_decode(): Passing null to parameter #1 ($string) of type string is deprecated in /Users/asad-dc/Local Sites/stone-stomper/app/public/wp-content/themes/stone-stomper/404.php on line 30
[11-Sep-2025 16:35:26 UTC] PHP Deprecated:  html_entity_decode(): Passing null to parameter #1 ($string) of type string is deprecated in /Users/asad-dc/Local Sites/stone-stomper/app/public/wp-content/themes/stone-stomper/404.php on line 32
[11-Sep-2025 16:35:26 UTC] PHP Warning:  Array to string conversion in /Users/asad-dc/Local Sites/stone-stomper/app/public/wp-includes/formatting.php on line 1096
[11-Sep-2025 16:35:26 UTC] PHP Notice:  wp_json_file_decode(): Error when decoding a JSON file at path /Users/asad-dc/Local Sites/stone-stomper/app/public/wp-content/themes/stone-stomper/theme.json: Syntax error in /Users/asad-dc/Local Sites/stone-stomper/app/public/wp-includes/functions.php on line 6121
[11-Sep-2025 16:35:26 UTC] PHP Notice:  wp_json_file_decode(): Error when decoding a JSON file at path /Users/asad-dc/Local Sites/stone-stomper/app/public/wp-content/themes/stone-stomper/theme.json: Syntax error in /Users/asad-dc/Local Sites/stone-stomper/app/public/wp-includes/functions.php on line 6121
[11-Sep-2025 16:35:26 UTC] PHP Warning:  filemtime(): stat failed for /Users/asad-dc/Local Sites/stone-stomper/app/public/wp-content/themes/stone-stomper/assets/build/styles.min.css in /Users/asad-dc/Local Sites/stone-stomper/app/public/wp-content/themes/stone-stomper/includes/classes/code/class-wp-theme-custom.php on line 904
[11-Sep-2025 16:35:26 UTC] PHP Warning:  filemtime(): stat failed for /Users/asad-dc/Local Sites/stone-stomper/app/public/wp-content/themes/stone-stomper/assets/build/header.min.js in /Users/asad-dc/Local Sites/stone-stomper/app/public/wp-content/themes/stone-stomper/includes/classes/code/class-wp-theme-custom.php on line 837
[11-Sep-2025 16:35:26 UTC] PHP Warning:  filemtime(): stat failed for /Users/asad-dc/Local Sites/stone-stomper/app/public/wp-content/themes/stone-stomper/assets/build/vendors/swiper-bundle.min.js in /Users/asad-dc/Local Sites/stone-stomper/app/public/wp-content/themes/stone-stomper/includes/classes/code/class-wp-theme-custom.php on line 837
[11-Sep-2025 16:35:26 UTC] PHP Warning:  Undefined variable $whmc_svaevluft in /Users/asad-dc/Local Sites/stone-stomper/app/public/wp-content/plugins/mini-cart-for-woocommerce/inc/class-whmc_cart.php on line 205
[11-Sep-2025 16:35:26 UTC] PHP Deprecated:  html_entity_decode(): Passing null to parameter #1 ($string) of type string is deprecated in /Users/asad-dc/Local Sites/stone-stomper/app/public/wp-content/themes/stone-stomper/404.php on line 30
[11-Sep-2025 16:35:26 UTC] PHP Deprecated:  html_entity_decode(): Passing null to parameter #1 ($string) of type string is deprecated in /Users/asad-dc/Local Sites/stone-stomper/app/public/wp-content/themes/stone-stomper/404.php on line 32
[11-Sep-2025 16:35:27 UTC] PHP Notice:  wp_json_file_decode(): Error when decoding a JSON file at path /Users/asad-dc/Local Sites/stone-stomper/app/public/wp-content/themes/stone-stomper/theme.json: Syntax error in /Users/asad-dc/Local Sites/stone-stomper/app/public/wp-includes/functions.php on line 6121
[11-Sep-2025 16:35:27 UTC] PHP Notice:  wp_json_file_decode(): Error when decoding a JSON file at path /Users/asad-dc/Local Sites/stone-stomper/app/public/wp-content/themes/stone-stomper/theme.json: Syntax error in /Users/asad-dc/Local Sites/stone-stomper/app/public/wp-includes/functions.php on line 6121
[11-Sep-2025 16:35:27 UTC] PHP Warning:  filemtime(): stat failed for /Users/asad-dc/Local Sites/stone-stomper/app/public/wp-content/themes/stone-stomper/assets/build/styles.min.css in /Users/asad-dc/Local Sites/stone-stomper/app/public/wp-content/themes/stone-stomper/includes/classes/code/class-wp-theme-custom.php on line 904
[11-Sep-2025 16:35:27 UTC] PHP Warning:  filemtime(): stat failed for /Users/asad-dc/Local Sites/stone-stomper/app/public/wp-content/themes/stone-stomper/assets/build/header.min.js in /Users/asad-dc/Local Sites/stone-stomper/app/public/wp-content/themes/stone-stomper/includes/classes/code/class-wp-theme-custom.php on line 837
[11-Sep-2025 16:35:27 UTC] PHP Warning:  filemtime(): stat failed for /Users/asad-dc/Local Sites/stone-stomper/app/public/wp-content/themes/stone-stomper/assets/build/vendors/swiper-bundle.min.js in /Users/asad-dc/Local Sites/stone-stomper/app/public/wp-content/themes/stone-stomper/includes/classes/code/class-wp-theme-custom.php on line 837
[11-Sep-2025 16:35:27 UTC] PHP Warning:  Undefined variable $whmc_svaevluft in /Users/asad-dc/Local Sites/stone-stomper/app/public/wp-content/plugins/mini-cart-for-woocommerce/inc/class-whmc_cart.php on line 205
[11-Sep-2025 16:35:27 UTC] PHP Deprecated:  html_entity_decode(): Passing null to parameter #1 ($string) of type string is deprecated in /Users/asad-dc/Local Sites/stone-stomper/app/public/wp-content/themes/stone-stomper/404.php on line 30
[11-Sep-2025 16:35:27 UTC] PHP Deprecated:  html_entity_decode(): Passing null to parameter #1 ($string) of type string is deprecated in /Users/asad-dc/Local Sites/stone-stomper/app/public/wp-content/themes/stone-stomper/404.php on line 32
[11-Sep-2025 16:35:27 UTC] PHP Warning:  Array to string conversion in /Users/asad-dc/Local Sites/stone-stomper/app/public/wp-includes/formatting.php on line 1096
[11-Sep-2025 16:35:27 UTC] PHP Notice:  wp_json_file_decode(): Error when decoding a JSON file at path /Users/asad-dc/Local Sites/stone-stomper/app/public/wp-content/themes/stone-stomper/theme.json: Syntax error in /Users/asad-dc/Local Sites/stone-stomper/app/public/wp-includes/functions.php on line 6121
[11-Sep-2025 16:35:27 UTC] PHP Notice:  wp_json_file_decode(): Error when decoding a JSON file at path /Users/asad-dc/Local Sites/stone-stomper/app/public/wp-content/themes/stone-stomper/theme.json: Syntax error in /Users/asad-dc/Local Sites/stone-stomper/app/public/wp-includes/functions.php on line 6121
[11-Sep-2025 16:35:27 UTC] PHP Warning:  filemtime(): stat failed for /Users/asad-dc/Local Sites/stone-stomper/app/public/wp-content/themes/stone-stomper/assets/build/styles.min.css in /Users/asad-dc/Local Sites/stone-stomper/app/public/wp-content/themes/stone-stomper/includes/classes/code/class-wp-theme-custom.php on line 904
[11-Sep-2025 16:35:27 UTC] PHP Warning:  filemtime(): stat failed for /Users/asad-dc/Local Sites/stone-stomper/app/public/wp-content/themes/stone-stomper/assets/build/header.min.js in /Users/asad-dc/Local Sites/stone-stomper/app/public/wp-content/themes/stone-stomper/includes/classes/code/class-wp-theme-custom.php on line 837
[11-Sep-2025 16:35:27 UTC] PHP Warning:  filemtime(): stat failed for /Users/asad-dc/Local Sites/stone-stomper/app/public/wp-content/themes/stone-stomper/assets/build/vendors/swiper-bundle.min.js in /Users/asad-dc/Local Sites/stone-stomper/app/public/wp-content/themes/stone-stomper/includes/classes/code/class-wp-theme-custom.php on line 837
[11-Sep-2025 16:35:27 UTC] PHP Warning:  Undefined variable $whmc_svaevluft in /Users/asad-dc/Local Sites/stone-stomper/app/public/wp-content/plugins/mini-cart-for-woocommerce/inc/class-whmc_cart.php on line 205
[11-Sep-2025 16:35:27 UTC] PHP Deprecated:  html_entity_decode(): Passing null to parameter #1 ($string) of type string is deprecated in /Users/asad-dc/Local Sites/stone-stomper/app/public/wp-content/themes/stone-stomper/404.php on line 30
[11-Sep-2025 16:35:27 UTC] PHP Deprecated:  html_entity_decode(): Passing null to parameter #1 ($string) of type string is deprecated in /Users/asad-dc/Local Sites/stone-stomper/app/public/wp-content/themes/stone-stomper/404.php on line 32
[11-Sep-2025 16:35:27 UTC] PHP Warning:  Array to string conversion in /Users/asad-dc/Local Sites/stone-stomper/app/public/wp-includes/formatting.php on line 1096
[11-Sep-2025 16:35:27 UTC] PHP Notice:  wp_json_file_decode(): Error when decoding a JSON file at path /Users/asad-dc/Local Sites/stone-stomper/app/public/wp-content/themes/stone-stomper/theme.json: Syntax error in /Users/asad-dc/Local Sites/stone-stomper/app/public/wp-includes/functions.php on line 6121
[11-Sep-2025 16:35:27 UTC] PHP Notice:  wp_json_file_decode(): Error when decoding a JSON file at path /Users/asad-dc/Local Sites/stone-stomper/app/public/wp-content/themes/stone-stomper/theme.json: Syntax error in /Users/asad-dc/Local Sites/stone-stomper/app/public/wp-includes/functions.php on line 6121
[11-Sep-2025 16:35:27 UTC] PHP Warning:  filemtime(): stat failed for /Users/asad-dc/Local Sites/stone-stomper/app/public/wp-content/themes/stone-stomper/assets/build/styles.min.css in /Users/asad-dc/Local Sites/stone-stomper/app/public/wp-content/themes/stone-stomper/includes/classes/code/class-wp-theme-custom.php on line 904
[11-Sep-2025 16:35:27 UTC] PHP Warning:  filemtime(): stat failed for /Users/asad-dc/Local Sites/stone-stomper/app/public/wp-content/themes/stone-stomper/assets/build/header.min.js in /Users/asad-dc/Local Sites/stone-stomper/app/public/wp-content/themes/stone-stomper/includes/classes/code/class-wp-theme-custom.php on line 837
[11-Sep-2025 16:35:27 UTC] PHP Warning:  filemtime(): stat failed for /Users/asad-dc/Local Sites/stone-stomper/app/public/wp-content/themes/stone-stomper/assets/build/vendors/swiper-bundle.min.js in /Users/asad-dc/Local Sites/stone-stomper/app/public/wp-content/themes/stone-stomper/includes/classes/code/class-wp-theme-custom.php on line 837
[11-Sep-2025 16:35:27 UTC] PHP Warning:  Undefined variable $whmc_svaevluft in /Users/asad-dc/Local Sites/stone-stomper/app/public/wp-content/plugins/mini-cart-for-woocommerce/inc/class-whmc_cart.php on line 205
[11-Sep-2025 16:35:27 UTC] PHP Notice:  wp_json_file_decode(): Error when decoding a JSON file at path /Users/asad-dc/Local Sites/stone-stomper/app/public/wp-content/themes/stone-stomper/theme.json: Syntax error in /Users/asad-dc/Local Sites/stone-stomper/app/public/wp-includes/functions.php on line 6121
[11-Sep-2025 16:35:27 UTC] PHP Notice:  wp_json_file_decode(): Error when decoding a JSON file at path /Users/asad-dc/Local Sites/stone-stomper/app/public/wp-content/themes/stone-stomper/theme.json: Syntax error in /Users/asad-dc/Local Sites/stone-stomper/app/public/wp-includes/functions.php on line 6121
[11-Sep-2025 16:35:27 UTC] PHP Warning:  filemtime(): stat failed for /Users/asad-dc/Local Sites/stone-stomper/app/public/wp-content/themes/stone-stomper/assets/build/styles.min.css in /Users/asad-dc/Local Sites/stone-stomper/app/public/wp-content/themes/stone-stomper/includes/classes/code/class-wp-theme-custom.php on line 904
[11-Sep-2025 16:35:27 UTC] PHP Warning:  filemtime(): stat failed for /Users/asad-dc/Local Sites/stone-stomper/app/public/wp-content/themes/stone-stomper/assets/build/header.min.js in /Users/asad-dc/Local Sites/stone-stomper/app/public/wp-content/themes/stone-stomper/includes/classes/code/class-wp-theme-custom.php on line 837
[11-Sep-2025 16:35:27 UTC] PHP Warning:  filemtime(): stat failed for /Users/asad-dc/Local Sites/stone-stomper/app/public/wp-content/themes/stone-stomper/assets/build/vendors/swiper-bundle.min.js in /Users/asad-dc/Local Sites/stone-stomper/app/public/wp-content/themes/stone-stomper/includes/classes/code/class-wp-theme-custom.php on line 837
[11-Sep-2025 16:35:27 UTC] PHP Warning:  Undefined variable $whmc_svaevluft in /Users/asad-dc/Local Sites/stone-stomper/app/public/wp-content/plugins/mini-cart-for-woocommerce/inc/class-whmc_cart.php on line 205
[11-Sep-2025 16:35:27 UTC] PHP Deprecated:  html_entity_decode(): Passing null to parameter #1 ($string) of type string is deprecated in /Users/asad-dc/Local Sites/stone-stomper/app/public/wp-content/themes/stone-stomper/404.php on line 30
[11-Sep-2025 16:35:27 UTC] PHP Deprecated:  html_entity_decode(): Passing null to parameter #1 ($string) of type string is deprecated in /Users/asad-dc/Local Sites/stone-stomper/app/public/wp-content/themes/stone-stomper/404.php on line 32
[11-Sep-2025 16:35:28 UTC] PHP Warning:  Array to string conversion in /Users/asad-dc/Local Sites/stone-stomper/app/public/wp-includes/formatting.php on line 1096
[11-Sep-2025 16:35:28 UTC] PHP Warning:  Array to string conversion in /Users/asad-dc/Local Sites/stone-stomper/app/public/wp-includes/formatting.php on line 1096
[11-Sep-2025 16:35:28 UTC] PHP Notice:  wp_json_file_decode(): Error when decoding a JSON file at path /Users/asad-dc/Local Sites/stone-stomper/app/public/wp-content/themes/stone-stomper/theme.json: Syntax error in /Users/asad-dc/Local Sites/stone-stomper/app/public/wp-includes/functions.php on line 6121
[11-Sep-2025 16:35:28 UTC] PHP Notice:  wp_json_file_decode(): Error when decoding a JSON file at path /Users/asad-dc/Local Sites/stone-stomper/app/public/wp-content/themes/stone-stomper/theme.json: Syntax error in /Users/asad-dc/Local Sites/stone-stomper/app/public/wp-includes/functions.php on line 6121
[11-Sep-2025 16:35:28 UTC] PHP Notice:  wp_json_file_decode(): Error when decoding a JSON file at path /Users/asad-dc/Local Sites/stone-stomper/app/public/wp-content/themes/stone-stomper/theme.json: Syntax error in /Users/asad-dc/Local Sites/stone-stomper/app/public/wp-includes/functions.php on line 6121
[11-Sep-2025 16:35:28 UTC] PHP Notice:  wp_json_file_decode(): Error when decoding a JSON file at path /Users/asad-dc/Local Sites/stone-stomper/app/public/wp-content/themes/stone-stomper/theme.json: Syntax error in /Users/asad-dc/Local Sites/stone-stomper/app/public/wp-includes/functions.php on line 6121
[11-Sep-2025 16:35:28 UTC] PHP Warning:  filemtime(): stat failed for /Users/asad-dc/Local Sites/stone-stomper/app/public/wp-content/themes/stone-stomper/assets/build/styles.min.css in /Users/asad-dc/Local Sites/stone-stomper/app/public/wp-content/themes/stone-stomper/includes/classes/code/class-wp-theme-custom.php on line 904
[11-Sep-2025 16:35:28 UTC] PHP Warning:  filemtime(): stat failed for /Users/asad-dc/Local Sites/stone-stomper/app/public/wp-content/themes/stone-stomper/assets/build/header.min.js in /Users/asad-dc/Local Sites/stone-stomper/app/public/wp-content/themes/stone-stomper/includes/classes/code/class-wp-theme-custom.php on line 837
[11-Sep-2025 16:35:28 UTC] PHP Warning:  filemtime(): stat failed for /Users/asad-dc/Local Sites/stone-stomper/app/public/wp-content/themes/stone-stomper/assets/build/vendors/swiper-bundle.min.js in /Users/asad-dc/Local Sites/stone-stomper/app/public/wp-content/themes/stone-stomper/includes/classes/code/class-wp-theme-custom.php on line 837
[11-Sep-2025 16:35:28 UTC] PHP Warning:  filemtime(): stat failed for /Users/asad-dc/Local Sites/stone-stomper/app/public/wp-content/themes/stone-stomper/assets/build/styles.min.css in /Users/asad-dc/Local Sites/stone-stomper/app/public/wp-content/themes/stone-stomper/includes/classes/code/class-wp-theme-custom.php on line 904
[11-Sep-2025 16:35:28 UTC] PHP Warning:  filemtime(): stat failed for /Users/asad-dc/Local Sites/stone-stomper/app/public/wp-content/themes/stone-stomper/assets/build/header.min.js in /Users/asad-dc/Local Sites/stone-stomper/app/public/wp-content/themes/stone-stomper/includes/classes/code/class-wp-theme-custom.php on line 837
[11-Sep-2025 16:35:28 UTC] PHP Warning:  filemtime(): stat failed for /Users/asad-dc/Local Sites/stone-stomper/app/public/wp-content/themes/stone-stomper/assets/build/vendors/swiper-bundle.min.js in /Users/asad-dc/Local Sites/stone-stomper/app/public/wp-content/themes/stone-stomper/includes/classes/code/class-wp-theme-custom.php on line 837
[11-Sep-2025 16:35:28 UTC] PHP Warning:  Undefined variable $whmc_svaevluft in /Users/asad-dc/Local Sites/stone-stomper/app/public/wp-content/plugins/mini-cart-for-woocommerce/inc/class-whmc_cart.php on line 205
[11-Sep-2025 16:35:28 UTC] PHP Warning:  Undefined variable $whmc_svaevluft in /Users/asad-dc/Local Sites/stone-stomper/app/public/wp-content/plugins/mini-cart-for-woocommerce/inc/class-whmc_cart.php on line 205
[11-Sep-2025 16:35:28 UTC] PHP Deprecated:  html_entity_decode(): Passing null to parameter #1 ($string) of type string is deprecated in /Users/asad-dc/Local Sites/stone-stomper/app/public/wp-content/themes/stone-stomper/404.php on line 30
[11-Sep-2025 16:35:28 UTC] PHP Deprecated:  html_entity_decode(): Passing null to parameter #1 ($string) of type string is deprecated in /Users/asad-dc/Local Sites/stone-stomper/app/public/wp-content/themes/stone-stomper/404.php on line 32
[11-Sep-2025 16:35:28 UTC] PHP Deprecated:  html_entity_decode(): Passing null to parameter #1 ($string) of type string is deprecated in /Users/asad-dc/Local Sites/stone-stomper/app/public/wp-content/themes/stone-stomper/404.php on line 30
[11-Sep-2025 16:35:28 UTC] PHP Deprecated:  html_entity_decode(): Passing null to parameter #1 ($string) of type string is deprecated in /Users/asad-dc/Local Sites/stone-stomper/app/public/wp-content/themes/stone-stomper/404.php on line 32
[11-Sep-2025 16:35:28 UTC] PHP Warning:  Array to string conversion in /Users/asad-dc/Local Sites/stone-stomper/app/public/wp-includes/formatting.php on line 1096
[11-Sep-2025 16:35:28 UTC] PHP Warning:  Array to string conversion in /Users/asad-dc/Local Sites/stone-stomper/app/public/wp-includes/formatting.php on line 1096
[11-Sep-2025 16:35:29 UTC] PHP Notice:  wp_json_file_decode(): Error when decoding a JSON file at path /Users/asad-dc/Local Sites/stone-stomper/app/public/wp-content/themes/stone-stomper/theme.json: Syntax error in /Users/asad-dc/Local Sites/stone-stomper/app/public/wp-includes/functions.php on line 6121
[11-Sep-2025 16:35:29 UTC] PHP Notice:  wp_json_file_decode(): Error when decoding a JSON file at path /Users/asad-dc/Local Sites/stone-stomper/app/public/wp-content/themes/stone-stomper/theme.json: Syntax error in /Users/asad-dc/Local Sites/stone-stomper/app/public/wp-includes/functions.php on line 6121
[11-Sep-2025 16:35:29 UTC] PHP Notice:  wp_json_file_decode(): Error when decoding a JSON file at path /Users/asad-dc/Local Sites/stone-stomper/app/public/wp-content/themes/stone-stomper/theme.json: Syntax error in /Users/asad-dc/Local Sites/stone-stomper/app/public/wp-includes/functions.php on line 6121
[11-Sep-2025 16:35:29 UTC] PHP Notice:  wp_json_file_decode(): Error when decoding a JSON file at path /Users/asad-dc/Local Sites/stone-stomper/app/public/wp-content/themes/stone-stomper/theme.json: Syntax error in /Users/asad-dc/Local Sites/stone-stomper/app/public/wp-includes/functions.php on line 6121
[11-Sep-2025 16:35:29 UTC] PHP Warning:  filemtime(): stat failed for /Users/asad-dc/Local Sites/stone-stomper/app/public/wp-content/themes/stone-stomper/assets/build/styles.min.css in /Users/asad-dc/Local Sites/stone-stomper/app/public/wp-content/themes/stone-stomper/includes/classes/code/class-wp-theme-custom.php on line 904
[11-Sep-2025 16:35:29 UTC] PHP Warning:  filemtime(): stat failed for /Users/asad-dc/Local Sites/stone-stomper/app/public/wp-content/themes/stone-stomper/assets/build/styles.min.css in /Users/asad-dc/Local Sites/stone-stomper/app/public/wp-content/themes/stone-stomper/includes/classes/code/class-wp-theme-custom.php on line 904
[11-Sep-2025 16:35:29 UTC] PHP Warning:  filemtime(): stat failed for /Users/asad-dc/Local Sites/stone-stomper/app/public/wp-content/themes/stone-stomper/assets/build/header.min.js in /Users/asad-dc/Local Sites/stone-stomper/app/public/wp-content/themes/stone-stomper/includes/classes/code/class-wp-theme-custom.php on line 837
[11-Sep-2025 16:35:29 UTC] PHP Warning:  filemtime(): stat failed for /Users/asad-dc/Local Sites/stone-stomper/app/public/wp-content/themes/stone-stomper/assets/build/header.min.js in /Users/asad-dc/Local Sites/stone-stomper/app/public/wp-content/themes/stone-stomper/includes/classes/code/class-wp-theme-custom.php on line 837
[11-Sep-2025 16:35:29 UTC] PHP Warning:  filemtime(): stat failed for /Users/asad-dc/Local Sites/stone-stomper/app/public/wp-content/themes/stone-stomper/assets/build/vendors/swiper-bundle.min.js in /Users/asad-dc/Local Sites/stone-stomper/app/public/wp-content/themes/stone-stomper/includes/classes/code/class-wp-theme-custom.php on line 837
[11-Sep-2025 16:35:29 UTC] PHP Warning:  filemtime(): stat failed for /Users/asad-dc/Local Sites/stone-stomper/app/public/wp-content/themes/stone-stomper/assets/build/vendors/swiper-bundle.min.js in /Users/asad-dc/Local Sites/stone-stomper/app/public/wp-content/themes/stone-stomper/includes/classes/code/class-wp-theme-custom.php on line 837
[11-Sep-2025 16:35:29 UTC] PHP Warning:  Undefined variable $whmc_svaevluft in /Users/asad-dc/Local Sites/stone-stomper/app/public/wp-content/plugins/mini-cart-for-woocommerce/inc/class-whmc_cart.php on line 205
[11-Sep-2025 16:35:29 UTC] PHP Warning:  Undefined variable $whmc_svaevluft in /Users/asad-dc/Local Sites/stone-stomper/app/public/wp-content/plugins/mini-cart-for-woocommerce/inc/class-whmc_cart.php on line 205
[11-Sep-2025 16:35:29 UTC] PHP Deprecated:  html_entity_decode(): Passing null to parameter #1 ($string) of type string is deprecated in /Users/asad-dc/Local Sites/stone-stomper/app/public/wp-content/themes/stone-stomper/404.php on line 30
[11-Sep-2025 16:35:29 UTC] PHP Deprecated:  html_entity_decode(): Passing null to parameter #1 ($string) of type string is deprecated in /Users/asad-dc/Local Sites/stone-stomper/app/public/wp-content/themes/stone-stomper/404.php on line 32
[11-Sep-2025 16:35:29 UTC] PHP Deprecated:  html_entity_decode(): Passing null to parameter #1 ($string) of type string is deprecated in /Users/asad-dc/Local Sites/stone-stomper/app/public/wp-content/themes/stone-stomper/404.php on line 30
[11-Sep-2025 16:35:29 UTC] PHP Deprecated:  html_entity_decode(): Passing null to parameter #1 ($string) of type string is deprecated in /Users/asad-dc/Local Sites/stone-stomper/app/public/wp-content/themes/stone-stomper/404.php on line 32
[11-Sep-2025 16:35:29 UTC] PHP Warning:  Array to string conversion in /Users/asad-dc/Local Sites/stone-stomper/app/public/wp-includes/formatting.php on line 1096
[11-Sep-2025 16:35:29 UTC] PHP Warning:  Array to string conversion in /Users/asad-dc/Local Sites/stone-stomper/app/public/wp-includes/formatting.php on line 1096
[11-Sep-2025 16:35:29 UTC] PHP Notice:  wp_json_file_decode(): Error when decoding a JSON file at path /Users/asad-dc/Local Sites/stone-stomper/app/public/wp-content/themes/stone-stomper/theme.json: Syntax error in /Users/asad-dc/Local Sites/stone-stomper/app/public/wp-includes/functions.php on line 6121
[11-Sep-2025 16:35:29 UTC] PHP Notice:  wp_json_file_decode(): Error when decoding a JSON file at path /Users/asad-dc/Local Sites/stone-stomper/app/public/wp-content/themes/stone-stomper/theme.json: Syntax error in /Users/asad-dc/Local Sites/stone-stomper/app/public/wp-includes/functions.php on line 6121
[11-Sep-2025 16:35:29 UTC] PHP Warning:  filemtime(): stat failed for /Users/asad-dc/Local Sites/stone-stomper/app/public/wp-content/themes/stone-stomper/assets/build/styles.min.css in /Users/asad-dc/Local Sites/stone-stomper/app/public/wp-content/themes/stone-stomper/includes/classes/code/class-wp-theme-custom.php on line 904
[11-Sep-2025 16:35:29 UTC] PHP Warning:  filemtime(): stat failed for /Users/asad-dc/Local Sites/stone-stomper/app/public/wp-content/themes/stone-stomper/assets/build/header.min.js in /Users/asad-dc/Local Sites/stone-stomper/app/public/wp-content/themes/stone-stomper/includes/classes/code/class-wp-theme-custom.php on line 837
[11-Sep-2025 16:35:29 UTC] PHP Warning:  filemtime(): stat failed for /Users/asad-dc/Local Sites/stone-stomper/app/public/wp-content/themes/stone-stomper/assets/build/vendors/swiper-bundle.min.js in /Users/asad-dc/Local Sites/stone-stomper/app/public/wp-content/themes/stone-stomper/includes/classes/code/class-wp-theme-custom.php on line 837
[11-Sep-2025 16:35:29 UTC] PHP Warning:  Undefined variable $whmc_svaevluft in /Users/asad-dc/Local Sites/stone-stomper/app/public/wp-content/plugins/mini-cart-for-woocommerce/inc/class-whmc_cart.php on line 205
[11-Sep-2025 16:35:29 UTC] PHP Deprecated:  html_entity_decode(): Passing null to parameter #1 ($string) of type string is deprecated in /Users/asad-dc/Local Sites/stone-stomper/app/public/wp-content/themes/stone-stomper/404.php on line 30
[11-Sep-2025 16:35:29 UTC] PHP Deprecated:  html_entity_decode(): Passing null to parameter #1 ($string) of type string is deprecated in /Users/asad-dc/Local Sites/stone-stomper/app/public/wp-content/themes/stone-stomper/404.php on line 32
[11-Sep-2025 16:35:29 UTC] PHP Warning:  Array to string conversion in /Users/asad-dc/Local Sites/stone-stomper/app/public/wp-includes/formatting.php on line 1096
[11-Sep-2025 16:35:30 UTC] PHP Notice:  wp_json_file_decode(): Error when decoding a JSON file at path /Users/asad-dc/Local Sites/stone-stomper/app/public/wp-content/themes/stone-stomper/theme.json: Syntax error in /Users/asad-dc/Local Sites/stone-stomper/app/public/wp-includes/functions.php on line 6121
[11-Sep-2025 16:35:30 UTC] PHP Notice:  wp_json_file_decode(): Error when decoding a JSON file at path /Users/asad-dc/Local Sites/stone-stomper/app/public/wp-content/themes/stone-stomper/theme.json: Syntax error in /Users/asad-dc/Local Sites/stone-stomper/app/public/wp-includes/functions.php on line 6121
[11-Sep-2025 16:35:30 UTC] PHP Warning:  filemtime(): stat failed for /Users/asad-dc/Local Sites/stone-stomper/app/public/wp-content/themes/stone-stomper/assets/build/styles.min.css in /Users/asad-dc/Local Sites/stone-stomper/app/public/wp-content/themes/stone-stomper/includes/classes/code/class-wp-theme-custom.php on line 904
[11-Sep-2025 16:35:30 UTC] PHP Warning:  filemtime(): stat failed for /Users/asad-dc/Local Sites/stone-stomper/app/public/wp-content/themes/stone-stomper/assets/build/header.min.js in /Users/asad-dc/Local Sites/stone-stomper/app/public/wp-content/themes/stone-stomper/includes/classes/code/class-wp-theme-custom.php on line 837
[11-Sep-2025 16:35:30 UTC] PHP Warning:  filemtime(): stat failed for /Users/asad-dc/Local Sites/stone-stomper/app/public/wp-content/themes/stone-stomper/assets/build/vendors/swiper-bundle.min.js in /Users/asad-dc/Local Sites/stone-stomper/app/public/wp-content/themes/stone-stomper/includes/classes/code/class-wp-theme-custom.php on line 837
[11-Sep-2025 16:35:30 UTC] PHP Warning:  Undefined variable $whmc_svaevluft in /Users/asad-dc/Local Sites/stone-stomper/app/public/wp-content/plugins/mini-cart-for-woocommerce/inc/class-whmc_cart.php on line 205
[11-Sep-2025 16:35:30 UTC] PHP Deprecated:  html_entity_decode(): Passing null to parameter #1 ($string) of type string is deprecated in /Users/asad-dc/Local Sites/stone-stomper/app/public/wp-content/themes/stone-stomper/404.php on line 30
[11-Sep-2025 16:35:30 UTC] PHP Deprecated:  html_entity_decode(): Passing null to parameter #1 ($string) of type string is deprecated in /Users/asad-dc/Local Sites/stone-stomper/app/public/wp-content/themes/stone-stomper/404.php on line 32
[11-Sep-2025 16:35:30 UTC] PHP Warning:  Array to string conversion in /Users/asad-dc/Local Sites/stone-stomper/app/public/wp-includes/formatting.php on line 1096
[11-Sep-2025 16:35:30 UTC] PHP Notice:  wp_json_file_decode(): Error when decoding a JSON file at path /Users/asad-dc/Local Sites/stone-stomper/app/public/wp-content/themes/stone-stomper/theme.json: Syntax error in /Users/asad-dc/Local Sites/stone-stomper/app/public/wp-includes/functions.php on line 6121
[11-Sep-2025 16:35:30 UTC] PHP Notice:  wp_json_file_decode(): Error when decoding a JSON file at path /Users/asad-dc/Local Sites/stone-stomper/app/public/wp-content/themes/stone-stomper/theme.json: Syntax error in /Users/asad-dc/Local Sites/stone-stomper/app/public/wp-includes/functions.php on line 6121
[11-Sep-2025 16:35:30 UTC] PHP Warning:  filemtime(): stat failed for /Users/asad-dc/Local Sites/stone-stomper/app/public/wp-content/themes/stone-stomper/assets/build/styles.min.css in /Users/asad-dc/Local Sites/stone-stomper/app/public/wp-content/themes/stone-stomper/includes/classes/code/class-wp-theme-custom.php on line 904
[11-Sep-2025 16:35:30 UTC] PHP Warning:  filemtime(): stat failed for /Users/asad-dc/Local Sites/stone-stomper/app/public/wp-content/themes/stone-stomper/assets/build/header.min.js in /Users/asad-dc/Local Sites/stone-stomper/app/public/wp-content/themes/stone-stomper/includes/classes/code/class-wp-theme-custom.php on line 837
[11-Sep-2025 16:35:30 UTC] PHP Warning:  filemtime(): stat failed for /Users/asad-dc/Local Sites/stone-stomper/app/public/wp-content/themes/stone-stomper/assets/build/vendors/swiper-bundle.min.js in /Users/asad-dc/Local Sites/stone-stomper/app/public/wp-content/themes/stone-stomper/includes/classes/code/class-wp-theme-custom.php on line 837
[11-Sep-2025 16:35:30 UTC] PHP Warning:  Undefined variable $whmc_svaevluft in /Users/asad-dc/Local Sites/stone-stomper/app/public/wp-content/plugins/mini-cart-for-woocommerce/inc/class-whmc_cart.php on line 205
[11-Sep-2025 16:35:30 UTC] PHP Deprecated:  html_entity_decode(): Passing null to parameter #1 ($string) of type string is deprecated in /Users/asad-dc/Local Sites/stone-stomper/app/public/wp-content/themes/stone-stomper/404.php on line 30
[11-Sep-2025 16:35:30 UTC] PHP Deprecated:  html_entity_decode(): Passing null to parameter #1 ($string) of type string is deprecated in /Users/asad-dc/Local Sites/stone-stomper/app/public/wp-content/themes/stone-stomper/404.php on line 32
[11-Sep-2025 16:35:30 UTC] PHP Warning:  Array to string conversion in /Users/asad-dc/Local Sites/stone-stomper/app/public/wp-includes/formatting.php on line 1096
[11-Sep-2025 16:35:30 UTC] PHP Notice:  wp_json_file_decode(): Error when decoding a JSON file at path /Users/asad-dc/Local Sites/stone-stomper/app/public/wp-content/themes/stone-stomper/theme.json: Syntax error in /Users/asad-dc/Local Sites/stone-stomper/app/public/wp-includes/functions.php on line 6121
[11-Sep-2025 16:35:30 UTC] PHP Notice:  wp_json_file_decode(): Error when decoding a JSON file at path /Users/asad-dc/Local Sites/stone-stomper/app/public/wp-content/themes/stone-stomper/theme.json: Syntax error in /Users/asad-dc/Local Sites/stone-stomper/app/public/wp-includes/functions.php on line 6121
[11-Sep-2025 16:35:30 UTC] PHP Warning:  filemtime(): stat failed for /Users/asad-dc/Local Sites/stone-stomper/app/public/wp-content/themes/stone-stomper/assets/build/styles.min.css in /Users/asad-dc/Local Sites/stone-stomper/app/public/wp-content/themes/stone-stomper/includes/classes/code/class-wp-theme-custom.php on line 904
[11-Sep-2025 16:35:30 UTC] PHP Warning:  filemtime(): stat failed for /Users/asad-dc/Local Sites/stone-stomper/app/public/wp-content/themes/stone-stomper/assets/build/header.min.js in /Users/asad-dc/Local Sites/stone-stomper/app/public/wp-content/themes/stone-stomper/includes/classes/code/class-wp-theme-custom.php on line 837
[11-Sep-2025 16:35:30 UTC] PHP Warning:  filemtime(): stat failed for /Users/asad-dc/Local Sites/stone-stomper/app/public/wp-content/themes/stone-stomper/assets/build/vendors/swiper-bundle.min.js in /Users/asad-dc/Local Sites/stone-stomper/app/public/wp-content/themes/stone-stomper/includes/classes/code/class-wp-theme-custom.php on line 837
[11-Sep-2025 16:35:30 UTC] PHP Warning:  Undefined variable $whmc_svaevluft in /Users/asad-dc/Local Sites/stone-stomper/app/public/wp-content/plugins/mini-cart-for-woocommerce/inc/class-whmc_cart.php on line 205
[11-Sep-2025 16:35:30 UTC] PHP Deprecated:  html_entity_decode(): Passing null to parameter #1 ($string) of type string is deprecated in /Users/asad-dc/Local Sites/stone-stomper/app/public/wp-content/themes/stone-stomper/404.php on line 30
[11-Sep-2025 16:35:30 UTC] PHP Deprecated:  html_entity_decode(): Passing null to parameter #1 ($string) of type string is deprecated in /Users/asad-dc/Local Sites/stone-stomper/app/public/wp-content/themes/stone-stomper/404.php on line 32
[11-Sep-2025 16:35:35 UTC] PHP Notice:  wp_json_file_decode(): Error when decoding a JSON file at path /Users/asad-dc/Local Sites/stone-stomper/app/public/wp-content/themes/stone-stomper/theme.json: Syntax error in /Users/asad-dc/Local Sites/stone-stomper/app/public/wp-includes/functions.php on line 6121
[11-Sep-2025 16:35:35 UTC] PHP Notice:  wp_json_file_decode(): Error when decoding a JSON file at path /Users/asad-dc/Local Sites/stone-stomper/app/public/wp-content/themes/stone-stomper/theme.json: Syntax error in /Users/asad-dc/Local Sites/stone-stomper/app/public/wp-includes/functions.php on line 6121
[11-Sep-2025 16:35:35 UTC] PHP Notice:  wp_json_file_decode(): Error when decoding a JSON file at path /Users/asad-dc/Local Sites/stone-stomper/app/public/wp-content/themes/stone-stomper/theme.json: Syntax error in /Users/asad-dc/Local Sites/stone-stomper/app/public/wp-includes/functions.php on line 6121
[11-Sep-2025 16:35:35 UTC] PHP Notice:  wp_json_file_decode(): Error when decoding a JSON file at path /Users/asad-dc/Local Sites/stone-stomper/app/public/wp-content/themes/stone-stomper/theme.json: Syntax error in /Users/asad-dc/Local Sites/stone-stomper/app/public/wp-includes/functions.php on line 6121
[11-Sep-2025 16:35:35 UTC] PHP Warning:  filemtime(): stat failed for /Users/asad-dc/Local Sites/stone-stomper/app/public/wp-content/themes/stone-stomper/assets/build/styles.min.css in /Users/asad-dc/Local Sites/stone-stomper/app/public/wp-content/themes/stone-stomper/includes/classes/code/class-wp-theme-custom.php on line 904
[11-Sep-2025 16:35:35 UTC] PHP Warning:  filemtime(): stat failed for /Users/asad-dc/Local Sites/stone-stomper/app/public/wp-content/themes/stone-stomper/assets/build/styles.min.css in /Users/asad-dc/Local Sites/stone-stomper/app/public/wp-content/themes/stone-stomper/includes/classes/code/class-wp-theme-custom.php on line 904
[11-Sep-2025 16:35:35 UTC] PHP Warning:  filemtime(): stat failed for /Users/asad-dc/Local Sites/stone-stomper/app/public/wp-content/themes/stone-stomper/assets/build/header.min.js in /Users/asad-dc/Local Sites/stone-stomper/app/public/wp-content/themes/stone-stomper/includes/classes/code/class-wp-theme-custom.php on line 837
[11-Sep-2025 16:35:35 UTC] PHP Warning:  filemtime(): stat failed for /Users/asad-dc/Local Sites/stone-stomper/app/public/wp-content/themes/stone-stomper/assets/build/header.min.js in /Users/asad-dc/Local Sites/stone-stomper/app/public/wp-content/themes/stone-stomper/includes/classes/code/class-wp-theme-custom.php on line 837
[11-Sep-2025 16:35:35 UTC] PHP Warning:  filemtime(): stat failed for /Users/asad-dc/Local Sites/stone-stomper/app/public/wp-content/themes/stone-stomper/assets/build/vendors/swiper-bundle.min.js in /Users/asad-dc/Local Sites/stone-stomper/app/public/wp-content/themes/stone-stomper/includes/classes/code/class-wp-theme-custom.php on line 837
[11-Sep-2025 16:35:35 UTC] PHP Warning:  filemtime(): stat failed for /Users/asad-dc/Local Sites/stone-stomper/app/public/wp-content/themes/stone-stomper/assets/build/vendors/swiper-bundle.min.js in /Users/asad-dc/Local Sites/stone-stomper/app/public/wp-content/themes/stone-stomper/includes/classes/code/class-wp-theme-custom.php on line 837
[11-Sep-2025 16:35:35 UTC] PHP Warning:  Undefined variable $whmc_svaevluft in /Users/asad-dc/Local Sites/stone-stomper/app/public/wp-content/plugins/mini-cart-for-woocommerce/inc/class-whmc_cart.php on line 205
[11-Sep-2025 16:35:35 UTC] PHP Warning:  Undefined variable $whmc_svaevluft in /Users/asad-dc/Local Sites/stone-stomper/app/public/wp-content/plugins/mini-cart-for-woocommerce/inc/class-whmc_cart.php on line 205
[11-Sep-2025 16:35:35 UTC] PHP Deprecated:  html_entity_decode(): Passing null to parameter #1 ($string) of type string is deprecated in /Users/asad-dc/Local Sites/stone-stomper/app/public/wp-content/themes/stone-stomper/404.php on line 30
[11-Sep-2025 16:35:35 UTC] PHP Deprecated:  html_entity_decode(): Passing null to parameter #1 ($string) of type string is deprecated in /Users/asad-dc/Local Sites/stone-stomper/app/public/wp-content/themes/stone-stomper/404.php on line 30
[11-Sep-2025 16:35:35 UTC] PHP Deprecated:  html_entity_decode(): Passing null to parameter #1 ($string) of type string is deprecated in /Users/asad-dc/Local Sites/stone-stomper/app/public/wp-content/themes/stone-stomper/404.php on line 32
[11-Sep-2025 16:35:35 UTC] PHP Deprecated:  html_entity_decode(): Passing null to parameter #1 ($string) of type string is deprecated in /Users/asad-dc/Local Sites/stone-stomper/app/public/wp-content/themes/stone-stomper/404.php on line 32
[11-Sep-2025 16:35:35 UTC] PHP Warning:  Array to string conversion in /Users/asad-dc/Local Sites/stone-stomper/app/public/wp-includes/formatting.php on line 1096
[11-Sep-2025 16:35:35 UTC] PHP Warning:  Array to string conversion in /Users/asad-dc/Local Sites/stone-stomper/app/public/wp-includes/formatting.php on line 1096
[11-Sep-2025 16:35:36 UTC] PHP Notice:  wp_json_file_decode(): Error when decoding a JSON file at path /Users/asad-dc/Local Sites/stone-stomper/app/public/wp-content/themes/stone-stomper/theme.json: Syntax error in /Users/asad-dc/Local Sites/stone-stomper/app/public/wp-includes/functions.php on line 6121
[11-Sep-2025 16:35:36 UTC] PHP Notice:  wp_json_file_decode(): Error when decoding a JSON file at path /Users/asad-dc/Local Sites/stone-stomper/app/public/wp-content/themes/stone-stomper/theme.json: Syntax error in /Users/asad-dc/Local Sites/stone-stomper/app/public/wp-includes/functions.php on line 6121
[11-Sep-2025 16:35:36 UTC] PHP Warning:  filemtime(): stat failed for /Users/asad-dc/Local Sites/stone-stomper/app/public/wp-content/themes/stone-stomper/assets/build/styles.min.css in /Users/asad-dc/Local Sites/stone-stomper/app/public/wp-content/themes/stone-stomper/includes/classes/code/class-wp-theme-custom.php on line 904
[11-Sep-2025 16:35:36 UTC] PHP Warning:  filemtime(): stat failed for /Users/asad-dc/Local Sites/stone-stomper/app/public/wp-content/themes/stone-stomper/assets/build/header.min.js in /Users/asad-dc/Local Sites/stone-stomper/app/public/wp-content/themes/stone-stomper/includes/classes/code/class-wp-theme-custom.php on line 837
[11-Sep-2025 16:35:36 UTC] PHP Warning:  filemtime(): stat failed for /Users/asad-dc/Local Sites/stone-stomper/app/public/wp-content/themes/stone-stomper/assets/build/vendors/swiper-bundle.min.js in /Users/asad-dc/Local Sites/stone-stomper/app/public/wp-content/themes/stone-stomper/includes/classes/code/class-wp-theme-custom.php on line 837
[11-Sep-2025 16:35:36 UTC] PHP Warning:  Undefined variable $whmc_svaevluft in /Users/asad-dc/Local Sites/stone-stomper/app/public/wp-content/plugins/mini-cart-for-woocommerce/inc/class-whmc_cart.php on line 205
[11-Sep-2025 16:35:36 UTC] PHP Deprecated:  html_entity_decode(): Passing null to parameter #1 ($string) of type string is deprecated in /Users/asad-dc/Local Sites/stone-stomper/app/public/wp-content/themes/stone-stomper/404.php on line 30
[11-Sep-2025 16:35:36 UTC] PHP Deprecated:  html_entity_decode(): Passing null to parameter #1 ($string) of type string is deprecated in /Users/asad-dc/Local Sites/stone-stomper/app/public/wp-content/themes/stone-stomper/404.php on line 32
[11-Sep-2025 16:35:36 UTC] PHP Notice:  wp_json_file_decode(): Error when decoding a JSON file at path /Users/asad-dc/Local Sites/stone-stomper/app/public/wp-content/themes/stone-stomper/theme.json: Syntax error in /Users/asad-dc/Local Sites/stone-stomper/app/public/wp-includes/functions.php on line 6121
[11-Sep-2025 16:35:36 UTC] PHP Notice:  wp_json_file_decode(): Error when decoding a JSON file at path /Users/asad-dc/Local Sites/stone-stomper/app/public/wp-content/themes/stone-stomper/theme.json: Syntax error in /Users/asad-dc/Local Sites/stone-stomper/app/public/wp-includes/functions.php on line 6121
[11-Sep-2025 16:35:36 UTC] PHP Warning:  filemtime(): stat failed for /Users/asad-dc/Local Sites/stone-stomper/app/public/wp-content/themes/stone-stomper/assets/build/styles.min.css in /Users/asad-dc/Local Sites/stone-stomper/app/public/wp-content/themes/stone-stomper/includes/classes/code/class-wp-theme-custom.php on line 904
[11-Sep-2025 16:35:36 UTC] PHP Warning:  filemtime(): stat failed for /Users/asad-dc/Local Sites/stone-stomper/app/public/wp-content/themes/stone-stomper/assets/build/header.min.js in /Users/asad-dc/Local Sites/stone-stomper/app/public/wp-content/themes/stone-stomper/includes/classes/code/class-wp-theme-custom.php on line 837
[11-Sep-2025 16:35:36 UTC] PHP Warning:  filemtime(): stat failed for /Users/asad-dc/Local Sites/stone-stomper/app/public/wp-content/themes/stone-stomper/assets/build/vendors/swiper-bundle.min.js in /Users/asad-dc/Local Sites/stone-stomper/app/public/wp-content/themes/stone-stomper/includes/classes/code/class-wp-theme-custom.php on line 837
[11-Sep-2025 16:35:36 UTC] PHP Warning:  Undefined variable $whmc_svaevluft in /Users/asad-dc/Local Sites/stone-stomper/app/public/wp-content/plugins/mini-cart-for-woocommerce/inc/class-whmc_cart.php on line 205
[11-Sep-2025 16:35:36 UTC] PHP Deprecated:  html_entity_decode(): Passing null to parameter #1 ($string) of type string is deprecated in /Users/asad-dc/Local Sites/stone-stomper/app/public/wp-content/themes/stone-stomper/404.php on line 30
[11-Sep-2025 16:35:36 UTC] PHP Deprecated:  html_entity_decode(): Passing null to parameter #1 ($string) of type string is deprecated in /Users/asad-dc/Local Sites/stone-stomper/app/public/wp-content/themes/stone-stomper/404.php on line 32
[11-Sep-2025 16:35:36 UTC] PHP Warning:  Array to string conversion in /Users/asad-dc/Local Sites/stone-stomper/app/public/wp-includes/formatting.php on line 1096
[11-Sep-2025 16:36:11 UTC] PHP Notice:  wp_json_file_decode(): Error when decoding a JSON file at path /Users/asad-dc/Local Sites/stone-stomper/app/public/wp-content/themes/stone-stomper/theme.json: Syntax error in /Users/asad-dc/Local Sites/stone-stomper/app/public/wp-includes/functions.php on line 6121
[11-Sep-2025 16:36:11 UTC] PHP Notice:  wp_json_file_decode(): Error when decoding a JSON file at path /Users/asad-dc/Local Sites/stone-stomper/app/public/wp-content/themes/stone-stomper/theme.json: Syntax error in /Users/asad-dc/Local Sites/stone-stomper/app/public/wp-includes/functions.php on line 6121
[11-Sep-2025 16:36:11 UTC] PHP Warning:  filemtime(): stat failed for /Users/asad-dc/Local Sites/stone-stomper/app/public/wp-content/themes/stone-stomper/assets/build/styles.min.css in /Users/asad-dc/Local Sites/stone-stomper/app/public/wp-content/themes/stone-stomper/includes/classes/code/class-wp-theme-custom.php on line 904
[11-Sep-2025 16:36:11 UTC] PHP Warning:  filemtime(): stat failed for /Users/asad-dc/Local Sites/stone-stomper/app/public/wp-content/themes/stone-stomper/assets/build/header.min.js in /Users/asad-dc/Local Sites/stone-stomper/app/public/wp-content/themes/stone-stomper/includes/classes/code/class-wp-theme-custom.php on line 837
[11-Sep-2025 16:36:11 UTC] PHP Warning:  filemtime(): stat failed for /Users/asad-dc/Local Sites/stone-stomper/app/public/wp-content/themes/stone-stomper/assets/build/vendors/swiper-bundle.min.js in /Users/asad-dc/Local Sites/stone-stomper/app/public/wp-content/themes/stone-stomper/includes/classes/code/class-wp-theme-custom.php on line 837
[11-Sep-2025 16:36:11 UTC] PHP Warning:  Undefined variable $whmc_svaevluft in /Users/asad-dc/Local Sites/stone-stomper/app/public/wp-content/plugins/mini-cart-for-woocommerce/inc/class-whmc_cart.php on line 205
[11-Sep-2025 16:36:12 UTC] PHP Notice:  wp_json_file_decode(): Error when decoding a JSON file at path /Users/asad-dc/Local Sites/stone-stomper/app/public/wp-content/themes/stone-stomper/theme.json: Syntax error in /Users/asad-dc/Local Sites/stone-stomper/app/public/wp-includes/functions.php on line 6121
[11-Sep-2025 16:36:12 UTC] PHP Notice:  wp_json_file_decode(): Error when decoding a JSON file at path /Users/asad-dc/Local Sites/stone-stomper/app/public/wp-content/themes/stone-stomper/theme.json: Syntax error in /Users/asad-dc/Local Sites/stone-stomper/app/public/wp-includes/functions.php on line 6121
[11-Sep-2025 16:36:12 UTC] PHP Notice:  wp_json_file_decode(): Error when decoding a JSON file at path /Users/asad-dc/Local Sites/stone-stomper/app/public/wp-content/themes/stone-stomper/theme.json: Syntax error in /Users/asad-dc/Local Sites/stone-stomper/app/public/wp-includes/functions.php on line 6121
[11-Sep-2025 16:36:12 UTC] PHP Warning:  filemtime(): stat failed for /Users/asad-dc/Local Sites/stone-stomper/app/public/wp-content/themes/stone-stomper/assets/build/styles.min.css in /Users/asad-dc/Local Sites/stone-stomper/app/public/wp-content/themes/stone-stomper/includes/classes/code/class-wp-theme-custom.php on line 904
[11-Sep-2025 16:36:12 UTC] PHP Warning:  filemtime(): stat failed for /Users/asad-dc/Local Sites/stone-stomper/app/public/wp-content/themes/stone-stomper/assets/build/header.min.js in /Users/asad-dc/Local Sites/stone-stomper/app/public/wp-content/themes/stone-stomper/includes/classes/code/class-wp-theme-custom.php on line 837
[11-Sep-2025 16:36:12 UTC] PHP Warning:  filemtime(): stat failed for /Users/asad-dc/Local Sites/stone-stomper/app/public/wp-content/themes/stone-stomper/assets/build/vendors/swiper-bundle.min.js in /Users/asad-dc/Local Sites/stone-stomper/app/public/wp-content/themes/stone-stomper/includes/classes/code/class-wp-theme-custom.php on line 837
[11-Sep-2025 16:36:12 UTC] PHP Notice:  wp_json_file_decode(): Error when decoding a JSON file at path /Users/asad-dc/Local Sites/stone-stomper/app/public/wp-content/themes/stone-stomper/theme.json: Syntax error in /Users/asad-dc/Local Sites/stone-stomper/app/public/wp-includes/functions.php on line 6121
[11-Sep-2025 16:36:12 UTC] PHP Warning:  Undefined variable $whmc_svaevluft in /Users/asad-dc/Local Sites/stone-stomper/app/public/wp-content/plugins/mini-cart-for-woocommerce/inc/class-whmc_cart.php on line 205
[11-Sep-2025 16:36:12 UTC] PHP Warning:  filemtime(): stat failed for /Users/asad-dc/Local Sites/stone-stomper/app/public/wp-content/themes/stone-stomper/assets/build/styles.min.css in /Users/asad-dc/Local Sites/stone-stomper/app/public/wp-content/themes/stone-stomper/includes/classes/code/class-wp-theme-custom.php on line 904
[11-Sep-2025 16:36:12 UTC] PHP Warning:  filemtime(): stat failed for /Users/asad-dc/Local Sites/stone-stomper/app/public/wp-content/themes/stone-stomper/assets/build/header.min.js in /Users/asad-dc/Local Sites/stone-stomper/app/public/wp-content/themes/stone-stomper/includes/classes/code/class-wp-theme-custom.php on line 837
[11-Sep-2025 16:36:12 UTC] PHP Warning:  filemtime(): stat failed for /Users/asad-dc/Local Sites/stone-stomper/app/public/wp-content/themes/stone-stomper/assets/build/vendors/swiper-bundle.min.js in /Users/asad-dc/Local Sites/stone-stomper/app/public/wp-content/themes/stone-stomper/includes/classes/code/class-wp-theme-custom.php on line 837
[11-Sep-2025 16:36:12 UTC] PHP Warning:  Undefined variable $whmc_svaevluft in /Users/asad-dc/Local Sites/stone-stomper/app/public/wp-content/plugins/mini-cart-for-woocommerce/inc/class-whmc_cart.php on line 205
[11-Sep-2025 16:36:12 UTC] PHP Deprecated:  html_entity_decode(): Passing null to parameter #1 ($string) of type string is deprecated in /Users/asad-dc/Local Sites/stone-stomper/app/public/wp-content/themes/stone-stomper/404.php on line 30
[11-Sep-2025 16:36:12 UTC] PHP Deprecated:  html_entity_decode(): Passing null to parameter #1 ($string) of type string is deprecated in /Users/asad-dc/Local Sites/stone-stomper/app/public/wp-content/themes/stone-stomper/404.php on line 32
[11-Sep-2025 16:36:12 UTC] PHP Deprecated:  html_entity_decode(): Passing null to parameter #1 ($string) of type string is deprecated in /Users/asad-dc/Local Sites/stone-stomper/app/public/wp-content/themes/stone-stomper/404.php on line 30
[11-Sep-2025 16:36:12 UTC] PHP Deprecated:  html_entity_decode(): Passing null to parameter #1 ($string) of type string is deprecated in /Users/asad-dc/Local Sites/stone-stomper/app/public/wp-content/themes/stone-stomper/404.php on line 32
[11-Sep-2025 16:36:12 UTC] PHP Notice:  wp_json_file_decode(): Error when decoding a JSON file at path /Users/asad-dc/Local Sites/stone-stomper/app/public/wp-content/themes/stone-stomper/theme.json: Syntax error in /Users/asad-dc/Local Sites/stone-stomper/app/public/wp-includes/functions.php on line 6121
[11-Sep-2025 16:36:12 UTC] PHP Notice:  wp_json_file_decode(): Error when decoding a JSON file at path /Users/asad-dc/Local Sites/stone-stomper/app/public/wp-content/themes/stone-stomper/theme.json: Syntax error in /Users/asad-dc/Local Sites/stone-stomper/app/public/wp-includes/functions.php on line 6121
[11-Sep-2025 16:36:12 UTC] PHP Warning:  filemtime(): stat failed for /Users/asad-dc/Local Sites/stone-stomper/app/public/wp-content/themes/stone-stomper/assets/build/styles.min.css in /Users/asad-dc/Local Sites/stone-stomper/app/public/wp-content/themes/stone-stomper/includes/classes/code/class-wp-theme-custom.php on line 904
[11-Sep-2025 16:36:12 UTC] PHP Warning:  filemtime(): stat failed for /Users/asad-dc/Local Sites/stone-stomper/app/public/wp-content/themes/stone-stomper/assets/build/header.min.js in /Users/asad-dc/Local Sites/stone-stomper/app/public/wp-content/themes/stone-stomper/includes/classes/code/class-wp-theme-custom.php on line 837
[11-Sep-2025 16:36:12 UTC] PHP Warning:  filemtime(): stat failed for /Users/asad-dc/Local Sites/stone-stomper/app/public/wp-content/themes/stone-stomper/assets/build/vendors/swiper-bundle.min.js in /Users/asad-dc/Local Sites/stone-stomper/app/public/wp-content/themes/stone-stomper/includes/classes/code/class-wp-theme-custom.php on line 837
[11-Sep-2025 16:36:12 UTC] PHP Warning:  Undefined variable $whmc_svaevluft in /Users/asad-dc/Local Sites/stone-stomper/app/public/wp-content/plugins/mini-cart-for-woocommerce/inc/class-whmc_cart.php on line 205
[11-Sep-2025 16:36:12 UTC] PHP Deprecated:  html_entity_decode(): Passing null to parameter #1 ($string) of type string is deprecated in /Users/asad-dc/Local Sites/stone-stomper/app/public/wp-content/themes/stone-stomper/404.php on line 30
[11-Sep-2025 16:36:12 UTC] PHP Deprecated:  html_entity_decode(): Passing null to parameter #1 ($string) of type string is deprecated in /Users/asad-dc/Local Sites/stone-stomper/app/public/wp-content/themes/stone-stomper/404.php on line 32
[11-Sep-2025 16:36:12 UTC] PHP Notice:  wp_json_file_decode(): Error when decoding a JSON file at path /Users/asad-dc/Local Sites/stone-stomper/app/public/wp-content/themes/stone-stomper/theme.json: Syntax error in /Users/asad-dc/Local Sites/stone-stomper/app/public/wp-includes/functions.php on line 6121
[11-Sep-2025 16:36:12 UTC] PHP Notice:  wp_json_file_decode(): Error when decoding a JSON file at path /Users/asad-dc/Local Sites/stone-stomper/app/public/wp-content/themes/stone-stomper/theme.json: Syntax error in /Users/asad-dc/Local Sites/stone-stomper/app/public/wp-includes/functions.php on line 6121
[11-Sep-2025 16:36:12 UTC] PHP Warning:  filemtime(): stat failed for /Users/asad-dc/Local Sites/stone-stomper/app/public/wp-content/themes/stone-stomper/assets/build/styles.min.css in /Users/asad-dc/Local Sites/stone-stomper/app/public/wp-content/themes/stone-stomper/includes/classes/code/class-wp-theme-custom.php on line 904
[11-Sep-2025 16:36:12 UTC] PHP Warning:  filemtime(): stat failed for /Users/asad-dc/Local Sites/stone-stomper/app/public/wp-content/themes/stone-stomper/assets/build/header.min.js in /Users/asad-dc/Local Sites/stone-stomper/app/public/wp-content/themes/stone-stomper/includes/classes/code/class-wp-theme-custom.php on line 837
[11-Sep-2025 16:36:12 UTC] PHP Warning:  filemtime(): stat failed for /Users/asad-dc/Local Sites/stone-stomper/app/public/wp-content/themes/stone-stomper/assets/build/vendors/swiper-bundle.min.js in /Users/asad-dc/Local Sites/stone-stomper/app/public/wp-content/themes/stone-stomper/includes/classes/code/class-wp-theme-custom.php on line 837
[11-Sep-2025 16:36:12 UTC] PHP Warning:  Undefined variable $whmc_svaevluft in /Users/asad-dc/Local Sites/stone-stomper/app/public/wp-content/plugins/mini-cart-for-woocommerce/inc/class-whmc_cart.php on line 205
[11-Sep-2025 16:36:12 UTC] PHP Deprecated:  html_entity_decode(): Passing null to parameter #1 ($string) of type string is deprecated in /Users/asad-dc/Local Sites/stone-stomper/app/public/wp-content/themes/stone-stomper/404.php on line 30
[11-Sep-2025 16:36:12 UTC] PHP Deprecated:  html_entity_decode(): Passing null to parameter #1 ($string) of type string is deprecated in /Users/asad-dc/Local Sites/stone-stomper/app/public/wp-content/themes/stone-stomper/404.php on line 32
[11-Sep-2025 16:36:12 UTC] PHP Notice:  wp_json_file_decode(): Error when decoding a JSON file at path /Users/asad-dc/Local Sites/stone-stomper/app/public/wp-content/themes/stone-stomper/theme.json: Syntax error in /Users/asad-dc/Local Sites/stone-stomper/app/public/wp-includes/functions.php on line 6121
[11-Sep-2025 16:36:12 UTC] PHP Notice:  wp_json_file_decode(): Error when decoding a JSON file at path /Users/asad-dc/Local Sites/stone-stomper/app/public/wp-content/themes/stone-stomper/theme.json: Syntax error in /Users/asad-dc/Local Sites/stone-stomper/app/public/wp-includes/functions.php on line 6121
[11-Sep-2025 16:36:13 UTC] PHP Warning:  filemtime(): stat failed for /Users/asad-dc/Local Sites/stone-stomper/app/public/wp-content/themes/stone-stomper/assets/build/styles.min.css in /Users/asad-dc/Local Sites/stone-stomper/app/public/wp-content/themes/stone-stomper/includes/classes/code/class-wp-theme-custom.php on line 904
[11-Sep-2025 16:36:13 UTC] PHP Warning:  filemtime(): stat failed for /Users/asad-dc/Local Sites/stone-stomper/app/public/wp-content/themes/stone-stomper/assets/build/header.min.js in /Users/asad-dc/Local Sites/stone-stomper/app/public/wp-content/themes/stone-stomper/includes/classes/code/class-wp-theme-custom.php on line 837
[11-Sep-2025 16:36:13 UTC] PHP Warning:  filemtime(): stat failed for /Users/asad-dc/Local Sites/stone-stomper/app/public/wp-content/themes/stone-stomper/assets/build/vendors/swiper-bundle.min.js in /Users/asad-dc/Local Sites/stone-stomper/app/public/wp-content/themes/stone-stomper/includes/classes/code/class-wp-theme-custom.php on line 837
[11-Sep-2025 16:36:13 UTC] PHP Warning:  Undefined variable $whmc_svaevluft in /Users/asad-dc/Local Sites/stone-stomper/app/public/wp-content/plugins/mini-cart-for-woocommerce/inc/class-whmc_cart.php on line 205
[11-Sep-2025 16:36:13 UTC] PHP Deprecated:  html_entity_decode(): Passing null to parameter #1 ($string) of type string is deprecated in /Users/asad-dc/Local Sites/stone-stomper/app/public/wp-content/themes/stone-stomper/404.php on line 30
[11-Sep-2025 16:36:13 UTC] PHP Deprecated:  html_entity_decode(): Passing null to parameter #1 ($string) of type string is deprecated in /Users/asad-dc/Local Sites/stone-stomper/app/public/wp-content/themes/stone-stomper/404.php on line 32
[11-Sep-2025 16:36:13 UTC] PHP Notice:  wp_json_file_decode(): Error when decoding a JSON file at path /Users/asad-dc/Local Sites/stone-stomper/app/public/wp-content/themes/stone-stomper/theme.json: Syntax error in /Users/asad-dc/Local Sites/stone-stomper/app/public/wp-includes/functions.php on line 6121
[11-Sep-2025 16:36:13 UTC] PHP Notice:  wp_json_file_decode(): Error when decoding a JSON file at path /Users/asad-dc/Local Sites/stone-stomper/app/public/wp-content/themes/stone-stomper/theme.json: Syntax error in /Users/asad-dc/Local Sites/stone-stomper/app/public/wp-includes/functions.php on line 6121
[11-Sep-2025 16:36:13 UTC] PHP Warning:  filemtime(): stat failed for /Users/asad-dc/Local Sites/stone-stomper/app/public/wp-content/themes/stone-stomper/assets/build/styles.min.css in /Users/asad-dc/Local Sites/stone-stomper/app/public/wp-content/themes/stone-stomper/includes/classes/code/class-wp-theme-custom.php on line 904
[11-Sep-2025 16:36:13 UTC] PHP Warning:  filemtime(): stat failed for /Users/asad-dc/Local Sites/stone-stomper/app/public/wp-content/themes/stone-stomper/assets/build/header.min.js in /Users/asad-dc/Local Sites/stone-stomper/app/public/wp-content/themes/stone-stomper/includes/classes/code/class-wp-theme-custom.php on line 837
[11-Sep-2025 16:36:13 UTC] PHP Warning:  filemtime(): stat failed for /Users/asad-dc/Local Sites/stone-stomper/app/public/wp-content/themes/stone-stomper/assets/build/vendors/swiper-bundle.min.js in /Users/asad-dc/Local Sites/stone-stomper/app/public/wp-content/themes/stone-stomper/includes/classes/code/class-wp-theme-custom.php on line 837
[11-Sep-2025 16:36:13 UTC] PHP Warning:  Undefined variable $whmc_svaevluft in /Users/asad-dc/Local Sites/stone-stomper/app/public/wp-content/plugins/mini-cart-for-woocommerce/inc/class-whmc_cart.php on line 205
[11-Sep-2025 16:36:14 UTC] PHP Notice:  wp_json_file_decode(): Error when decoding a JSON file at path /Users/asad-dc/Local Sites/stone-stomper/app/public/wp-content/themes/stone-stomper/theme.json: Syntax error in /Users/asad-dc/Local Sites/stone-stomper/app/public/wp-includes/functions.php on line 6121
[11-Sep-2025 16:36:14 UTC] PHP Notice:  wp_json_file_decode(): Error when decoding a JSON file at path /Users/asad-dc/Local Sites/stone-stomper/app/public/wp-content/themes/stone-stomper/theme.json: Syntax error in /Users/asad-dc/Local Sites/stone-stomper/app/public/wp-includes/functions.php on line 6121
[11-Sep-2025 16:36:14 UTC] PHP Warning:  filemtime(): stat failed for /Users/asad-dc/Local Sites/stone-stomper/app/public/wp-content/themes/stone-stomper/assets/build/styles.min.css in /Users/asad-dc/Local Sites/stone-stomper/app/public/wp-content/themes/stone-stomper/includes/classes/code/class-wp-theme-custom.php on line 904
[11-Sep-2025 16:36:14 UTC] PHP Warning:  filemtime(): stat failed for /Users/asad-dc/Local Sites/stone-stomper/app/public/wp-content/themes/stone-stomper/assets/build/header.min.js in /Users/asad-dc/Local Sites/stone-stomper/app/public/wp-content/themes/stone-stomper/includes/classes/code/class-wp-theme-custom.php on line 837
[11-Sep-2025 16:36:14 UTC] PHP Warning:  filemtime(): stat failed for /Users/asad-dc/Local Sites/stone-stomper/app/public/wp-content/themes/stone-stomper/assets/build/vendors/swiper-bundle.min.js in /Users/asad-dc/Local Sites/stone-stomper/app/public/wp-content/themes/stone-stomper/includes/classes/code/class-wp-theme-custom.php on line 837
[11-Sep-2025 16:36:14 UTC] PHP Warning:  Undefined variable $whmc_svaevluft in /Users/asad-dc/Local Sites/stone-stomper/app/public/wp-content/plugins/mini-cart-for-woocommerce/inc/class-whmc_cart.php on line 205
[11-Sep-2025 16:36:14 UTC] PHP Deprecated:  html_entity_decode(): Passing null to parameter #1 ($string) of type string is deprecated in /Users/asad-dc/Local Sites/stone-stomper/app/public/wp-content/themes/stone-stomper/404.php on line 30
[11-Sep-2025 16:36:14 UTC] PHP Deprecated:  html_entity_decode(): Passing null to parameter #1 ($string) of type string is deprecated in /Users/asad-dc/Local Sites/stone-stomper/app/public/wp-content/themes/stone-stomper/404.php on line 32
[11-Sep-2025 16:36:14 UTC] PHP Notice:  wp_json_file_decode(): Error when decoding a JSON file at path /Users/asad-dc/Local Sites/stone-stomper/app/public/wp-content/themes/stone-stomper/theme.json: Syntax error in /Users/asad-dc/Local Sites/stone-stomper/app/public/wp-includes/functions.php on line 6121
[11-Sep-2025 16:36:14 UTC] PHP Notice:  wp_json_file_decode(): Error when decoding a JSON file at path /Users/asad-dc/Local Sites/stone-stomper/app/public/wp-content/themes/stone-stomper/theme.json: Syntax error in /Users/asad-dc/Local Sites/stone-stomper/app/public/wp-includes/functions.php on line 6121
[11-Sep-2025 16:36:14 UTC] PHP Warning:  filemtime(): stat failed for /Users/asad-dc/Local Sites/stone-stomper/app/public/wp-content/themes/stone-stomper/assets/build/styles.min.css in /Users/asad-dc/Local Sites/stone-stomper/app/public/wp-content/themes/stone-stomper/includes/classes/code/class-wp-theme-custom.php on line 904
[11-Sep-2025 16:36:14 UTC] PHP Warning:  filemtime(): stat failed for /Users/asad-dc/Local Sites/stone-stomper/app/public/wp-content/themes/stone-stomper/assets/build/header.min.js in /Users/asad-dc/Local Sites/stone-stomper/app/public/wp-content/themes/stone-stomper/includes/classes/code/class-wp-theme-custom.php on line 837
[11-Sep-2025 16:36:14 UTC] PHP Warning:  filemtime(): stat failed for /Users/asad-dc/Local Sites/stone-stomper/app/public/wp-content/themes/stone-stomper/assets/build/vendors/swiper-bundle.min.js in /Users/asad-dc/Local Sites/stone-stomper/app/public/wp-content/themes/stone-stomper/includes/classes/code/class-wp-theme-custom.php on line 837
[11-Sep-2025 16:36:14 UTC] PHP Warning:  Undefined variable $whmc_svaevluft in /Users/asad-dc/Local Sites/stone-stomper/app/public/wp-content/plugins/mini-cart-for-woocommerce/inc/class-whmc_cart.php on line 205
[11-Sep-2025 16:36:14 UTC] PHP Deprecated:  html_entity_decode(): Passing null to parameter #1 ($string) of type string is deprecated in /Users/asad-dc/Local Sites/stone-stomper/app/public/wp-content/themes/stone-stomper/404.php on line 30
[11-Sep-2025 16:36:14 UTC] PHP Deprecated:  html_entity_decode(): Passing null to parameter #1 ($string) of type string is deprecated in /Users/asad-dc/Local Sites/stone-stomper/app/public/wp-content/themes/stone-stomper/404.php on line 32
[11-Sep-2025 16:37:07 UTC] PHP Notice:  wp_json_file_decode(): Error when decoding a JSON file at path /Users/asad-dc/Local Sites/stone-stomper/app/public/wp-content/themes/stone-stomper/theme.json: Syntax error in /Users/asad-dc/Local Sites/stone-stomper/app/public/wp-includes/functions.php on line 6121
[11-Sep-2025 16:37:07 UTC] PHP Notice:  wp_json_file_decode(): Error when decoding a JSON file at path /Users/asad-dc/Local Sites/stone-stomper/app/public/wp-content/themes/stone-stomper/theme.json: Syntax error in /Users/asad-dc/Local Sites/stone-stomper/app/public/wp-includes/functions.php on line 6121
[11-Sep-2025 16:37:07 UTC] PHP Warning:  filemtime(): stat failed for /Users/asad-dc/Local Sites/stone-stomper/app/public/wp-content/themes/stone-stomper/assets/build/styles.min.css in /Users/asad-dc/Local Sites/stone-stomper/app/public/wp-content/themes/stone-stomper/includes/classes/code/class-wp-theme-custom.php on line 904
[11-Sep-2025 16:37:07 UTC] PHP Warning:  filemtime(): stat failed for /Users/asad-dc/Local Sites/stone-stomper/app/public/wp-content/themes/stone-stomper/assets/build/header.min.js in /Users/asad-dc/Local Sites/stone-stomper/app/public/wp-content/themes/stone-stomper/includes/classes/code/class-wp-theme-custom.php on line 837
[11-Sep-2025 16:37:07 UTC] PHP Warning:  filemtime(): stat failed for /Users/asad-dc/Local Sites/stone-stomper/app/public/wp-content/themes/stone-stomper/assets/build/vendors/swiper-bundle.min.js in /Users/asad-dc/Local Sites/stone-stomper/app/public/wp-content/themes/stone-stomper/includes/classes/code/class-wp-theme-custom.php on line 837
[11-Sep-2025 16:37:07 UTC] PHP Warning:  Undefined variable $whmc_svaevluft in /Users/asad-dc/Local Sites/stone-stomper/app/public/wp-content/plugins/mini-cart-for-woocommerce/inc/class-whmc_cart.php on line 205
[11-Sep-2025 16:37:08 UTC] PHP Notice:  wp_json_file_decode(): Error when decoding a JSON file at path /Users/asad-dc/Local Sites/stone-stomper/app/public/wp-content/themes/stone-stomper/theme.json: Syntax error in /Users/asad-dc/Local Sites/stone-stomper/app/public/wp-includes/functions.php on line 6121
[11-Sep-2025 16:37:08 UTC] PHP Notice:  wp_json_file_decode(): Error when decoding a JSON file at path /Users/asad-dc/Local Sites/stone-stomper/app/public/wp-content/themes/stone-stomper/theme.json: Syntax error in /Users/asad-dc/Local Sites/stone-stomper/app/public/wp-includes/functions.php on line 6121
[11-Sep-2025 16:37:08 UTC] PHP Warning:  filemtime(): stat failed for /Users/asad-dc/Local Sites/stone-stomper/app/public/wp-content/themes/stone-stomper/assets/build/styles.min.css in /Users/asad-dc/Local Sites/stone-stomper/app/public/wp-content/themes/stone-stomper/includes/classes/code/class-wp-theme-custom.php on line 904
[11-Sep-2025 16:37:08 UTC] PHP Warning:  filemtime(): stat failed for /Users/asad-dc/Local Sites/stone-stomper/app/public/wp-content/themes/stone-stomper/assets/build/header.min.js in /Users/asad-dc/Local Sites/stone-stomper/app/public/wp-content/themes/stone-stomper/includes/classes/code/class-wp-theme-custom.php on line 837
[11-Sep-2025 16:37:08 UTC] PHP Warning:  filemtime(): stat failed for /Users/asad-dc/Local Sites/stone-stomper/app/public/wp-content/themes/stone-stomper/assets/build/vendors/swiper-bundle.min.js in /Users/asad-dc/Local Sites/stone-stomper/app/public/wp-content/themes/stone-stomper/includes/classes/code/class-wp-theme-custom.php on line 837
[11-Sep-2025 16:37:08 UTC] PHP Warning:  Undefined variable $whmc_svaevluft in /Users/asad-dc/Local Sites/stone-stomper/app/public/wp-content/plugins/mini-cart-for-woocommerce/inc/class-whmc_cart.php on line 205
[11-Sep-2025 16:37:08 UTC] PHP Deprecated:  html_entity_decode(): Passing null to parameter #1 ($string) of type string is deprecated in /Users/asad-dc/Local Sites/stone-stomper/app/public/wp-content/themes/stone-stomper/404.php on line 30
[11-Sep-2025 16:37:08 UTC] PHP Deprecated:  html_entity_decode(): Passing null to parameter #1 ($string) of type string is deprecated in /Users/asad-dc/Local Sites/stone-stomper/app/public/wp-content/themes/stone-stomper/404.php on line 32
[11-Sep-2025 16:37:08 UTC] PHP Notice:  wp_json_file_decode(): Error when decoding a JSON file at path /Users/asad-dc/Local Sites/stone-stomper/app/public/wp-content/themes/stone-stomper/theme.json: Syntax error in /Users/asad-dc/Local Sites/stone-stomper/app/public/wp-includes/functions.php on line 6121
[11-Sep-2025 16:37:08 UTC] PHP Notice:  wp_json_file_decode(): Error when decoding a JSON file at path /Users/asad-dc/Local Sites/stone-stomper/app/public/wp-content/themes/stone-stomper/theme.json: Syntax error in /Users/asad-dc/Local Sites/stone-stomper/app/public/wp-includes/functions.php on line 6121
[11-Sep-2025 16:37:08 UTC] PHP Warning:  filemtime(): stat failed for /Users/asad-dc/Local Sites/stone-stomper/app/public/wp-content/themes/stone-stomper/assets/build/styles.min.css in /Users/asad-dc/Local Sites/stone-stomper/app/public/wp-content/themes/stone-stomper/includes/classes/code/class-wp-theme-custom.php on line 904
[11-Sep-2025 16:37:08 UTC] PHP Warning:  filemtime(): stat failed for /Users/asad-dc/Local Sites/stone-stomper/app/public/wp-content/themes/stone-stomper/assets/build/header.min.js in /Users/asad-dc/Local Sites/stone-stomper/app/public/wp-content/themes/stone-stomper/includes/classes/code/class-wp-theme-custom.php on line 837
[11-Sep-2025 16:37:08 UTC] PHP Warning:  filemtime(): stat failed for /Users/asad-dc/Local Sites/stone-stomper/app/public/wp-content/themes/stone-stomper/assets/build/vendors/swiper-bundle.min.js in /Users/asad-dc/Local Sites/stone-stomper/app/public/wp-content/themes/stone-stomper/includes/classes/code/class-wp-theme-custom.php on line 837
[11-Sep-2025 16:37:08 UTC] PHP Warning:  Undefined variable $whmc_svaevluft in /Users/asad-dc/Local Sites/stone-stomper/app/public/wp-content/plugins/mini-cart-for-woocommerce/inc/class-whmc_cart.php on line 205
[11-Sep-2025 16:37:08 UTC] PHP Deprecated:  html_entity_decode(): Passing null to parameter #1 ($string) of type string is deprecated in /Users/asad-dc/Local Sites/stone-stomper/app/public/wp-content/themes/stone-stomper/404.php on line 30
[11-Sep-2025 16:37:08 UTC] PHP Deprecated:  html_entity_decode(): Passing null to parameter #1 ($string) of type string is deprecated in /Users/asad-dc/Local Sites/stone-stomper/app/public/wp-content/themes/stone-stomper/404.php on line 32
[11-Sep-2025 16:37:08 UTC] PHP Notice:  wp_json_file_decode(): Error when decoding a JSON file at path /Users/asad-dc/Local Sites/stone-stomper/app/public/wp-content/themes/stone-stomper/theme.json: Syntax error in /Users/asad-dc/Local Sites/stone-stomper/app/public/wp-includes/functions.php on line 6121
[11-Sep-2025 16:37:08 UTC] PHP Notice:  wp_json_file_decode(): Error when decoding a JSON file at path /Users/asad-dc/Local Sites/stone-stomper/app/public/wp-content/themes/stone-stomper/theme.json: Syntax error in /Users/asad-dc/Local Sites/stone-stomper/app/public/wp-includes/functions.php on line 6121
[11-Sep-2025 16:37:08 UTC] PHP Warning:  filemtime(): stat failed for /Users/asad-dc/Local Sites/stone-stomper/app/public/wp-content/themes/stone-stomper/assets/build/styles.min.css in /Users/asad-dc/Local Sites/stone-stomper/app/public/wp-content/themes/stone-stomper/includes/classes/code/class-wp-theme-custom.php on line 904
[11-Sep-2025 16:37:08 UTC] PHP Warning:  filemtime(): stat failed for /Users/asad-dc/Local Sites/stone-stomper/app/public/wp-content/themes/stone-stomper/assets/build/header.min.js in /Users/asad-dc/Local Sites/stone-stomper/app/public/wp-content/themes/stone-stomper/includes/classes/code/class-wp-theme-custom.php on line 837
[11-Sep-2025 16:37:08 UTC] PHP Warning:  filemtime(): stat failed for /Users/asad-dc/Local Sites/stone-stomper/app/public/wp-content/themes/stone-stomper/assets/build/vendors/swiper-bundle.min.js in /Users/asad-dc/Local Sites/stone-stomper/app/public/wp-content/themes/stone-stomper/includes/classes/code/class-wp-theme-custom.php on line 837
[11-Sep-2025 16:37:08 UTC] PHP Warning:  Undefined variable $whmc_svaevluft in /Users/asad-dc/Local Sites/stone-stomper/app/public/wp-content/plugins/mini-cart-for-woocommerce/inc/class-whmc_cart.php on line 205
[11-Sep-2025 16:37:08 UTC] PHP Deprecated:  html_entity_decode(): Passing null to parameter #1 ($string) of type string is deprecated in /Users/asad-dc/Local Sites/stone-stomper/app/public/wp-content/themes/stone-stomper/404.php on line 30
[11-Sep-2025 16:37:08 UTC] PHP Deprecated:  html_entity_decode(): Passing null to parameter #1 ($string) of type string is deprecated in /Users/asad-dc/Local Sites/stone-stomper/app/public/wp-content/themes/stone-stomper/404.php on line 32
[11-Sep-2025 16:37:09 UTC] PHP Notice:  wp_json_file_decode(): Error when decoding a JSON file at path /Users/asad-dc/Local Sites/stone-stomper/app/public/wp-content/themes/stone-stomper/theme.json: Syntax error in /Users/asad-dc/Local Sites/stone-stomper/app/public/wp-includes/functions.php on line 6121
[11-Sep-2025 16:37:09 UTC] PHP Notice:  wp_json_file_decode(): Error when decoding a JSON file at path /Users/asad-dc/Local Sites/stone-stomper/app/public/wp-content/themes/stone-stomper/theme.json: Syntax error in /Users/asad-dc/Local Sites/stone-stomper/app/public/wp-includes/functions.php on line 6121
[11-Sep-2025 16:37:09 UTC] PHP Notice:  wp_json_file_decode(): Error when decoding a JSON file at path /Users/asad-dc/Local Sites/stone-stomper/app/public/wp-content/themes/stone-stomper/theme.json: Syntax error in /Users/asad-dc/Local Sites/stone-stomper/app/public/wp-includes/functions.php on line 6121
[11-Sep-2025 16:37:09 UTC] PHP Warning:  filemtime(): stat failed for /Users/asad-dc/Local Sites/stone-stomper/app/public/wp-content/themes/stone-stomper/assets/build/styles.min.css in /Users/asad-dc/Local Sites/stone-stomper/app/public/wp-content/themes/stone-stomper/includes/classes/code/class-wp-theme-custom.php on line 904
[11-Sep-2025 16:37:09 UTC] PHP Warning:  filemtime(): stat failed for /Users/asad-dc/Local Sites/stone-stomper/app/public/wp-content/themes/stone-stomper/assets/build/header.min.js in /Users/asad-dc/Local Sites/stone-stomper/app/public/wp-content/themes/stone-stomper/includes/classes/code/class-wp-theme-custom.php on line 837
[11-Sep-2025 16:37:09 UTC] PHP Warning:  filemtime(): stat failed for /Users/asad-dc/Local Sites/stone-stomper/app/public/wp-content/themes/stone-stomper/assets/build/vendors/swiper-bundle.min.js in /Users/asad-dc/Local Sites/stone-stomper/app/public/wp-content/themes/stone-stomper/includes/classes/code/class-wp-theme-custom.php on line 837
[11-Sep-2025 16:37:09 UTC] PHP Notice:  wp_json_file_decode(): Error when decoding a JSON file at path /Users/asad-dc/Local Sites/stone-stomper/app/public/wp-content/themes/stone-stomper/theme.json: Syntax error in /Users/asad-dc/Local Sites/stone-stomper/app/public/wp-includes/functions.php on line 6121
[11-Sep-2025 16:37:09 UTC] PHP Warning:  Undefined variable $whmc_svaevluft in /Users/asad-dc/Local Sites/stone-stomper/app/public/wp-content/plugins/mini-cart-for-woocommerce/inc/class-whmc_cart.php on line 205
[11-Sep-2025 16:37:09 UTC] PHP Warning:  filemtime(): stat failed for /Users/asad-dc/Local Sites/stone-stomper/app/public/wp-content/themes/stone-stomper/assets/build/styles.min.css in /Users/asad-dc/Local Sites/stone-stomper/app/public/wp-content/themes/stone-stomper/includes/classes/code/class-wp-theme-custom.php on line 904
[11-Sep-2025 16:37:09 UTC] PHP Warning:  filemtime(): stat failed for /Users/asad-dc/Local Sites/stone-stomper/app/public/wp-content/themes/stone-stomper/assets/build/header.min.js in /Users/asad-dc/Local Sites/stone-stomper/app/public/wp-content/themes/stone-stomper/includes/classes/code/class-wp-theme-custom.php on line 837
[11-Sep-2025 16:37:09 UTC] PHP Warning:  filemtime(): stat failed for /Users/asad-dc/Local Sites/stone-stomper/app/public/wp-content/themes/stone-stomper/assets/build/vendors/swiper-bundle.min.js in /Users/asad-dc/Local Sites/stone-stomper/app/public/wp-content/themes/stone-stomper/includes/classes/code/class-wp-theme-custom.php on line 837
[11-Sep-2025 16:37:09 UTC] PHP Warning:  Undefined variable $whmc_svaevluft in /Users/asad-dc/Local Sites/stone-stomper/app/public/wp-content/plugins/mini-cart-for-woocommerce/inc/class-whmc_cart.php on line 205
[11-Sep-2025 16:37:09 UTC] PHP Deprecated:  html_entity_decode(): Passing null to parameter #1 ($string) of type string is deprecated in /Users/asad-dc/Local Sites/stone-stomper/app/public/wp-content/themes/stone-stomper/404.php on line 30
[11-Sep-2025 16:37:09 UTC] PHP Deprecated:  html_entity_decode(): Passing null to parameter #1 ($string) of type string is deprecated in /Users/asad-dc/Local Sites/stone-stomper/app/public/wp-content/themes/stone-stomper/404.php on line 32
[11-Sep-2025 16:37:09 UTC] PHP Deprecated:  html_entity_decode(): Passing null to parameter #1 ($string) of type string is deprecated in /Users/asad-dc/Local Sites/stone-stomper/app/public/wp-content/themes/stone-stomper/404.php on line 30
[11-Sep-2025 16:37:09 UTC] PHP Deprecated:  html_entity_decode(): Passing null to parameter #1 ($string) of type string is deprecated in /Users/asad-dc/Local Sites/stone-stomper/app/public/wp-content/themes/stone-stomper/404.php on line 32
[11-Sep-2025 16:37:09 UTC] PHP Notice:  wp_json_file_decode(): Error when decoding a JSON file at path /Users/asad-dc/Local Sites/stone-stomper/app/public/wp-content/themes/stone-stomper/theme.json: Syntax error in /Users/asad-dc/Local Sites/stone-stomper/app/public/wp-includes/functions.php on line 6121
[11-Sep-2025 16:37:09 UTC] PHP Notice:  wp_json_file_decode(): Error when decoding a JSON file at path /Users/asad-dc/Local Sites/stone-stomper/app/public/wp-content/themes/stone-stomper/theme.json: Syntax error in /Users/asad-dc/Local Sites/stone-stomper/app/public/wp-includes/functions.php on line 6121
[11-Sep-2025 16:37:09 UTC] PHP Warning:  filemtime(): stat failed for /Users/asad-dc/Local Sites/stone-stomper/app/public/wp-content/themes/stone-stomper/assets/build/styles.min.css in /Users/asad-dc/Local Sites/stone-stomper/app/public/wp-content/themes/stone-stomper/includes/classes/code/class-wp-theme-custom.php on line 904
[11-Sep-2025 16:37:09 UTC] PHP Warning:  filemtime(): stat failed for /Users/asad-dc/Local Sites/stone-stomper/app/public/wp-content/themes/stone-stomper/assets/build/header.min.js in /Users/asad-dc/Local Sites/stone-stomper/app/public/wp-content/themes/stone-stomper/includes/classes/code/class-wp-theme-custom.php on line 837
[11-Sep-2025 16:37:09 UTC] PHP Warning:  filemtime(): stat failed for /Users/asad-dc/Local Sites/stone-stomper/app/public/wp-content/themes/stone-stomper/assets/build/vendors/swiper-bundle.min.js in /Users/asad-dc/Local Sites/stone-stomper/app/public/wp-content/themes/stone-stomper/includes/classes/code/class-wp-theme-custom.php on line 837
[11-Sep-2025 16:37:09 UTC] PHP Warning:  Undefined variable $whmc_svaevluft in /Users/asad-dc/Local Sites/stone-stomper/app/public/wp-content/plugins/mini-cart-for-woocommerce/inc/class-whmc_cart.php on line 205
[11-Sep-2025 16:37:10 UTC] PHP Notice:  wp_json_file_decode(): Error when decoding a JSON file at path /Users/asad-dc/Local Sites/stone-stomper/app/public/wp-content/themes/stone-stomper/theme.json: Syntax error in /Users/asad-dc/Local Sites/stone-stomper/app/public/wp-includes/functions.php on line 6121
[11-Sep-2025 16:37:10 UTC] PHP Notice:  wp_json_file_decode(): Error when decoding a JSON file at path /Users/asad-dc/Local Sites/stone-stomper/app/public/wp-content/themes/stone-stomper/theme.json: Syntax error in /Users/asad-dc/Local Sites/stone-stomper/app/public/wp-includes/functions.php on line 6121
[11-Sep-2025 16:37:10 UTC] PHP Notice:  wp_json_file_decode(): Error when decoding a JSON file at path /Users/asad-dc/Local Sites/stone-stomper/app/public/wp-content/themes/stone-stomper/theme.json: Syntax error in /Users/asad-dc/Local Sites/stone-stomper/app/public/wp-includes/functions.php on line 6121
[11-Sep-2025 16:37:10 UTC] PHP Notice:  wp_json_file_decode(): Error when decoding a JSON file at path /Users/asad-dc/Local Sites/stone-stomper/app/public/wp-content/themes/stone-stomper/theme.json: Syntax error in /Users/asad-dc/Local Sites/stone-stomper/app/public/wp-includes/functions.php on line 6121
[11-Sep-2025 16:37:10 UTC] PHP Warning:  filemtime(): stat failed for /Users/asad-dc/Local Sites/stone-stomper/app/public/wp-content/themes/stone-stomper/assets/build/styles.min.css in /Users/asad-dc/Local Sites/stone-stomper/app/public/wp-content/themes/stone-stomper/includes/classes/code/class-wp-theme-custom.php on line 904
[11-Sep-2025 16:37:10 UTC] PHP Warning:  filemtime(): stat failed for /Users/asad-dc/Local Sites/stone-stomper/app/public/wp-content/themes/stone-stomper/assets/build/header.min.js in /Users/asad-dc/Local Sites/stone-stomper/app/public/wp-content/themes/stone-stomper/includes/classes/code/class-wp-theme-custom.php on line 837
[11-Sep-2025 16:37:10 UTC] PHP Warning:  filemtime(): stat failed for /Users/asad-dc/Local Sites/stone-stomper/app/public/wp-content/themes/stone-stomper/assets/build/vendors/swiper-bundle.min.js in /Users/asad-dc/Local Sites/stone-stomper/app/public/wp-content/themes/stone-stomper/includes/classes/code/class-wp-theme-custom.php on line 837
[11-Sep-2025 16:37:10 UTC] PHP Warning:  filemtime(): stat failed for /Users/asad-dc/Local Sites/stone-stomper/app/public/wp-content/themes/stone-stomper/assets/build/styles.min.css in /Users/asad-dc/Local Sites/stone-stomper/app/public/wp-content/themes/stone-stomper/includes/classes/code/class-wp-theme-custom.php on line 904
[11-Sep-2025 16:37:10 UTC] PHP Warning:  filemtime(): stat failed for /Users/asad-dc/Local Sites/stone-stomper/app/public/wp-content/themes/stone-stomper/assets/build/header.min.js in /Users/asad-dc/Local Sites/stone-stomper/app/public/wp-content/themes/stone-stomper/includes/classes/code/class-wp-theme-custom.php on line 837
[11-Sep-2025 16:37:10 UTC] PHP Warning:  filemtime(): stat failed for /Users/asad-dc/Local Sites/stone-stomper/app/public/wp-content/themes/stone-stomper/assets/build/vendors/swiper-bundle.min.js in /Users/asad-dc/Local Sites/stone-stomper/app/public/wp-content/themes/stone-stomper/includes/classes/code/class-wp-theme-custom.php on line 837
[11-Sep-2025 16:37:10 UTC] PHP Warning:  Undefined variable $whmc_svaevluft in /Users/asad-dc/Local Sites/stone-stomper/app/public/wp-content/plugins/mini-cart-for-woocommerce/inc/class-whmc_cart.php on line 205
[11-Sep-2025 16:37:10 UTC] PHP Deprecated:  html_entity_decode(): Passing null to parameter #1 ($string) of type string is deprecated in /Users/asad-dc/Local Sites/stone-stomper/app/public/wp-content/themes/stone-stomper/404.php on line 30
[11-Sep-2025 16:37:10 UTC] PHP Deprecated:  html_entity_decode(): Passing null to parameter #1 ($string) of type string is deprecated in /Users/asad-dc/Local Sites/stone-stomper/app/public/wp-content/themes/stone-stomper/404.php on line 32
[11-Sep-2025 16:37:10 UTC] PHP Warning:  Undefined variable $whmc_svaevluft in /Users/asad-dc/Local Sites/stone-stomper/app/public/wp-content/plugins/mini-cart-for-woocommerce/inc/class-whmc_cart.php on line 205
[11-Sep-2025 16:37:10 UTC] PHP Deprecated:  html_entity_decode(): Passing null to parameter #1 ($string) of type string is deprecated in /Users/asad-dc/Local Sites/stone-stomper/app/public/wp-content/themes/stone-stomper/404.php on line 30
[11-Sep-2025 16:37:10 UTC] PHP Deprecated:  html_entity_decode(): Passing null to parameter #1 ($string) of type string is deprecated in /Users/asad-dc/Local Sites/stone-stomper/app/public/wp-content/themes/stone-stomper/404.php on line 32
[11-Sep-2025 16:37:21 UTC] PHP Notice:  wp_json_file_decode(): Error when decoding a JSON file at path /Users/asad-dc/Local Sites/stone-stomper/app/public/wp-content/themes/stone-stomper/theme.json: Syntax error in /Users/asad-dc/Local Sites/stone-stomper/app/public/wp-includes/functions.php on line 6121
[11-Sep-2025 16:37:21 UTC] PHP Notice:  wp_json_file_decode(): Error when decoding a JSON file at path /Users/asad-dc/Local Sites/stone-stomper/app/public/wp-content/themes/stone-stomper/theme.json: Syntax error in /Users/asad-dc/Local Sites/stone-stomper/app/public/wp-includes/functions.php on line 6121
[11-Sep-2025 16:37:21 UTC] PHP Warning:  filemtime(): stat failed for /Users/asad-dc/Local Sites/stone-stomper/app/public/wp-content/themes/stone-stomper/assets/build/styles.min.css in /Users/asad-dc/Local Sites/stone-stomper/app/public/wp-content/themes/stone-stomper/includes/classes/code/class-wp-theme-custom.php on line 904
[11-Sep-2025 16:37:21 UTC] PHP Warning:  filemtime(): stat failed for /Users/asad-dc/Local Sites/stone-stomper/app/public/wp-content/themes/stone-stomper/assets/build/header.min.js in /Users/asad-dc/Local Sites/stone-stomper/app/public/wp-content/themes/stone-stomper/includes/classes/code/class-wp-theme-custom.php on line 837
[11-Sep-2025 16:37:21 UTC] PHP Warning:  filemtime(): stat failed for /Users/asad-dc/Local Sites/stone-stomper/app/public/wp-content/themes/stone-stomper/assets/build/vendors/swiper-bundle.min.js in /Users/asad-dc/Local Sites/stone-stomper/app/public/wp-content/themes/stone-stomper/includes/classes/code/class-wp-theme-custom.php on line 837
[11-Sep-2025 16:37:21 UTC] PHP Warning:  Undefined variable $whmc_svaevluft in /Users/asad-dc/Local Sites/stone-stomper/app/public/wp-content/plugins/mini-cart-for-woocommerce/inc/class-whmc_cart.php on line 205
[11-Sep-2025 16:37:22 UTC] PHP Notice:  wp_json_file_decode(): Error when decoding a JSON file at path /Users/asad-dc/Local Sites/stone-stomper/app/public/wp-content/themes/stone-stomper/theme.json: Syntax error in /Users/asad-dc/Local Sites/stone-stomper/app/public/wp-includes/functions.php on line 6121
[11-Sep-2025 16:37:22 UTC] PHP Notice:  wp_json_file_decode(): Error when decoding a JSON file at path /Users/asad-dc/Local Sites/stone-stomper/app/public/wp-content/themes/stone-stomper/theme.json: Syntax error in /Users/asad-dc/Local Sites/stone-stomper/app/public/wp-includes/functions.php on line 6121
[11-Sep-2025 16:37:22 UTC] PHP Notice:  wp_json_file_decode(): Error when decoding a JSON file at path /Users/asad-dc/Local Sites/stone-stomper/app/public/wp-content/themes/stone-stomper/theme.json: Syntax error in /Users/asad-dc/Local Sites/stone-stomper/app/public/wp-includes/functions.php on line 6121
[11-Sep-2025 16:37:22 UTC] PHP Notice:  wp_json_file_decode(): Error when decoding a JSON file at path /Users/asad-dc/Local Sites/stone-stomper/app/public/wp-content/themes/stone-stomper/theme.json: Syntax error in /Users/asad-dc/Local Sites/stone-stomper/app/public/wp-includes/functions.php on line 6121
[11-Sep-2025 16:37:22 UTC] PHP Warning:  filemtime(): stat failed for /Users/asad-dc/Local Sites/stone-stomper/app/public/wp-content/themes/stone-stomper/assets/build/styles.min.css in /Users/asad-dc/Local Sites/stone-stomper/app/public/wp-content/themes/stone-stomper/includes/classes/code/class-wp-theme-custom.php on line 904
[11-Sep-2025 16:37:22 UTC] PHP Warning:  filemtime(): stat failed for /Users/asad-dc/Local Sites/stone-stomper/app/public/wp-content/themes/stone-stomper/assets/build/styles.min.css in /Users/asad-dc/Local Sites/stone-stomper/app/public/wp-content/themes/stone-stomper/includes/classes/code/class-wp-theme-custom.php on line 904
[11-Sep-2025 16:37:22 UTC] PHP Warning:  filemtime(): stat failed for /Users/asad-dc/Local Sites/stone-stomper/app/public/wp-content/themes/stone-stomper/assets/build/header.min.js in /Users/asad-dc/Local Sites/stone-stomper/app/public/wp-content/themes/stone-stomper/includes/classes/code/class-wp-theme-custom.php on line 837
[11-Sep-2025 16:37:22 UTC] PHP Warning:  filemtime(): stat failed for /Users/asad-dc/Local Sites/stone-stomper/app/public/wp-content/themes/stone-stomper/assets/build/header.min.js in /Users/asad-dc/Local Sites/stone-stomper/app/public/wp-content/themes/stone-stomper/includes/classes/code/class-wp-theme-custom.php on line 837
[11-Sep-2025 16:37:22 UTC] PHP Warning:  filemtime(): stat failed for /Users/asad-dc/Local Sites/stone-stomper/app/public/wp-content/themes/stone-stomper/assets/build/vendors/swiper-bundle.min.js in /Users/asad-dc/Local Sites/stone-stomper/app/public/wp-content/themes/stone-stomper/includes/classes/code/class-wp-theme-custom.php on line 837
[11-Sep-2025 16:37:22 UTC] PHP Warning:  filemtime(): stat failed for /Users/asad-dc/Local Sites/stone-stomper/app/public/wp-content/themes/stone-stomper/assets/build/vendors/swiper-bundle.min.js in /Users/asad-dc/Local Sites/stone-stomper/app/public/wp-content/themes/stone-stomper/includes/classes/code/class-wp-theme-custom.php on line 837
[11-Sep-2025 16:37:22 UTC] PHP Warning:  Undefined variable $whmc_svaevluft in /Users/asad-dc/Local Sites/stone-stomper/app/public/wp-content/plugins/mini-cart-for-woocommerce/inc/class-whmc_cart.php on line 205
[11-Sep-2025 16:37:22 UTC] PHP Warning:  Undefined variable $whmc_svaevluft in /Users/asad-dc/Local Sites/stone-stomper/app/public/wp-content/plugins/mini-cart-for-woocommerce/inc/class-whmc_cart.php on line 205
[11-Sep-2025 16:37:22 UTC] PHP Deprecated:  html_entity_decode(): Passing null to parameter #1 ($string) of type string is deprecated in /Users/asad-dc/Local Sites/stone-stomper/app/public/wp-content/themes/stone-stomper/404.php on line 30
[11-Sep-2025 16:37:22 UTC] PHP Deprecated:  html_entity_decode(): Passing null to parameter #1 ($string) of type string is deprecated in /Users/asad-dc/Local Sites/stone-stomper/app/public/wp-content/themes/stone-stomper/404.php on line 30
[11-Sep-2025 16:37:22 UTC] PHP Deprecated:  html_entity_decode(): Passing null to parameter #1 ($string) of type string is deprecated in /Users/asad-dc/Local Sites/stone-stomper/app/public/wp-content/themes/stone-stomper/404.php on line 32
[11-Sep-2025 16:37:22 UTC] PHP Deprecated:  html_entity_decode(): Passing null to parameter #1 ($string) of type string is deprecated in /Users/asad-dc/Local Sites/stone-stomper/app/public/wp-content/themes/stone-stomper/404.php on line 32
[11-Sep-2025 16:37:22 UTC] PHP Notice:  wp_json_file_decode(): Error when decoding a JSON file at path /Users/asad-dc/Local Sites/stone-stomper/app/public/wp-content/themes/stone-stomper/theme.json: Syntax error in /Users/asad-dc/Local Sites/stone-stomper/app/public/wp-includes/functions.php on line 6121
[11-Sep-2025 16:37:22 UTC] PHP Notice:  wp_json_file_decode(): Error when decoding a JSON file at path /Users/asad-dc/Local Sites/stone-stomper/app/public/wp-content/themes/stone-stomper/theme.json: Syntax error in /Users/asad-dc/Local Sites/stone-stomper/app/public/wp-includes/functions.php on line 6121
[11-Sep-2025 16:37:22 UTC] PHP Notice:  wp_json_file_decode(): Error when decoding a JSON file at path /Users/asad-dc/Local Sites/stone-stomper/app/public/wp-content/themes/stone-stomper/theme.json: Syntax error in /Users/asad-dc/Local Sites/stone-stomper/app/public/wp-includes/functions.php on line 6121
[11-Sep-2025 16:37:22 UTC] PHP Notice:  wp_json_file_decode(): Error when decoding a JSON file at path /Users/asad-dc/Local Sites/stone-stomper/app/public/wp-content/themes/stone-stomper/theme.json: Syntax error in /Users/asad-dc/Local Sites/stone-stomper/app/public/wp-includes/functions.php on line 6121
[11-Sep-2025 16:37:22 UTC] PHP Warning:  filemtime(): stat failed for /Users/asad-dc/Local Sites/stone-stomper/app/public/wp-content/themes/stone-stomper/assets/build/styles.min.css in /Users/asad-dc/Local Sites/stone-stomper/app/public/wp-content/themes/stone-stomper/includes/classes/code/class-wp-theme-custom.php on line 904
[11-Sep-2025 16:37:22 UTC] PHP Warning:  filemtime(): stat failed for /Users/asad-dc/Local Sites/stone-stomper/app/public/wp-content/themes/stone-stomper/assets/build/styles.min.css in /Users/asad-dc/Local Sites/stone-stomper/app/public/wp-content/themes/stone-stomper/includes/classes/code/class-wp-theme-custom.php on line 904
[11-Sep-2025 16:37:22 UTC] PHP Warning:  filemtime(): stat failed for /Users/asad-dc/Local Sites/stone-stomper/app/public/wp-content/themes/stone-stomper/assets/build/header.min.js in /Users/asad-dc/Local Sites/stone-stomper/app/public/wp-content/themes/stone-stomper/includes/classes/code/class-wp-theme-custom.php on line 837
[11-Sep-2025 16:37:22 UTC] PHP Warning:  filemtime(): stat failed for /Users/asad-dc/Local Sites/stone-stomper/app/public/wp-content/themes/stone-stomper/assets/build/vendors/swiper-bundle.min.js in /Users/asad-dc/Local Sites/stone-stomper/app/public/wp-content/themes/stone-stomper/includes/classes/code/class-wp-theme-custom.php on line 837
[11-Sep-2025 16:37:22 UTC] PHP Warning:  filemtime(): stat failed for /Users/asad-dc/Local Sites/stone-stomper/app/public/wp-content/themes/stone-stomper/assets/build/header.min.js in /Users/asad-dc/Local Sites/stone-stomper/app/public/wp-content/themes/stone-stomper/includes/classes/code/class-wp-theme-custom.php on line 837
[11-Sep-2025 16:37:22 UTC] PHP Warning:  filemtime(): stat failed for /Users/asad-dc/Local Sites/stone-stomper/app/public/wp-content/themes/stone-stomper/assets/build/vendors/swiper-bundle.min.js in /Users/asad-dc/Local Sites/stone-stomper/app/public/wp-content/themes/stone-stomper/includes/classes/code/class-wp-theme-custom.php on line 837
[11-Sep-2025 16:37:22 UTC] PHP Warning:  Undefined variable $whmc_svaevluft in /Users/asad-dc/Local Sites/stone-stomper/app/public/wp-content/plugins/mini-cart-for-woocommerce/inc/class-whmc_cart.php on line 205
[11-Sep-2025 16:37:22 UTC] PHP Warning:  Undefined variable $whmc_svaevluft in /Users/asad-dc/Local Sites/stone-stomper/app/public/wp-content/plugins/mini-cart-for-woocommerce/inc/class-whmc_cart.php on line 205
[11-Sep-2025 16:37:22 UTC] PHP Deprecated:  html_entity_decode(): Passing null to parameter #1 ($string) of type string is deprecated in /Users/asad-dc/Local Sites/stone-stomper/app/public/wp-content/themes/stone-stomper/404.php on line 30
[11-Sep-2025 16:37:22 UTC] PHP Deprecated:  html_entity_decode(): Passing null to parameter #1 ($string) of type string is deprecated in /Users/asad-dc/Local Sites/stone-stomper/app/public/wp-content/themes/stone-stomper/404.php on line 30
[11-Sep-2025 16:37:22 UTC] PHP Deprecated:  html_entity_decode(): Passing null to parameter #1 ($string) of type string is deprecated in /Users/asad-dc/Local Sites/stone-stomper/app/public/wp-content/themes/stone-stomper/404.php on line 32
[11-Sep-2025 16:37:22 UTC] PHP Deprecated:  html_entity_decode(): Passing null to parameter #1 ($string) of type string is deprecated in /Users/asad-dc/Local Sites/stone-stomper/app/public/wp-content/themes/stone-stomper/404.php on line 32
[11-Sep-2025 16:37:23 UTC] PHP Notice:  wp_json_file_decode(): Error when decoding a JSON file at path /Users/asad-dc/Local Sites/stone-stomper/app/public/wp-content/themes/stone-stomper/theme.json: Syntax error in /Users/asad-dc/Local Sites/stone-stomper/app/public/wp-includes/functions.php on line 6121
[11-Sep-2025 16:37:23 UTC] PHP Notice:  wp_json_file_decode(): Error when decoding a JSON file at path /Users/asad-dc/Local Sites/stone-stomper/app/public/wp-content/themes/stone-stomper/theme.json: Syntax error in /Users/asad-dc/Local Sites/stone-stomper/app/public/wp-includes/functions.php on line 6121
[11-Sep-2025 16:37:23 UTC] PHP Warning:  filemtime(): stat failed for /Users/asad-dc/Local Sites/stone-stomper/app/public/wp-content/themes/stone-stomper/assets/build/styles.min.css in /Users/asad-dc/Local Sites/stone-stomper/app/public/wp-content/themes/stone-stomper/includes/classes/code/class-wp-theme-custom.php on line 904
[11-Sep-2025 16:37:23 UTC] PHP Warning:  filemtime(): stat failed for /Users/asad-dc/Local Sites/stone-stomper/app/public/wp-content/themes/stone-stomper/assets/build/header.min.js in /Users/asad-dc/Local Sites/stone-stomper/app/public/wp-content/themes/stone-stomper/includes/classes/code/class-wp-theme-custom.php on line 837
[11-Sep-2025 16:37:23 UTC] PHP Warning:  filemtime(): stat failed for /Users/asad-dc/Local Sites/stone-stomper/app/public/wp-content/themes/stone-stomper/assets/build/vendors/swiper-bundle.min.js in /Users/asad-dc/Local Sites/stone-stomper/app/public/wp-content/themes/stone-stomper/includes/classes/code/class-wp-theme-custom.php on line 837
[11-Sep-2025 16:37:23 UTC] PHP Warning:  Undefined variable $whmc_svaevluft in /Users/asad-dc/Local Sites/stone-stomper/app/public/wp-content/plugins/mini-cart-for-woocommerce/inc/class-whmc_cart.php on line 205
[11-Sep-2025 16:37:23 UTC] PHP Deprecated:  html_entity_decode(): Passing null to parameter #1 ($string) of type string is deprecated in /Users/asad-dc/Local Sites/stone-stomper/app/public/wp-content/themes/stone-stomper/404.php on line 30
[11-Sep-2025 16:37:23 UTC] PHP Deprecated:  html_entity_decode(): Passing null to parameter #1 ($string) of type string is deprecated in /Users/asad-dc/Local Sites/stone-stomper/app/public/wp-content/themes/stone-stomper/404.php on line 32
[11-Sep-2025 16:37:24 UTC] PHP Notice:  wp_json_file_decode(): Error when decoding a JSON file at path /Users/asad-dc/Local Sites/stone-stomper/app/public/wp-content/themes/stone-stomper/theme.json: Syntax error in /Users/asad-dc/Local Sites/stone-stomper/app/public/wp-includes/functions.php on line 6121
[11-Sep-2025 16:37:24 UTC] PHP Notice:  wp_json_file_decode(): Error when decoding a JSON file at path /Users/asad-dc/Local Sites/stone-stomper/app/public/wp-content/themes/stone-stomper/theme.json: Syntax error in /Users/asad-dc/Local Sites/stone-stomper/app/public/wp-includes/functions.php on line 6121
[11-Sep-2025 16:37:24 UTC] PHP Warning:  filemtime(): stat failed for /Users/asad-dc/Local Sites/stone-stomper/app/public/wp-content/themes/stone-stomper/assets/build/styles.min.css in /Users/asad-dc/Local Sites/stone-stomper/app/public/wp-content/themes/stone-stomper/includes/classes/code/class-wp-theme-custom.php on line 904
[11-Sep-2025 16:37:24 UTC] PHP Warning:  filemtime(): stat failed for /Users/asad-dc/Local Sites/stone-stomper/app/public/wp-content/themes/stone-stomper/assets/build/header.min.js in /Users/asad-dc/Local Sites/stone-stomper/app/public/wp-content/themes/stone-stomper/includes/classes/code/class-wp-theme-custom.php on line 837
[11-Sep-2025 16:37:24 UTC] PHP Warning:  filemtime(): stat failed for /Users/asad-dc/Local Sites/stone-stomper/app/public/wp-content/themes/stone-stomper/assets/build/vendors/swiper-bundle.min.js in /Users/asad-dc/Local Sites/stone-stomper/app/public/wp-content/themes/stone-stomper/includes/classes/code/class-wp-theme-custom.php on line 837
[11-Sep-2025 16:37:24 UTC] PHP Warning:  Undefined variable $whmc_svaevluft in /Users/asad-dc/Local Sites/stone-stomper/app/public/wp-content/plugins/mini-cart-for-woocommerce/inc/class-whmc_cart.php on line 205
[11-Sep-2025 16:37:24 UTC] PHP Deprecated:  html_entity_decode(): Passing null to parameter #1 ($string) of type string is deprecated in /Users/asad-dc/Local Sites/stone-stomper/app/public/wp-content/themes/stone-stomper/404.php on line 30
[11-Sep-2025 16:37:24 UTC] PHP Deprecated:  html_entity_decode(): Passing null to parameter #1 ($string) of type string is deprecated in /Users/asad-dc/Local Sites/stone-stomper/app/public/wp-content/themes/stone-stomper/404.php on line 32
[11-Sep-2025 16:37:24 UTC] PHP Notice:  wp_json_file_decode(): Error when decoding a JSON file at path /Users/asad-dc/Local Sites/stone-stomper/app/public/wp-content/themes/stone-stomper/theme.json: Syntax error in /Users/asad-dc/Local Sites/stone-stomper/app/public/wp-includes/functions.php on line 6121
[11-Sep-2025 16:37:24 UTC] PHP Notice:  wp_json_file_decode(): Error when decoding a JSON file at path /Users/asad-dc/Local Sites/stone-stomper/app/public/wp-content/themes/stone-stomper/theme.json: Syntax error in /Users/asad-dc/Local Sites/stone-stomper/app/public/wp-includes/functions.php on line 6121
[11-Sep-2025 16:37:24 UTC] PHP Warning:  filemtime(): stat failed for /Users/asad-dc/Local Sites/stone-stomper/app/public/wp-content/themes/stone-stomper/assets/build/styles.min.css in /Users/asad-dc/Local Sites/stone-stomper/app/public/wp-content/themes/stone-stomper/includes/classes/code/class-wp-theme-custom.php on line 904
[11-Sep-2025 16:37:24 UTC] PHP Warning:  filemtime(): stat failed for /Users/asad-dc/Local Sites/stone-stomper/app/public/wp-content/themes/stone-stomper/assets/build/header.min.js in /Users/asad-dc/Local Sites/stone-stomper/app/public/wp-content/themes/stone-stomper/includes/classes/code/class-wp-theme-custom.php on line 837
[11-Sep-2025 16:37:24 UTC] PHP Warning:  filemtime(): stat failed for /Users/asad-dc/Local Sites/stone-stomper/app/public/wp-content/themes/stone-stomper/assets/build/vendors/swiper-bundle.min.js in /Users/asad-dc/Local Sites/stone-stomper/app/public/wp-content/themes/stone-stomper/includes/classes/code/class-wp-theme-custom.php on line 837
[11-Sep-2025 16:37:24 UTC] PHP Warning:  Undefined variable $whmc_svaevluft in /Users/asad-dc/Local Sites/stone-stomper/app/public/wp-content/plugins/mini-cart-for-woocommerce/inc/class-whmc_cart.php on line 205
[11-Sep-2025 16:37:25 UTC] PHP Notice:  wp_json_file_decode(): Error when decoding a JSON file at path /Users/asad-dc/Local Sites/stone-stomper/app/public/wp-content/themes/stone-stomper/theme.json: Syntax error in /Users/asad-dc/Local Sites/stone-stomper/app/public/wp-includes/functions.php on line 6121
[11-Sep-2025 16:37:25 UTC] PHP Notice:  wp_json_file_decode(): Error when decoding a JSON file at path /Users/asad-dc/Local Sites/stone-stomper/app/public/wp-content/themes/stone-stomper/theme.json: Syntax error in /Users/asad-dc/Local Sites/stone-stomper/app/public/wp-includes/functions.php on line 6121
[11-Sep-2025 16:37:25 UTC] PHP Warning:  filemtime(): stat failed for /Users/asad-dc/Local Sites/stone-stomper/app/public/wp-content/themes/stone-stomper/assets/build/styles.min.css in /Users/asad-dc/Local Sites/stone-stomper/app/public/wp-content/themes/stone-stomper/includes/classes/code/class-wp-theme-custom.php on line 904
[11-Sep-2025 16:37:25 UTC] PHP Warning:  filemtime(): stat failed for /Users/asad-dc/Local Sites/stone-stomper/app/public/wp-content/themes/stone-stomper/assets/build/header.min.js in /Users/asad-dc/Local Sites/stone-stomper/app/public/wp-content/themes/stone-stomper/includes/classes/code/class-wp-theme-custom.php on line 837
[11-Sep-2025 16:37:25 UTC] PHP Warning:  filemtime(): stat failed for /Users/asad-dc/Local Sites/stone-stomper/app/public/wp-content/themes/stone-stomper/assets/build/vendors/swiper-bundle.min.js in /Users/asad-dc/Local Sites/stone-stomper/app/public/wp-content/themes/stone-stomper/includes/classes/code/class-wp-theme-custom.php on line 837
[11-Sep-2025 16:37:25 UTC] PHP Warning:  Undefined variable $whmc_svaevluft in /Users/asad-dc/Local Sites/stone-stomper/app/public/wp-content/plugins/mini-cart-for-woocommerce/inc/class-whmc_cart.php on line 205
[11-Sep-2025 16:37:25 UTC] PHP Deprecated:  html_entity_decode(): Passing null to parameter #1 ($string) of type string is deprecated in /Users/asad-dc/Local Sites/stone-stomper/app/public/wp-content/themes/stone-stomper/404.php on line 30
[11-Sep-2025 16:37:25 UTC] PHP Deprecated:  html_entity_decode(): Passing null to parameter #1 ($string) of type string is deprecated in /Users/asad-dc/Local Sites/stone-stomper/app/public/wp-content/themes/stone-stomper/404.php on line 32
[11-Sep-2025 16:37:25 UTC] PHP Notice:  wp_json_file_decode(): Error when decoding a JSON file at path /Users/asad-dc/Local Sites/stone-stomper/app/public/wp-content/themes/stone-stomper/theme.json: Syntax error in /Users/asad-dc/Local Sites/stone-stomper/app/public/wp-includes/functions.php on line 6121
[11-Sep-2025 16:37:25 UTC] PHP Notice:  wp_json_file_decode(): Error when decoding a JSON file at path /Users/asad-dc/Local Sites/stone-stomper/app/public/wp-content/themes/stone-stomper/theme.json: Syntax error in /Users/asad-dc/Local Sites/stone-stomper/app/public/wp-includes/functions.php on line 6121
[11-Sep-2025 16:37:25 UTC] PHP Warning:  filemtime(): stat failed for /Users/asad-dc/Local Sites/stone-stomper/app/public/wp-content/themes/stone-stomper/assets/build/styles.min.css in /Users/asad-dc/Local Sites/stone-stomper/app/public/wp-content/themes/stone-stomper/includes/classes/code/class-wp-theme-custom.php on line 904
[11-Sep-2025 16:37:25 UTC] PHP Warning:  filemtime(): stat failed for /Users/asad-dc/Local Sites/stone-stomper/app/public/wp-content/themes/stone-stomper/assets/build/header.min.js in /Users/asad-dc/Local Sites/stone-stomper/app/public/wp-content/themes/stone-stomper/includes/classes/code/class-wp-theme-custom.php on line 837
[11-Sep-2025 16:37:25 UTC] PHP Warning:  filemtime(): stat failed for /Users/asad-dc/Local Sites/stone-stomper/app/public/wp-content/themes/stone-stomper/assets/build/vendors/swiper-bundle.min.js in /Users/asad-dc/Local Sites/stone-stomper/app/public/wp-content/themes/stone-stomper/includes/classes/code/class-wp-theme-custom.php on line 837
[11-Sep-2025 16:37:25 UTC] PHP Notice:  wp_json_file_decode(): Error when decoding a JSON file at path /Users/asad-dc/Local Sites/stone-stomper/app/public/wp-content/themes/stone-stomper/theme.json: Syntax error in /Users/asad-dc/Local Sites/stone-stomper/app/public/wp-includes/functions.php on line 6121
[11-Sep-2025 16:37:25 UTC] PHP Warning:  Undefined variable $whmc_svaevluft in /Users/asad-dc/Local Sites/stone-stomper/app/public/wp-content/plugins/mini-cart-for-woocommerce/inc/class-whmc_cart.php on line 205
[11-Sep-2025 16:37:25 UTC] PHP Notice:  wp_json_file_decode(): Error when decoding a JSON file at path /Users/asad-dc/Local Sites/stone-stomper/app/public/wp-content/themes/stone-stomper/theme.json: Syntax error in /Users/asad-dc/Local Sites/stone-stomper/app/public/wp-includes/functions.php on line 6121
[11-Sep-2025 16:37:25 UTC] PHP Deprecated:  html_entity_decode(): Passing null to parameter #1 ($string) of type string is deprecated in /Users/asad-dc/Local Sites/stone-stomper/app/public/wp-content/themes/stone-stomper/404.php on line 30
[11-Sep-2025 16:37:25 UTC] PHP Deprecated:  html_entity_decode(): Passing null to parameter #1 ($string) of type string is deprecated in /Users/asad-dc/Local Sites/stone-stomper/app/public/wp-content/themes/stone-stomper/404.php on line 32
[11-Sep-2025 16:37:25 UTC] PHP Warning:  filemtime(): stat failed for /Users/asad-dc/Local Sites/stone-stomper/app/public/wp-content/themes/stone-stomper/assets/build/styles.min.css in /Users/asad-dc/Local Sites/stone-stomper/app/public/wp-content/themes/stone-stomper/includes/classes/code/class-wp-theme-custom.php on line 904
[11-Sep-2025 16:37:25 UTC] PHP Warning:  filemtime(): stat failed for /Users/asad-dc/Local Sites/stone-stomper/app/public/wp-content/themes/stone-stomper/assets/build/header.min.js in /Users/asad-dc/Local Sites/stone-stomper/app/public/wp-content/themes/stone-stomper/includes/classes/code/class-wp-theme-custom.php on line 837
[11-Sep-2025 16:37:25 UTC] PHP Warning:  filemtime(): stat failed for /Users/asad-dc/Local Sites/stone-stomper/app/public/wp-content/themes/stone-stomper/assets/build/vendors/swiper-bundle.min.js in /Users/asad-dc/Local Sites/stone-stomper/app/public/wp-content/themes/stone-stomper/includes/classes/code/class-wp-theme-custom.php on line 837
[11-Sep-2025 16:37:25 UTC] PHP Warning:  Undefined variable $whmc_svaevluft in /Users/asad-dc/Local Sites/stone-stomper/app/public/wp-content/plugins/mini-cart-for-woocommerce/inc/class-whmc_cart.php on line 205
[11-Sep-2025 16:37:25 UTC] PHP Deprecated:  html_entity_decode(): Passing null to parameter #1 ($string) of type string is deprecated in /Users/asad-dc/Local Sites/stone-stomper/app/public/wp-content/themes/stone-stomper/404.php on line 30
[11-Sep-2025 16:37:25 UTC] PHP Deprecated:  html_entity_decode(): Passing null to parameter #1 ($string) of type string is deprecated in /Users/asad-dc/Local Sites/stone-stomper/app/public/wp-content/themes/stone-stomper/404.php on line 32
[11-Sep-2025 16:37:25 UTC] PHP Notice:  wp_json_file_decode(): Error when decoding a JSON file at path /Users/asad-dc/Local Sites/stone-stomper/app/public/wp-content/themes/stone-stomper/theme.json: Syntax error in /Users/asad-dc/Local Sites/stone-stomper/app/public/wp-includes/functions.php on line 6121
[11-Sep-2025 16:37:25 UTC] PHP Notice:  wp_json_file_decode(): Error when decoding a JSON file at path /Users/asad-dc/Local Sites/stone-stomper/app/public/wp-content/themes/stone-stomper/theme.json: Syntax error in /Users/asad-dc/Local Sites/stone-stomper/app/public/wp-includes/functions.php on line 6121
[11-Sep-2025 16:37:25 UTC] PHP Warning:  filemtime(): stat failed for /Users/asad-dc/Local Sites/stone-stomper/app/public/wp-content/themes/stone-stomper/assets/build/styles.min.css in /Users/asad-dc/Local Sites/stone-stomper/app/public/wp-content/themes/stone-stomper/includes/classes/code/class-wp-theme-custom.php on line 904
[11-Sep-2025 16:37:25 UTC] PHP Warning:  filemtime(): stat failed for /Users/asad-dc/Local Sites/stone-stomper/app/public/wp-content/themes/stone-stomper/assets/build/header.min.js in /Users/asad-dc/Local Sites/stone-stomper/app/public/wp-content/themes/stone-stomper/includes/classes/code/class-wp-theme-custom.php on line 837
[11-Sep-2025 16:37:25 UTC] PHP Warning:  filemtime(): stat failed for /Users/asad-dc/Local Sites/stone-stomper/app/public/wp-content/themes/stone-stomper/assets/build/vendors/swiper-bundle.min.js in /Users/asad-dc/Local Sites/stone-stomper/app/public/wp-content/themes/stone-stomper/includes/classes/code/class-wp-theme-custom.php on line 837
[11-Sep-2025 16:37:25 UTC] PHP Warning:  Undefined variable $whmc_svaevluft in /Users/asad-dc/Local Sites/stone-stomper/app/public/wp-content/plugins/mini-cart-for-woocommerce/inc/class-whmc_cart.php on line 205
[11-Sep-2025 16:37:25 UTC] PHP Deprecated:  html_entity_decode(): Passing null to parameter #1 ($string) of type string is deprecated in /Users/asad-dc/Local Sites/stone-stomper/app/public/wp-content/themes/stone-stomper/404.php on line 30
[11-Sep-2025 16:37:25 UTC] PHP Deprecated:  html_entity_decode(): Passing null to parameter #1 ($string) of type string is deprecated in /Users/asad-dc/Local Sites/stone-stomper/app/public/wp-content/themes/stone-stomper/404.php on line 32
[11-Sep-2025 16:37:26 UTC] PHP Notice:  wp_json_file_decode(): Error when decoding a JSON file at path /Users/asad-dc/Local Sites/stone-stomper/app/public/wp-content/themes/stone-stomper/theme.json: Syntax error in /Users/asad-dc/Local Sites/stone-stomper/app/public/wp-includes/functions.php on line 6121
[11-Sep-2025 16:37:26 UTC] PHP Notice:  wp_json_file_decode(): Error when decoding a JSON file at path /Users/asad-dc/Local Sites/stone-stomper/app/public/wp-content/themes/stone-stomper/theme.json: Syntax error in /Users/asad-dc/Local Sites/stone-stomper/app/public/wp-includes/functions.php on line 6121
[11-Sep-2025 16:37:26 UTC] PHP Warning:  filemtime(): stat failed for /Users/asad-dc/Local Sites/stone-stomper/app/public/wp-content/themes/stone-stomper/assets/build/styles.min.css in /Users/asad-dc/Local Sites/stone-stomper/app/public/wp-content/themes/stone-stomper/includes/classes/code/class-wp-theme-custom.php on line 904
[11-Sep-2025 16:37:26 UTC] PHP Warning:  filemtime(): stat failed for /Users/asad-dc/Local Sites/stone-stomper/app/public/wp-content/themes/stone-stomper/assets/build/header.min.js in /Users/asad-dc/Local Sites/stone-stomper/app/public/wp-content/themes/stone-stomper/includes/classes/code/class-wp-theme-custom.php on line 837
[11-Sep-2025 16:37:26 UTC] PHP Warning:  filemtime(): stat failed for /Users/asad-dc/Local Sites/stone-stomper/app/public/wp-content/themes/stone-stomper/assets/build/vendors/swiper-bundle.min.js in /Users/asad-dc/Local Sites/stone-stomper/app/public/wp-content/themes/stone-stomper/includes/classes/code/class-wp-theme-custom.php on line 837
[11-Sep-2025 16:37:27 UTC] PHP Warning:  Undefined variable $whmc_svaevluft in /Users/asad-dc/Local Sites/stone-stomper/app/public/wp-content/plugins/mini-cart-for-woocommerce/inc/class-whmc_cart.php on line 205
[11-Sep-2025 16:37:27 UTC] PHP Deprecated:  html_entity_decode(): Passing null to parameter #1 ($string) of type string is deprecated in /Users/asad-dc/Local Sites/stone-stomper/app/public/wp-content/themes/stone-stomper/404.php on line 30
[11-Sep-2025 16:37:27 UTC] PHP Deprecated:  html_entity_decode(): Passing null to parameter #1 ($string) of type string is deprecated in /Users/asad-dc/Local Sites/stone-stomper/app/public/wp-content/themes/stone-stomper/404.php on line 32
[11-Sep-2025 16:37:27 UTC] PHP Notice:  wp_json_file_decode(): Error when decoding a JSON file at path /Users/asad-dc/Local Sites/stone-stomper/app/public/wp-content/themes/stone-stomper/theme.json: Syntax error in /Users/asad-dc/Local Sites/stone-stomper/app/public/wp-includes/functions.php on line 6121
[11-Sep-2025 16:37:27 UTC] PHP Notice:  wp_json_file_decode(): Error when decoding a JSON file at path /Users/asad-dc/Local Sites/stone-stomper/app/public/wp-content/themes/stone-stomper/theme.json: Syntax error in /Users/asad-dc/Local Sites/stone-stomper/app/public/wp-includes/functions.php on line 6121
[11-Sep-2025 16:37:27 UTC] PHP Warning:  filemtime(): stat failed for /Users/asad-dc/Local Sites/stone-stomper/app/public/wp-content/themes/stone-stomper/assets/build/styles.min.css in /Users/asad-dc/Local Sites/stone-stomper/app/public/wp-content/themes/stone-stomper/includes/classes/code/class-wp-theme-custom.php on line 904
[11-Sep-2025 16:37:27 UTC] PHP Warning:  filemtime(): stat failed for /Users/asad-dc/Local Sites/stone-stomper/app/public/wp-content/themes/stone-stomper/assets/build/header.min.js in /Users/asad-dc/Local Sites/stone-stomper/app/public/wp-content/themes/stone-stomper/includes/classes/code/class-wp-theme-custom.php on line 837
[11-Sep-2025 16:37:27 UTC] PHP Warning:  filemtime(): stat failed for /Users/asad-dc/Local Sites/stone-stomper/app/public/wp-content/themes/stone-stomper/assets/build/vendors/swiper-bundle.min.js in /Users/asad-dc/Local Sites/stone-stomper/app/public/wp-content/themes/stone-stomper/includes/classes/code/class-wp-theme-custom.php on line 837
[11-Sep-2025 16:37:27 UTC] PHP Warning:  Undefined variable $whmc_svaevluft in /Users/asad-dc/Local Sites/stone-stomper/app/public/wp-content/plugins/mini-cart-for-woocommerce/inc/class-whmc_cart.php on line 205
[11-Sep-2025 16:37:27 UTC] PHP Deprecated:  html_entity_decode(): Passing null to parameter #1 ($string) of type string is deprecated in /Users/asad-dc/Local Sites/stone-stomper/app/public/wp-content/themes/stone-stomper/404.php on line 30
[11-Sep-2025 16:37:27 UTC] PHP Deprecated:  html_entity_decode(): Passing null to parameter #1 ($string) of type string is deprecated in /Users/asad-dc/Local Sites/stone-stomper/app/public/wp-content/themes/stone-stomper/404.php on line 32
[11-Sep-2025 16:37:27 UTC] PHP Notice:  wp_json_file_decode(): Error when decoding a JSON file at path /Users/asad-dc/Local Sites/stone-stomper/app/public/wp-content/themes/stone-stomper/theme.json: Syntax error in /Users/asad-dc/Local Sites/stone-stomper/app/public/wp-includes/functions.php on line 6121
[11-Sep-2025 16:37:27 UTC] PHP Notice:  wp_json_file_decode(): Error when decoding a JSON file at path /Users/asad-dc/Local Sites/stone-stomper/app/public/wp-content/themes/stone-stomper/theme.json: Syntax error in /Users/asad-dc/Local Sites/stone-stomper/app/public/wp-includes/functions.php on line 6121
[11-Sep-2025 16:37:27 UTC] PHP Warning:  filemtime(): stat failed for /Users/asad-dc/Local Sites/stone-stomper/app/public/wp-content/themes/stone-stomper/assets/build/styles.min.css in /Users/asad-dc/Local Sites/stone-stomper/app/public/wp-content/themes/stone-stomper/includes/classes/code/class-wp-theme-custom.php on line 904
[11-Sep-2025 16:37:27 UTC] PHP Warning:  filemtime(): stat failed for /Users/asad-dc/Local Sites/stone-stomper/app/public/wp-content/themes/stone-stomper/assets/build/header.min.js in /Users/asad-dc/Local Sites/stone-stomper/app/public/wp-content/themes/stone-stomper/includes/classes/code/class-wp-theme-custom.php on line 837
[11-Sep-2025 16:37:27 UTC] PHP Warning:  filemtime(): stat failed for /Users/asad-dc/Local Sites/stone-stomper/app/public/wp-content/themes/stone-stomper/assets/build/vendors/swiper-bundle.min.js in /Users/asad-dc/Local Sites/stone-stomper/app/public/wp-content/themes/stone-stomper/includes/classes/code/class-wp-theme-custom.php on line 837
[11-Sep-2025 16:37:27 UTC] PHP Warning:  Undefined variable $whmc_svaevluft in /Users/asad-dc/Local Sites/stone-stomper/app/public/wp-content/plugins/mini-cart-for-woocommerce/inc/class-whmc_cart.php on line 205
[11-Sep-2025 16:37:28 UTC] PHP Notice:  wp_json_file_decode(): Error when decoding a JSON file at path /Users/asad-dc/Local Sites/stone-stomper/app/public/wp-content/themes/stone-stomper/theme.json: Syntax error in /Users/asad-dc/Local Sites/stone-stomper/app/public/wp-includes/functions.php on line 6121
[11-Sep-2025 16:37:28 UTC] PHP Notice:  wp_json_file_decode(): Error when decoding a JSON file at path /Users/asad-dc/Local Sites/stone-stomper/app/public/wp-content/themes/stone-stomper/theme.json: Syntax error in /Users/asad-dc/Local Sites/stone-stomper/app/public/wp-includes/functions.php on line 6121
[11-Sep-2025 16:37:28 UTC] PHP Notice:  wp_json_file_decode(): Error when decoding a JSON file at path /Users/asad-dc/Local Sites/stone-stomper/app/public/wp-content/themes/stone-stomper/theme.json: Syntax error in /Users/asad-dc/Local Sites/stone-stomper/app/public/wp-includes/functions.php on line 6121
[11-Sep-2025 16:37:28 UTC] PHP Notice:  wp_json_file_decode(): Error when decoding a JSON file at path /Users/asad-dc/Local Sites/stone-stomper/app/public/wp-content/themes/stone-stomper/theme.json: Syntax error in /Users/asad-dc/Local Sites/stone-stomper/app/public/wp-includes/functions.php on line 6121
[11-Sep-2025 16:37:28 UTC] PHP Warning:  filemtime(): stat failed for /Users/asad-dc/Local Sites/stone-stomper/app/public/wp-content/themes/stone-stomper/assets/build/styles.min.css in /Users/asad-dc/Local Sites/stone-stomper/app/public/wp-content/themes/stone-stomper/includes/classes/code/class-wp-theme-custom.php on line 904
[11-Sep-2025 16:37:28 UTC] PHP Warning:  filemtime(): stat failed for /Users/asad-dc/Local Sites/stone-stomper/app/public/wp-content/themes/stone-stomper/assets/build/styles.min.css in /Users/asad-dc/Local Sites/stone-stomper/app/public/wp-content/themes/stone-stomper/includes/classes/code/class-wp-theme-custom.php on line 904
[11-Sep-2025 16:37:28 UTC] PHP Warning:  filemtime(): stat failed for /Users/asad-dc/Local Sites/stone-stomper/app/public/wp-content/themes/stone-stomper/assets/build/header.min.js in /Users/asad-dc/Local Sites/stone-stomper/app/public/wp-content/themes/stone-stomper/includes/classes/code/class-wp-theme-custom.php on line 837
[11-Sep-2025 16:37:28 UTC] PHP Warning:  filemtime(): stat failed for /Users/asad-dc/Local Sites/stone-stomper/app/public/wp-content/themes/stone-stomper/assets/build/vendors/swiper-bundle.min.js in /Users/asad-dc/Local Sites/stone-stomper/app/public/wp-content/themes/stone-stomper/includes/classes/code/class-wp-theme-custom.php on line 837
[11-Sep-2025 16:37:28 UTC] PHP Warning:  filemtime(): stat failed for /Users/asad-dc/Local Sites/stone-stomper/app/public/wp-content/themes/stone-stomper/assets/build/header.min.js in /Users/asad-dc/Local Sites/stone-stomper/app/public/wp-content/themes/stone-stomper/includes/classes/code/class-wp-theme-custom.php on line 837
[11-Sep-2025 16:37:28 UTC] PHP Warning:  filemtime(): stat failed for /Users/asad-dc/Local Sites/stone-stomper/app/public/wp-content/themes/stone-stomper/assets/build/vendors/swiper-bundle.min.js in /Users/asad-dc/Local Sites/stone-stomper/app/public/wp-content/themes/stone-stomper/includes/classes/code/class-wp-theme-custom.php on line 837
[11-Sep-2025 16:37:28 UTC] PHP Warning:  Undefined variable $whmc_svaevluft in /Users/asad-dc/Local Sites/stone-stomper/app/public/wp-content/plugins/mini-cart-for-woocommerce/inc/class-whmc_cart.php on line 205
[11-Sep-2025 16:37:28 UTC] PHP Warning:  Undefined variable $whmc_svaevluft in /Users/asad-dc/Local Sites/stone-stomper/app/public/wp-content/plugins/mini-cart-for-woocommerce/inc/class-whmc_cart.php on line 205
[11-Sep-2025 16:37:28 UTC] PHP Deprecated:  html_entity_decode(): Passing null to parameter #1 ($string) of type string is deprecated in /Users/asad-dc/Local Sites/stone-stomper/app/public/wp-content/themes/stone-stomper/404.php on line 30
[11-Sep-2025 16:37:28 UTC] PHP Deprecated:  html_entity_decode(): Passing null to parameter #1 ($string) of type string is deprecated in /Users/asad-dc/Local Sites/stone-stomper/app/public/wp-content/themes/stone-stomper/404.php on line 30
[11-Sep-2025 16:37:28 UTC] PHP Deprecated:  html_entity_decode(): Passing null to parameter #1 ($string) of type string is deprecated in /Users/asad-dc/Local Sites/stone-stomper/app/public/wp-content/themes/stone-stomper/404.php on line 32
[11-Sep-2025 16:37:28 UTC] PHP Deprecated:  html_entity_decode(): Passing null to parameter #1 ($string) of type string is deprecated in /Users/asad-dc/Local Sites/stone-stomper/app/public/wp-content/themes/stone-stomper/404.php on line 32
[11-Sep-2025 16:37:28 UTC] PHP Notice:  wp_json_file_decode(): Error when decoding a JSON file at path /Users/asad-dc/Local Sites/stone-stomper/app/public/wp-content/themes/stone-stomper/theme.json: Syntax error in /Users/asad-dc/Local Sites/stone-stomper/app/public/wp-includes/functions.php on line 6121
[11-Sep-2025 16:37:28 UTC] PHP Notice:  wp_json_file_decode(): Error when decoding a JSON file at path /Users/asad-dc/Local Sites/stone-stomper/app/public/wp-content/themes/stone-stomper/theme.json: Syntax error in /Users/asad-dc/Local Sites/stone-stomper/app/public/wp-includes/functions.php on line 6121
[11-Sep-2025 16:37:28 UTC] PHP Notice:  wp_json_file_decode(): Error when decoding a JSON file at path /Users/asad-dc/Local Sites/stone-stomper/app/public/wp-content/themes/stone-stomper/theme.json: Syntax error in /Users/asad-dc/Local Sites/stone-stomper/app/public/wp-includes/functions.php on line 6121
[11-Sep-2025 16:37:28 UTC] PHP Notice:  wp_json_file_decode(): Error when decoding a JSON file at path /Users/asad-dc/Local Sites/stone-stomper/app/public/wp-content/themes/stone-stomper/theme.json: Syntax error in /Users/asad-dc/Local Sites/stone-stomper/app/public/wp-includes/functions.php on line 6121
[11-Sep-2025 16:37:28 UTC] PHP Warning:  filemtime(): stat failed for /Users/asad-dc/Local Sites/stone-stomper/app/public/wp-content/themes/stone-stomper/assets/build/styles.min.css in /Users/asad-dc/Local Sites/stone-stomper/app/public/wp-content/themes/stone-stomper/includes/classes/code/class-wp-theme-custom.php on line 904
[11-Sep-2025 16:37:28 UTC] PHP Warning:  filemtime(): stat failed for /Users/asad-dc/Local Sites/stone-stomper/app/public/wp-content/themes/stone-stomper/assets/build/styles.min.css in /Users/asad-dc/Local Sites/stone-stomper/app/public/wp-content/themes/stone-stomper/includes/classes/code/class-wp-theme-custom.php on line 904
[11-Sep-2025 16:37:28 UTC] PHP Warning:  filemtime(): stat failed for /Users/asad-dc/Local Sites/stone-stomper/app/public/wp-content/themes/stone-stomper/assets/build/header.min.js in /Users/asad-dc/Local Sites/stone-stomper/app/public/wp-content/themes/stone-stomper/includes/classes/code/class-wp-theme-custom.php on line 837
[11-Sep-2025 16:37:28 UTC] PHP Warning:  filemtime(): stat failed for /Users/asad-dc/Local Sites/stone-stomper/app/public/wp-content/themes/stone-stomper/assets/build/header.min.js in /Users/asad-dc/Local Sites/stone-stomper/app/public/wp-content/themes/stone-stomper/includes/classes/code/class-wp-theme-custom.php on line 837
[11-Sep-2025 16:37:28 UTC] PHP Warning:  filemtime(): stat failed for /Users/asad-dc/Local Sites/stone-stomper/app/public/wp-content/themes/stone-stomper/assets/build/vendors/swiper-bundle.min.js in /Users/asad-dc/Local Sites/stone-stomper/app/public/wp-content/themes/stone-stomper/includes/classes/code/class-wp-theme-custom.php on line 837
[11-Sep-2025 16:37:28 UTC] PHP Warning:  filemtime(): stat failed for /Users/asad-dc/Local Sites/stone-stomper/app/public/wp-content/themes/stone-stomper/assets/build/vendors/swiper-bundle.min.js in /Users/asad-dc/Local Sites/stone-stomper/app/public/wp-content/themes/stone-stomper/includes/classes/code/class-wp-theme-custom.php on line 837
[11-Sep-2025 16:37:28 UTC] PHP Warning:  Undefined variable $whmc_svaevluft in /Users/asad-dc/Local Sites/stone-stomper/app/public/wp-content/plugins/mini-cart-for-woocommerce/inc/class-whmc_cart.php on line 205
[11-Sep-2025 16:37:28 UTC] PHP Warning:  Undefined variable $whmc_svaevluft in /Users/asad-dc/Local Sites/stone-stomper/app/public/wp-content/plugins/mini-cart-for-woocommerce/inc/class-whmc_cart.php on line 205
[11-Sep-2025 16:37:28 UTC] PHP Deprecated:  html_entity_decode(): Passing null to parameter #1 ($string) of type string is deprecated in /Users/asad-dc/Local Sites/stone-stomper/app/public/wp-content/themes/stone-stomper/404.php on line 30
[11-Sep-2025 16:37:28 UTC] PHP Deprecated:  html_entity_decode(): Passing null to parameter #1 ($string) of type string is deprecated in /Users/asad-dc/Local Sites/stone-stomper/app/public/wp-content/themes/stone-stomper/404.php on line 30
[11-Sep-2025 16:37:28 UTC] PHP Deprecated:  html_entity_decode(): Passing null to parameter #1 ($string) of type string is deprecated in /Users/asad-dc/Local Sites/stone-stomper/app/public/wp-content/themes/stone-stomper/404.php on line 32
[11-Sep-2025 16:37:28 UTC] PHP Deprecated:  html_entity_decode(): Passing null to parameter #1 ($string) of type string is deprecated in /Users/asad-dc/Local Sites/stone-stomper/app/public/wp-content/themes/stone-stomper/404.php on line 32
[11-Sep-2025 16:37:29 UTC] PHP Notice:  wp_json_file_decode(): Error when decoding a JSON file at path /Users/asad-dc/Local Sites/stone-stomper/app/public/wp-content/themes/stone-stomper/theme.json: Syntax error in /Users/asad-dc/Local Sites/stone-stomper/app/public/wp-includes/functions.php on line 6121
[11-Sep-2025 16:37:29 UTC] PHP Notice:  wp_json_file_decode(): Error when decoding a JSON file at path /Users/asad-dc/Local Sites/stone-stomper/app/public/wp-content/themes/stone-stomper/theme.json: Syntax error in /Users/asad-dc/Local Sites/stone-stomper/app/public/wp-includes/functions.php on line 6121
[11-Sep-2025 16:37:29 UTC] PHP Warning:  filemtime(): stat failed for /Users/asad-dc/Local Sites/stone-stomper/app/public/wp-content/themes/stone-stomper/assets/build/styles.min.css in /Users/asad-dc/Local Sites/stone-stomper/app/public/wp-content/themes/stone-stomper/includes/classes/code/class-wp-theme-custom.php on line 904
[11-Sep-2025 16:37:29 UTC] PHP Warning:  filemtime(): stat failed for /Users/asad-dc/Local Sites/stone-stomper/app/public/wp-content/themes/stone-stomper/assets/build/header.min.js in /Users/asad-dc/Local Sites/stone-stomper/app/public/wp-content/themes/stone-stomper/includes/classes/code/class-wp-theme-custom.php on line 837
[11-Sep-2025 16:37:29 UTC] PHP Warning:  filemtime(): stat failed for /Users/asad-dc/Local Sites/stone-stomper/app/public/wp-content/themes/stone-stomper/assets/build/vendors/swiper-bundle.min.js in /Users/asad-dc/Local Sites/stone-stomper/app/public/wp-content/themes/stone-stomper/includes/classes/code/class-wp-theme-custom.php on line 837
[11-Sep-2025 16:37:29 UTC] PHP Warning:  Undefined variable $whmc_svaevluft in /Users/asad-dc/Local Sites/stone-stomper/app/public/wp-content/plugins/mini-cart-for-woocommerce/inc/class-whmc_cart.php on line 205
[11-Sep-2025 16:37:29 UTC] PHP Deprecated:  html_entity_decode(): Passing null to parameter #1 ($string) of type string is deprecated in /Users/asad-dc/Local Sites/stone-stomper/app/public/wp-content/themes/stone-stomper/404.php on line 30
[11-Sep-2025 16:37:29 UTC] PHP Deprecated:  html_entity_decode(): Passing null to parameter #1 ($string) of type string is deprecated in /Users/asad-dc/Local Sites/stone-stomper/app/public/wp-content/themes/stone-stomper/404.php on line 32
[11-Sep-2025 16:37:29 UTC] PHP Notice:  wp_json_file_decode(): Error when decoding a JSON file at path /Users/asad-dc/Local Sites/stone-stomper/app/public/wp-content/themes/stone-stomper/theme.json: Syntax error in /Users/asad-dc/Local Sites/stone-stomper/app/public/wp-includes/functions.php on line 6121
[11-Sep-2025 16:37:29 UTC] PHP Notice:  wp_json_file_decode(): Error when decoding a JSON file at path /Users/asad-dc/Local Sites/stone-stomper/app/public/wp-content/themes/stone-stomper/theme.json: Syntax error in /Users/asad-dc/Local Sites/stone-stomper/app/public/wp-includes/functions.php on line 6121
[11-Sep-2025 16:37:29 UTC] PHP Warning:  filemtime(): stat failed for /Users/asad-dc/Local Sites/stone-stomper/app/public/wp-content/themes/stone-stomper/assets/build/styles.min.css in /Users/asad-dc/Local Sites/stone-stomper/app/public/wp-content/themes/stone-stomper/includes/classes/code/class-wp-theme-custom.php on line 904
[11-Sep-2025 16:37:29 UTC] PHP Warning:  filemtime(): stat failed for /Users/asad-dc/Local Sites/stone-stomper/app/public/wp-content/themes/stone-stomper/assets/build/header.min.js in /Users/asad-dc/Local Sites/stone-stomper/app/public/wp-content/themes/stone-stomper/includes/classes/code/class-wp-theme-custom.php on line 837
[11-Sep-2025 16:37:29 UTC] PHP Warning:  filemtime(): stat failed for /Users/asad-dc/Local Sites/stone-stomper/app/public/wp-content/themes/stone-stomper/assets/build/vendors/swiper-bundle.min.js in /Users/asad-dc/Local Sites/stone-stomper/app/public/wp-content/themes/stone-stomper/includes/classes/code/class-wp-theme-custom.php on line 837
[11-Sep-2025 16:37:29 UTC] PHP Warning:  Undefined variable $whmc_svaevluft in /Users/asad-dc/Local Sites/stone-stomper/app/public/wp-content/plugins/mini-cart-for-woocommerce/inc/class-whmc_cart.php on line 205
[11-Sep-2025 16:37:29 UTC] PHP Deprecated:  html_entity_decode(): Passing null to parameter #1 ($string) of type string is deprecated in /Users/asad-dc/Local Sites/stone-stomper/app/public/wp-content/themes/stone-stomper/404.php on line 30
[11-Sep-2025 16:37:29 UTC] PHP Deprecated:  html_entity_decode(): Passing null to parameter #1 ($string) of type string is deprecated in /Users/asad-dc/Local Sites/stone-stomper/app/public/wp-content/themes/stone-stomper/404.php on line 32
[11-Sep-2025 16:37:33 UTC] PHP Notice:  wp_json_file_decode(): Error when decoding a JSON file at path /Users/asad-dc/Local Sites/stone-stomper/app/public/wp-content/themes/stone-stomper/theme.json: Syntax error in /Users/asad-dc/Local Sites/stone-stomper/app/public/wp-includes/functions.php on line 6121
[11-Sep-2025 16:37:33 UTC] PHP Notice:  wp_json_file_decode(): Error when decoding a JSON file at path /Users/asad-dc/Local Sites/stone-stomper/app/public/wp-content/themes/stone-stomper/theme.json: Syntax error in /Users/asad-dc/Local Sites/stone-stomper/app/public/wp-includes/functions.php on line 6121
[11-Sep-2025 16:37:33 UTC] PHP Warning:  filemtime(): stat failed for /Users/asad-dc/Local Sites/stone-stomper/app/public/wp-content/themes/stone-stomper/assets/build/styles.min.css in /Users/asad-dc/Local Sites/stone-stomper/app/public/wp-content/themes/stone-stomper/includes/classes/code/class-wp-theme-custom.php on line 904
[11-Sep-2025 16:37:33 UTC] PHP Warning:  filemtime(): stat failed for /Users/asad-dc/Local Sites/stone-stomper/app/public/wp-content/themes/stone-stomper/assets/build/header.min.js in /Users/asad-dc/Local Sites/stone-stomper/app/public/wp-content/themes/stone-stomper/includes/classes/code/class-wp-theme-custom.php on line 837
[11-Sep-2025 16:37:33 UTC] PHP Warning:  filemtime(): stat failed for /Users/asad-dc/Local Sites/stone-stomper/app/public/wp-content/themes/stone-stomper/assets/build/vendors/swiper-bundle.min.js in /Users/asad-dc/Local Sites/stone-stomper/app/public/wp-content/themes/stone-stomper/includes/classes/code/class-wp-theme-custom.php on line 837
[11-Sep-2025 16:37:33 UTC] PHP Warning:  Undefined variable $whmc_svaevluft in /Users/asad-dc/Local Sites/stone-stomper/app/public/wp-content/plugins/mini-cart-for-woocommerce/inc/class-whmc_cart.php on line 205
[11-Sep-2025 16:37:33 UTC] PHP Notice:  wp_json_file_decode(): Error when decoding a JSON file at path /Users/asad-dc/Local Sites/stone-stomper/app/public/wp-content/themes/stone-stomper/theme.json: Syntax error in /Users/asad-dc/Local Sites/stone-stomper/app/public/wp-includes/functions.php on line 6121
[11-Sep-2025 16:37:33 UTC] PHP Notice:  wp_json_file_decode(): Error when decoding a JSON file at path /Users/asad-dc/Local Sites/stone-stomper/app/public/wp-content/themes/stone-stomper/theme.json: Syntax error in /Users/asad-dc/Local Sites/stone-stomper/app/public/wp-includes/functions.php on line 6121
[11-Sep-2025 16:37:33 UTC] PHP Notice:  wp_json_file_decode(): Error when decoding a JSON file at path /Users/asad-dc/Local Sites/stone-stomper/app/public/wp-content/themes/stone-stomper/theme.json: Syntax error in /Users/asad-dc/Local Sites/stone-stomper/app/public/wp-includes/functions.php on line 6121
[11-Sep-2025 16:37:33 UTC] PHP Warning:  filemtime(): stat failed for /Users/asad-dc/Local Sites/stone-stomper/app/public/wp-content/themes/stone-stomper/assets/build/styles.min.css in /Users/asad-dc/Local Sites/stone-stomper/app/public/wp-content/themes/stone-stomper/includes/classes/code/class-wp-theme-custom.php on line 904
[11-Sep-2025 16:37:33 UTC] PHP Notice:  wp_json_file_decode(): Error when decoding a JSON file at path /Users/asad-dc/Local Sites/stone-stomper/app/public/wp-content/themes/stone-stomper/theme.json: Syntax error in /Users/asad-dc/Local Sites/stone-stomper/app/public/wp-includes/functions.php on line 6121
[11-Sep-2025 16:37:33 UTC] PHP Warning:  filemtime(): stat failed for /Users/asad-dc/Local Sites/stone-stomper/app/public/wp-content/themes/stone-stomper/assets/build/header.min.js in /Users/asad-dc/Local Sites/stone-stomper/app/public/wp-content/themes/stone-stomper/includes/classes/code/class-wp-theme-custom.php on line 837
[11-Sep-2025 16:37:33 UTC] PHP Warning:  filemtime(): stat failed for /Users/asad-dc/Local Sites/stone-stomper/app/public/wp-content/themes/stone-stomper/assets/build/vendors/swiper-bundle.min.js in /Users/asad-dc/Local Sites/stone-stomper/app/public/wp-content/themes/stone-stomper/includes/classes/code/class-wp-theme-custom.php on line 837
[11-Sep-2025 16:37:33 UTC] PHP Warning:  filemtime(): stat failed for /Users/asad-dc/Local Sites/stone-stomper/app/public/wp-content/themes/stone-stomper/assets/build/styles.min.css in /Users/asad-dc/Local Sites/stone-stomper/app/public/wp-content/themes/stone-stomper/includes/classes/code/class-wp-theme-custom.php on line 904
[11-Sep-2025 16:37:33 UTC] PHP Warning:  Undefined variable $whmc_svaevluft in /Users/asad-dc/Local Sites/stone-stomper/app/public/wp-content/plugins/mini-cart-for-woocommerce/inc/class-whmc_cart.php on line 205
[11-Sep-2025 16:37:33 UTC] PHP Warning:  filemtime(): stat failed for /Users/asad-dc/Local Sites/stone-stomper/app/public/wp-content/themes/stone-stomper/assets/build/header.min.js in /Users/asad-dc/Local Sites/stone-stomper/app/public/wp-content/themes/stone-stomper/includes/classes/code/class-wp-theme-custom.php on line 837
[11-Sep-2025 16:37:33 UTC] PHP Warning:  filemtime(): stat failed for /Users/asad-dc/Local Sites/stone-stomper/app/public/wp-content/themes/stone-stomper/assets/build/vendors/swiper-bundle.min.js in /Users/asad-dc/Local Sites/stone-stomper/app/public/wp-content/themes/stone-stomper/includes/classes/code/class-wp-theme-custom.php on line 837
[11-Sep-2025 16:37:33 UTC] PHP Warning:  Undefined variable $whmc_svaevluft in /Users/asad-dc/Local Sites/stone-stomper/app/public/wp-content/plugins/mini-cart-for-woocommerce/inc/class-whmc_cart.php on line 205
[11-Sep-2025 16:37:33 UTC] PHP Deprecated:  html_entity_decode(): Passing null to parameter #1 ($string) of type string is deprecated in /Users/asad-dc/Local Sites/stone-stomper/app/public/wp-content/themes/stone-stomper/404.php on line 30
[11-Sep-2025 16:37:33 UTC] PHP Deprecated:  html_entity_decode(): Passing null to parameter #1 ($string) of type string is deprecated in /Users/asad-dc/Local Sites/stone-stomper/app/public/wp-content/themes/stone-stomper/404.php on line 32
[11-Sep-2025 16:37:33 UTC] PHP Deprecated:  html_entity_decode(): Passing null to parameter #1 ($string) of type string is deprecated in /Users/asad-dc/Local Sites/stone-stomper/app/public/wp-content/themes/stone-stomper/404.php on line 30
[11-Sep-2025 16:37:33 UTC] PHP Deprecated:  html_entity_decode(): Passing null to parameter #1 ($string) of type string is deprecated in /Users/asad-dc/Local Sites/stone-stomper/app/public/wp-content/themes/stone-stomper/404.php on line 32
[11-Sep-2025 16:37:34 UTC] PHP Notice:  wp_json_file_decode(): Error when decoding a JSON file at path /Users/asad-dc/Local Sites/stone-stomper/app/public/wp-content/themes/stone-stomper/theme.json: Syntax error in /Users/asad-dc/Local Sites/stone-stomper/app/public/wp-includes/functions.php on line 6121
[11-Sep-2025 16:37:34 UTC] PHP Notice:  wp_json_file_decode(): Error when decoding a JSON file at path /Users/asad-dc/Local Sites/stone-stomper/app/public/wp-content/themes/stone-stomper/theme.json: Syntax error in /Users/asad-dc/Local Sites/stone-stomper/app/public/wp-includes/functions.php on line 6121
[11-Sep-2025 16:37:34 UTC] PHP Notice:  wp_json_file_decode(): Error when decoding a JSON file at path /Users/asad-dc/Local Sites/stone-stomper/app/public/wp-content/themes/stone-stomper/theme.json: Syntax error in /Users/asad-dc/Local Sites/stone-stomper/app/public/wp-includes/functions.php on line 6121
[11-Sep-2025 16:37:34 UTC] PHP Notice:  wp_json_file_decode(): Error when decoding a JSON file at path /Users/asad-dc/Local Sites/stone-stomper/app/public/wp-content/themes/stone-stomper/theme.json: Syntax error in /Users/asad-dc/Local Sites/stone-stomper/app/public/wp-includes/functions.php on line 6121
[11-Sep-2025 16:37:34 UTC] PHP Warning:  filemtime(): stat failed for /Users/asad-dc/Local Sites/stone-stomper/app/public/wp-content/themes/stone-stomper/assets/build/styles.min.css in /Users/asad-dc/Local Sites/stone-stomper/app/public/wp-content/themes/stone-stomper/includes/classes/code/class-wp-theme-custom.php on line 904
[11-Sep-2025 16:37:34 UTC] PHP Warning:  filemtime(): stat failed for /Users/asad-dc/Local Sites/stone-stomper/app/public/wp-content/themes/stone-stomper/assets/build/header.min.js in /Users/asad-dc/Local Sites/stone-stomper/app/public/wp-content/themes/stone-stomper/includes/classes/code/class-wp-theme-custom.php on line 837
[11-Sep-2025 16:37:34 UTC] PHP Warning:  filemtime(): stat failed for /Users/asad-dc/Local Sites/stone-stomper/app/public/wp-content/themes/stone-stomper/assets/build/vendors/swiper-bundle.min.js in /Users/asad-dc/Local Sites/stone-stomper/app/public/wp-content/themes/stone-stomper/includes/classes/code/class-wp-theme-custom.php on line 837
[11-Sep-2025 16:37:34 UTC] PHP Warning:  filemtime(): stat failed for /Users/asad-dc/Local Sites/stone-stomper/app/public/wp-content/themes/stone-stomper/assets/build/styles.min.css in /Users/asad-dc/Local Sites/stone-stomper/app/public/wp-content/themes/stone-stomper/includes/classes/code/class-wp-theme-custom.php on line 904
[11-Sep-2025 16:37:34 UTC] PHP Warning:  filemtime(): stat failed for /Users/asad-dc/Local Sites/stone-stomper/app/public/wp-content/themes/stone-stomper/assets/build/header.min.js in /Users/asad-dc/Local Sites/stone-stomper/app/public/wp-content/themes/stone-stomper/includes/classes/code/class-wp-theme-custom.php on line 837
[11-Sep-2025 16:37:34 UTC] PHP Warning:  filemtime(): stat failed for /Users/asad-dc/Local Sites/stone-stomper/app/public/wp-content/themes/stone-stomper/assets/build/vendors/swiper-bundle.min.js in /Users/asad-dc/Local Sites/stone-stomper/app/public/wp-content/themes/stone-stomper/includes/classes/code/class-wp-theme-custom.php on line 837
[11-Sep-2025 16:37:34 UTC] PHP Warning:  Undefined variable $whmc_svaevluft in /Users/asad-dc/Local Sites/stone-stomper/app/public/wp-content/plugins/mini-cart-for-woocommerce/inc/class-whmc_cart.php on line 205
[11-Sep-2025 16:37:34 UTC] PHP Warning:  Undefined variable $whmc_svaevluft in /Users/asad-dc/Local Sites/stone-stomper/app/public/wp-content/plugins/mini-cart-for-woocommerce/inc/class-whmc_cart.php on line 205
[11-Sep-2025 16:37:34 UTC] PHP Deprecated:  html_entity_decode(): Passing null to parameter #1 ($string) of type string is deprecated in /Users/asad-dc/Local Sites/stone-stomper/app/public/wp-content/themes/stone-stomper/404.php on line 30
[11-Sep-2025 16:37:34 UTC] PHP Deprecated:  html_entity_decode(): Passing null to parameter #1 ($string) of type string is deprecated in /Users/asad-dc/Local Sites/stone-stomper/app/public/wp-content/themes/stone-stomper/404.php on line 30
[11-Sep-2025 16:37:34 UTC] PHP Deprecated:  html_entity_decode(): Passing null to parameter #1 ($string) of type string is deprecated in /Users/asad-dc/Local Sites/stone-stomper/app/public/wp-content/themes/stone-stomper/404.php on line 32
[11-Sep-2025 16:37:34 UTC] PHP Deprecated:  html_entity_decode(): Passing null to parameter #1 ($string) of type string is deprecated in /Users/asad-dc/Local Sites/stone-stomper/app/public/wp-content/themes/stone-stomper/404.php on line 32
[11-Sep-2025 16:37:34 UTC] PHP Warning:  Undefined variable $child_terms in /Users/asad-dc/Local Sites/stone-stomper/app/public/wp-content/themes/stone-stomper/includes/classes/code/class-wp-theme-ajax.php on line 262
[11-Sep-2025 16:37:34 UTC] PHP Warning:  Undefined variable $year in /Users/asad-dc/Local Sites/stone-stomper/app/public/wp-content/themes/stone-stomper/includes/classes/code/class-wp-theme-ajax.php on line 265
[11-Sep-2025 16:37:35 UTC] PHP Notice:  wp_json_file_decode(): Error when decoding a JSON file at path /Users/asad-dc/Local Sites/stone-stomper/app/public/wp-content/themes/stone-stomper/theme.json: Syntax error in /Users/asad-dc/Local Sites/stone-stomper/app/public/wp-includes/functions.php on line 6121
[11-Sep-2025 16:37:35 UTC] PHP Notice:  wp_json_file_decode(): Error when decoding a JSON file at path /Users/asad-dc/Local Sites/stone-stomper/app/public/wp-content/themes/stone-stomper/theme.json: Syntax error in /Users/asad-dc/Local Sites/stone-stomper/app/public/wp-includes/functions.php on line 6121
[11-Sep-2025 16:37:35 UTC] PHP Notice:  wp_json_file_decode(): Error when decoding a JSON file at path /Users/asad-dc/Local Sites/stone-stomper/app/public/wp-content/themes/stone-stomper/theme.json: Syntax error in /Users/asad-dc/Local Sites/stone-stomper/app/public/wp-includes/functions.php on line 6121
[11-Sep-2025 16:37:35 UTC] PHP Notice:  wp_json_file_decode(): Error when decoding a JSON file at path /Users/asad-dc/Local Sites/stone-stomper/app/public/wp-content/themes/stone-stomper/theme.json: Syntax error in /Users/asad-dc/Local Sites/stone-stomper/app/public/wp-includes/functions.php on line 6121
[11-Sep-2025 16:37:35 UTC] PHP Warning:  filemtime(): stat failed for /Users/asad-dc/Local Sites/stone-stomper/app/public/wp-content/themes/stone-stomper/assets/build/styles.min.css in /Users/asad-dc/Local Sites/stone-stomper/app/public/wp-content/themes/stone-stomper/includes/classes/code/class-wp-theme-custom.php on line 904
[11-Sep-2025 16:37:35 UTC] PHP Warning:  filemtime(): stat failed for /Users/asad-dc/Local Sites/stone-stomper/app/public/wp-content/themes/stone-stomper/assets/build/header.min.js in /Users/asad-dc/Local Sites/stone-stomper/app/public/wp-content/themes/stone-stomper/includes/classes/code/class-wp-theme-custom.php on line 837
[11-Sep-2025 16:37:35 UTC] PHP Warning:  filemtime(): stat failed for /Users/asad-dc/Local Sites/stone-stomper/app/public/wp-content/themes/stone-stomper/assets/build/vendors/swiper-bundle.min.js in /Users/asad-dc/Local Sites/stone-stomper/app/public/wp-content/themes/stone-stomper/includes/classes/code/class-wp-theme-custom.php on line 837
[11-Sep-2025 16:37:35 UTC] PHP Warning:  filemtime(): stat failed for /Users/asad-dc/Local Sites/stone-stomper/app/public/wp-content/themes/stone-stomper/assets/build/styles.min.css in /Users/asad-dc/Local Sites/stone-stomper/app/public/wp-content/themes/stone-stomper/includes/classes/code/class-wp-theme-custom.php on line 904
[11-Sep-2025 16:37:35 UTC] PHP Warning:  filemtime(): stat failed for /Users/asad-dc/Local Sites/stone-stomper/app/public/wp-content/themes/stone-stomper/assets/build/header.min.js in /Users/asad-dc/Local Sites/stone-stomper/app/public/wp-content/themes/stone-stomper/includes/classes/code/class-wp-theme-custom.php on line 837
[11-Sep-2025 16:37:35 UTC] PHP Warning:  filemtime(): stat failed for /Users/asad-dc/Local Sites/stone-stomper/app/public/wp-content/themes/stone-stomper/assets/build/vendors/swiper-bundle.min.js in /Users/asad-dc/Local Sites/stone-stomper/app/public/wp-content/themes/stone-stomper/includes/classes/code/class-wp-theme-custom.php on line 837
[11-Sep-2025 16:37:35 UTC] PHP Warning:  Undefined variable $whmc_svaevluft in /Users/asad-dc/Local Sites/stone-stomper/app/public/wp-content/plugins/mini-cart-for-woocommerce/inc/class-whmc_cart.php on line 205
[11-Sep-2025 16:37:35 UTC] PHP Deprecated:  html_entity_decode(): Passing null to parameter #1 ($string) of type string is deprecated in /Users/asad-dc/Local Sites/stone-stomper/app/public/wp-content/themes/stone-stomper/404.php on line 30
[11-Sep-2025 16:37:35 UTC] PHP Deprecated:  html_entity_decode(): Passing null to parameter #1 ($string) of type string is deprecated in /Users/asad-dc/Local Sites/stone-stomper/app/public/wp-content/themes/stone-stomper/404.php on line 32
[11-Sep-2025 16:37:35 UTC] PHP Warning:  Undefined variable $whmc_svaevluft in /Users/asad-dc/Local Sites/stone-stomper/app/public/wp-content/plugins/mini-cart-for-woocommerce/inc/class-whmc_cart.php on line 205
[11-Sep-2025 16:37:35 UTC] PHP Deprecated:  html_entity_decode(): Passing null to parameter #1 ($string) of type string is deprecated in /Users/asad-dc/Local Sites/stone-stomper/app/public/wp-content/themes/stone-stomper/404.php on line 30
[11-Sep-2025 16:37:35 UTC] PHP Deprecated:  html_entity_decode(): Passing null to parameter #1 ($string) of type string is deprecated in /Users/asad-dc/Local Sites/stone-stomper/app/public/wp-content/themes/stone-stomper/404.php on line 32
[11-Sep-2025 16:38:31 UTC] PHP Notice:  wp_json_file_decode(): Error when decoding a JSON file at path /Users/asad-dc/Local Sites/stone-stomper/app/public/wp-content/themes/stone-stomper/theme.json: Syntax error in /Users/asad-dc/Local Sites/stone-stomper/app/public/wp-includes/functions.php on line 6121
[11-Sep-2025 16:38:31 UTC] PHP Notice:  wp_json_file_decode(): Error when decoding a JSON file at path /Users/asad-dc/Local Sites/stone-stomper/app/public/wp-content/themes/stone-stomper/theme.json: Syntax error in /Users/asad-dc/Local Sites/stone-stomper/app/public/wp-includes/functions.php on line 6121
[11-Sep-2025 16:38:31 UTC] PHP Warning:  Undefined variable $whmc_svaevluft in /Users/asad-dc/Local Sites/stone-stomper/app/public/wp-content/plugins/mini-cart-for-woocommerce/inc/class-whmc_cart.php on line 205
[11-Sep-2025 16:38:32 UTC] PHP Warning:  Undefined variable $child_terms in /Users/asad-dc/Local Sites/stone-stomper/app/public/wp-content/themes/stone-stomper/includes/classes/code/class-wp-theme-ajax.php on line 262
[11-Sep-2025 16:38:32 UTC] PHP Warning:  Undefined variable $year in /Users/asad-dc/Local Sites/stone-stomper/app/public/wp-content/themes/stone-stomper/includes/classes/code/class-wp-theme-ajax.php on line 265
[11-Sep-2025 16:38:32 UTC] PHP Notice:  wp_json_file_decode(): Error when decoding a JSON file at path /Users/asad-dc/Local Sites/stone-stomper/app/public/wp-content/themes/stone-stomper/theme.json: Syntax error in /Users/asad-dc/Local Sites/stone-stomper/app/public/wp-includes/functions.php on line 6121
[11-Sep-2025 16:38:32 UTC] PHP Notice:  wp_json_file_decode(): Error when decoding a JSON file at path /Users/asad-dc/Local Sites/stone-stomper/app/public/wp-content/themes/stone-stomper/theme.json: Syntax error in /Users/asad-dc/Local Sites/stone-stomper/app/public/wp-includes/functions.php on line 6121
[11-Sep-2025 16:38:32 UTC] PHP Warning:  Undefined variable $whmc_svaevluft in /Users/asad-dc/Local Sites/stone-stomper/app/public/wp-content/plugins/mini-cart-for-woocommerce/inc/class-whmc_cart.php on line 205
[11-Sep-2025 16:38:32 UTC] PHP Deprecated:  html_entity_decode(): Passing null to parameter #1 ($string) of type string is deprecated in /Users/asad-dc/Local Sites/stone-stomper/app/public/wp-content/themes/stone-stomper/404.php on line 30
[11-Sep-2025 16:38:32 UTC] PHP Deprecated:  html_entity_decode(): Passing null to parameter #1 ($string) of type string is deprecated in /Users/asad-dc/Local Sites/stone-stomper/app/public/wp-content/themes/stone-stomper/404.php on line 32
[11-Sep-2025 16:38:42 UTC] PHP Warning:  Undefined variable $year in /Users/asad-dc/Local Sites/stone-stomper/app/public/wp-content/themes/stone-stomper/includes/classes/code/class-wp-theme-ajax.php on line 265
[11-Sep-2025 16:38:49 UTC] PHP Notice:  wp_json_file_decode(): Error when decoding a JSON file at path /Users/asad-dc/Local Sites/stone-stomper/app/public/wp-content/themes/stone-stomper/theme.json: Syntax error in /Users/asad-dc/Local Sites/stone-stomper/app/public/wp-includes/functions.php on line 6121
[11-Sep-2025 16:38:49 UTC] PHP Notice:  wp_json_file_decode(): Error when decoding a JSON file at path /Users/asad-dc/Local Sites/stone-stomper/app/public/wp-content/themes/stone-stomper/theme.json: Syntax error in /Users/asad-dc/Local Sites/stone-stomper/app/public/wp-includes/functions.php on line 6121
[11-Sep-2025 16:38:49 UTC] PHP Warning:  Undefined variable $whmc_svaevluft in /Users/asad-dc/Local Sites/stone-stomper/app/public/wp-content/plugins/mini-cart-for-woocommerce/inc/class-whmc_cart.php on line 205
[11-Sep-2025 16:38:49 UTC] PHP Warning:  Array to string conversion in /Users/asad-dc/Local Sites/stone-stomper/app/public/wp-includes/formatting.php on line 1096
[11-Sep-2025 16:38:50 UTC] PHP Notice:  wp_json_file_decode(): Error when decoding a JSON file at path /Users/asad-dc/Local Sites/stone-stomper/app/public/wp-content/themes/stone-stomper/theme.json: Syntax error in /Users/asad-dc/Local Sites/stone-stomper/app/public/wp-includes/functions.php on line 6121
[11-Sep-2025 16:38:50 UTC] PHP Notice:  wp_json_file_decode(): Error when decoding a JSON file at path /Users/asad-dc/Local Sites/stone-stomper/app/public/wp-content/themes/stone-stomper/theme.json: Syntax error in /Users/asad-dc/Local Sites/stone-stomper/app/public/wp-includes/functions.php on line 6121
[11-Sep-2025 16:38:50 UTC] PHP Warning:  Undefined variable $whmc_svaevluft in /Users/asad-dc/Local Sites/stone-stomper/app/public/wp-content/plugins/mini-cart-for-woocommerce/inc/class-whmc_cart.php on line 205
[11-Sep-2025 16:38:50 UTC] PHP Deprecated:  html_entity_decode(): Passing null to parameter #1 ($string) of type string is deprecated in /Users/asad-dc/Local Sites/stone-stomper/app/public/wp-content/themes/stone-stomper/404.php on line 30
[11-Sep-2025 16:38:50 UTC] PHP Deprecated:  html_entity_decode(): Passing null to parameter #1 ($string) of type string is deprecated in /Users/asad-dc/Local Sites/stone-stomper/app/public/wp-content/themes/stone-stomper/404.php on line 32
[11-Sep-2025 16:38:50 UTC] PHP Warning:  Array to string conversion in /Users/asad-dc/Local Sites/stone-stomper/app/public/wp-includes/formatting.php on line 1096
[11-Sep-2025 16:38:52 UTC] PHP Notice:  wp_json_file_decode(): Error when decoding a JSON file at path /Users/asad-dc/Local Sites/stone-stomper/app/public/wp-content/themes/stone-stomper/theme.json: Syntax error in /Users/asad-dc/Local Sites/stone-stomper/app/public/wp-includes/functions.php on line 6121
[11-Sep-2025 16:38:52 UTC] PHP Notice:  wp_json_file_decode(): Error when decoding a JSON file at path /Users/asad-dc/Local Sites/stone-stomper/app/public/wp-content/themes/stone-stomper/theme.json: Syntax error in /Users/asad-dc/Local Sites/stone-stomper/app/public/wp-includes/functions.php on line 6121
[11-Sep-2025 16:38:52 UTC] PHP Warning:  Undefined variable $whmc_svaevluft in /Users/asad-dc/Local Sites/stone-stomper/app/public/wp-content/plugins/mini-cart-for-woocommerce/inc/class-whmc_cart.php on line 205
[11-Sep-2025 16:38:52 UTC] PHP Warning:  Array to string conversion in /Users/asad-dc/Local Sites/stone-stomper/app/public/wp-includes/formatting.php on line 1096
[11-Sep-2025 16:38:53 UTC] PHP Notice:  wp_json_file_decode(): Error when decoding a JSON file at path /Users/asad-dc/Local Sites/stone-stomper/app/public/wp-content/themes/stone-stomper/theme.json: Syntax error in /Users/asad-dc/Local Sites/stone-stomper/app/public/wp-includes/functions.php on line 6121
[11-Sep-2025 16:38:53 UTC] PHP Notice:  wp_json_file_decode(): Error when decoding a JSON file at path /Users/asad-dc/Local Sites/stone-stomper/app/public/wp-content/themes/stone-stomper/theme.json: Syntax error in /Users/asad-dc/Local Sites/stone-stomper/app/public/wp-includes/functions.php on line 6121
[11-Sep-2025 16:38:53 UTC] PHP Warning:  Undefined variable $whmc_svaevluft in /Users/asad-dc/Local Sites/stone-stomper/app/public/wp-content/plugins/mini-cart-for-woocommerce/inc/class-whmc_cart.php on line 205
[11-Sep-2025 16:38:53 UTC] PHP Deprecated:  html_entity_decode(): Passing null to parameter #1 ($string) of type string is deprecated in /Users/asad-dc/Local Sites/stone-stomper/app/public/wp-content/themes/stone-stomper/404.php on line 30
[11-Sep-2025 16:38:53 UTC] PHP Deprecated:  html_entity_decode(): Passing null to parameter #1 ($string) of type string is deprecated in /Users/asad-dc/Local Sites/stone-stomper/app/public/wp-content/themes/stone-stomper/404.php on line 32
[11-Sep-2025 16:38:53 UTC] PHP Warning:  Array to string conversion in /Users/asad-dc/Local Sites/stone-stomper/app/public/wp-includes/formatting.php on line 1096
[11-Sep-2025 16:38:57 UTC] PHP Notice:  wp_json_file_decode(): Error when decoding a JSON file at path /Users/asad-dc/Local Sites/stone-stomper/app/public/wp-content/themes/stone-stomper/theme.json: Syntax error in /Users/asad-dc/Local Sites/stone-stomper/app/public/wp-includes/functions.php on line 6121
[11-Sep-2025 16:38:57 UTC] PHP Notice:  wp_json_file_decode(): Error when decoding a JSON file at path /Users/asad-dc/Local Sites/stone-stomper/app/public/wp-content/themes/stone-stomper/theme.json: Syntax error in /Users/asad-dc/Local Sites/stone-stomper/app/public/wp-includes/functions.php on line 6121
[11-Sep-2025 16:38:57 UTC] PHP Warning:  Undefined variable $whmc_svaevluft in /Users/asad-dc/Local Sites/stone-stomper/app/public/wp-content/plugins/mini-cart-for-woocommerce/inc/class-whmc_cart.php on line 205
[11-Sep-2025 16:38:57 UTC] PHP Deprecated:  html_entity_decode(): Passing null to parameter #1 ($string) of type string is deprecated in /Users/asad-dc/Local Sites/stone-stomper/app/public/wp-content/themes/stone-stomper/404.php on line 30
[11-Sep-2025 16:38:57 UTC] PHP Deprecated:  html_entity_decode(): Passing null to parameter #1 ($string) of type string is deprecated in /Users/asad-dc/Local Sites/stone-stomper/app/public/wp-content/themes/stone-stomper/404.php on line 32
[11-Sep-2025 16:38:57 UTC] PHP Warning:  Array to string conversion in /Users/asad-dc/Local Sites/stone-stomper/app/public/wp-includes/formatting.php on line 1096
[11-Sep-2025 16:38:58 UTC] PHP Notice:  wp_json_file_decode(): Error when decoding a JSON file at path /Users/asad-dc/Local Sites/stone-stomper/app/public/wp-content/themes/stone-stomper/theme.json: Syntax error in /Users/asad-dc/Local Sites/stone-stomper/app/public/wp-includes/functions.php on line 6121
[11-Sep-2025 16:38:58 UTC] PHP Notice:  wp_json_file_decode(): Error when decoding a JSON file at path /Users/asad-dc/Local Sites/stone-stomper/app/public/wp-content/themes/stone-stomper/theme.json: Syntax error in /Users/asad-dc/Local Sites/stone-stomper/app/public/wp-includes/functions.php on line 6121
[11-Sep-2025 16:38:58 UTC] PHP Warning:  Undefined variable $whmc_svaevluft in /Users/asad-dc/Local Sites/stone-stomper/app/public/wp-content/plugins/mini-cart-for-woocommerce/inc/class-whmc_cart.php on line 205
[11-Sep-2025 16:38:58 UTC] PHP Deprecated:  html_entity_decode(): Passing null to parameter #1 ($string) of type string is deprecated in /Users/asad-dc/Local Sites/stone-stomper/app/public/wp-content/themes/stone-stomper/404.php on line 30
[11-Sep-2025 16:38:58 UTC] PHP Deprecated:  html_entity_decode(): Passing null to parameter #1 ($string) of type string is deprecated in /Users/asad-dc/Local Sites/stone-stomper/app/public/wp-content/themes/stone-stomper/404.php on line 32
[11-Sep-2025 16:38:58 UTC] PHP Warning:  Array to string conversion in /Users/asad-dc/Local Sites/stone-stomper/app/public/wp-includes/formatting.php on line 1096
[11-Sep-2025 16:39:32 UTC] PHP Notice:  wp_json_file_decode(): Error when decoding a JSON file at path /Users/asad-dc/Local Sites/stone-stomper/app/public/wp-content/themes/stone-stomper/theme.json: Syntax error in /Users/asad-dc/Local Sites/stone-stomper/app/public/wp-includes/functions.php on line 6121
[11-Sep-2025 16:39:32 UTC] PHP Notice:  wp_json_file_decode(): Error when decoding a JSON file at path /Users/asad-dc/Local Sites/stone-stomper/app/public/wp-content/themes/stone-stomper/theme.json: Syntax error in /Users/asad-dc/Local Sites/stone-stomper/app/public/wp-includes/functions.php on line 6121
[11-Sep-2025 16:39:33 UTC] PHP Warning:  Undefined variable $whmc_svaevluft in /Users/asad-dc/Local Sites/stone-stomper/app/public/wp-content/plugins/mini-cart-for-woocommerce/inc/class-whmc_cart.php on line 205
[11-Sep-2025 16:39:33 UTC] PHP Notice:  wp_json_file_decode(): Error when decoding a JSON file at path /Users/asad-dc/Local Sites/stone-stomper/app/public/wp-content/themes/stone-stomper/theme.json: Syntax error in /Users/asad-dc/Local Sites/stone-stomper/app/public/wp-includes/functions.php on line 6121
[11-Sep-2025 16:39:33 UTC] PHP Notice:  wp_json_file_decode(): Error when decoding a JSON file at path /Users/asad-dc/Local Sites/stone-stomper/app/public/wp-content/themes/stone-stomper/theme.json: Syntax error in /Users/asad-dc/Local Sites/stone-stomper/app/public/wp-includes/functions.php on line 6121
[11-Sep-2025 16:39:33 UTC] PHP Warning:  Undefined variable $whmc_svaevluft in /Users/asad-dc/Local Sites/stone-stomper/app/public/wp-content/plugins/mini-cart-for-woocommerce/inc/class-whmc_cart.php on line 205
[11-Sep-2025 16:39:33 UTC] PHP Deprecated:  html_entity_decode(): Passing null to parameter #1 ($string) of type string is deprecated in /Users/asad-dc/Local Sites/stone-stomper/app/public/wp-content/themes/stone-stomper/404.php on line 30
[11-Sep-2025 16:39:33 UTC] PHP Deprecated:  html_entity_decode(): Passing null to parameter #1 ($string) of type string is deprecated in /Users/asad-dc/Local Sites/stone-stomper/app/public/wp-content/themes/stone-stomper/404.php on line 32
[11-Sep-2025 16:39:34 UTC] PHP Notice:  wp_json_file_decode(): Error when decoding a JSON file at path /Users/asad-dc/Local Sites/stone-stomper/app/public/wp-content/themes/stone-stomper/theme.json: Syntax error in /Users/asad-dc/Local Sites/stone-stomper/app/public/wp-includes/functions.php on line 6121
[11-Sep-2025 16:39:34 UTC] PHP Notice:  wp_json_file_decode(): Error when decoding a JSON file at path /Users/asad-dc/Local Sites/stone-stomper/app/public/wp-content/themes/stone-stomper/theme.json: Syntax error in /Users/asad-dc/Local Sites/stone-stomper/app/public/wp-includes/functions.php on line 6121
[11-Sep-2025 16:39:34 UTC] PHP Warning:  Undefined variable $whmc_svaevluft in /Users/asad-dc/Local Sites/stone-stomper/app/public/wp-content/plugins/mini-cart-for-woocommerce/inc/class-whmc_cart.php on line 205
[11-Sep-2025 16:39:35 UTC] PHP Notice:  wp_json_file_decode(): Error when decoding a JSON file at path /Users/asad-dc/Local Sites/stone-stomper/app/public/wp-content/themes/stone-stomper/theme.json: Syntax error in /Users/asad-dc/Local Sites/stone-stomper/app/public/wp-includes/functions.php on line 6121
[11-Sep-2025 16:39:35 UTC] PHP Notice:  wp_json_file_decode(): Error when decoding a JSON file at path /Users/asad-dc/Local Sites/stone-stomper/app/public/wp-content/themes/stone-stomper/theme.json: Syntax error in /Users/asad-dc/Local Sites/stone-stomper/app/public/wp-includes/functions.php on line 6121
[11-Sep-2025 16:39:35 UTC] PHP Warning:  Undefined variable $whmc_svaevluft in /Users/asad-dc/Local Sites/stone-stomper/app/public/wp-content/plugins/mini-cart-for-woocommerce/inc/class-whmc_cart.php on line 205
[11-Sep-2025 16:39:35 UTC] PHP Deprecated:  html_entity_decode(): Passing null to parameter #1 ($string) of type string is deprecated in /Users/asad-dc/Local Sites/stone-stomper/app/public/wp-content/themes/stone-stomper/404.php on line 30
[11-Sep-2025 16:39:35 UTC] PHP Deprecated:  html_entity_decode(): Passing null to parameter #1 ($string) of type string is deprecated in /Users/asad-dc/Local Sites/stone-stomper/app/public/wp-content/themes/stone-stomper/404.php on line 32
[11-Sep-2025 16:42:51 UTC] PHP Notice:  wp_json_file_decode(): Error when decoding a JSON file at path /Users/asad-dc/Local Sites/stone-stomper/app/public/wp-content/themes/stone-stomper/theme.json: Syntax error in /Users/asad-dc/Local Sites/stone-stomper/app/public/wp-includes/functions.php on line 6121
[11-Sep-2025 16:42:51 UTC] PHP Notice:  wp_json_file_decode(): Error when decoding a JSON file at path /Users/asad-dc/Local Sites/stone-stomper/app/public/wp-content/themes/stone-stomper/theme.json: Syntax error in /Users/asad-dc/Local Sites/stone-stomper/app/public/wp-includes/functions.php on line 6121
[11-Sep-2025 16:42:51 UTC] PHP Warning:  Undefined variable $whmc_svaevluft in /Users/asad-dc/Local Sites/stone-stomper/app/public/wp-content/plugins/mini-cart-for-woocommerce/inc/class-whmc_cart.php on line 205
[11-Sep-2025 16:42:51 UTC] PHP Notice:  wp_json_file_decode(): Error when decoding a JSON file at path /Users/asad-dc/Local Sites/stone-stomper/app/public/wp-content/themes/stone-stomper/theme.json: Syntax error in /Users/asad-dc/Local Sites/stone-stomper/app/public/wp-includes/functions.php on line 6121
[11-Sep-2025 16:42:51 UTC] PHP Notice:  wp_json_file_decode(): Error when decoding a JSON file at path /Users/asad-dc/Local Sites/stone-stomper/app/public/wp-content/themes/stone-stomper/theme.json: Syntax error in /Users/asad-dc/Local Sites/stone-stomper/app/public/wp-includes/functions.php on line 6121
[11-Sep-2025 16:42:51 UTC] PHP Warning:  Undefined variable $whmc_svaevluft in /Users/asad-dc/Local Sites/stone-stomper/app/public/wp-content/plugins/mini-cart-for-woocommerce/inc/class-whmc_cart.php on line 205
[11-Sep-2025 16:42:52 UTC] PHP Deprecated:  html_entity_decode(): Passing null to parameter #1 ($string) of type string is deprecated in /Users/asad-dc/Local Sites/stone-stomper/app/public/wp-content/themes/stone-stomper/404.php on line 30
[11-Sep-2025 16:42:52 UTC] PHP Deprecated:  html_entity_decode(): Passing null to parameter #1 ($string) of type string is deprecated in /Users/asad-dc/Local Sites/stone-stomper/app/public/wp-content/themes/stone-stomper/404.php on line 32
[11-Sep-2025 16:42:52 UTC] PHP Notice:  wp_json_file_decode(): Error when decoding a JSON file at path /Users/asad-dc/Local Sites/stone-stomper/app/public/wp-content/themes/stone-stomper/theme.json: Syntax error in /Users/asad-dc/Local Sites/stone-stomper/app/public/wp-includes/functions.php on line 6121
[11-Sep-2025 16:42:52 UTC] PHP Notice:  wp_json_file_decode(): Error when decoding a JSON file at path /Users/asad-dc/Local Sites/stone-stomper/app/public/wp-content/themes/stone-stomper/theme.json: Syntax error in /Users/asad-dc/Local Sites/stone-stomper/app/public/wp-includes/functions.php on line 6121
[11-Sep-2025 16:42:52 UTC] PHP Warning:  Undefined variable $whmc_svaevluft in /Users/asad-dc/Local Sites/stone-stomper/app/public/wp-content/plugins/mini-cart-for-woocommerce/inc/class-whmc_cart.php on line 205
[11-Sep-2025 16:42:52 UTC] PHP Deprecated:  html_entity_decode(): Passing null to parameter #1 ($string) of type string is deprecated in /Users/asad-dc/Local Sites/stone-stomper/app/public/wp-content/themes/stone-stomper/404.php on line 30
[11-Sep-2025 16:42:52 UTC] PHP Deprecated:  html_entity_decode(): Passing null to parameter #1 ($string) of type string is deprecated in /Users/asad-dc/Local Sites/stone-stomper/app/public/wp-content/themes/stone-stomper/404.php on line 32
[11-Sep-2025 16:42:53 UTC] PHP Notice:  wp_json_file_decode(): Error when decoding a JSON file at path /Users/asad-dc/Local Sites/stone-stomper/app/public/wp-content/themes/stone-stomper/theme.json: Syntax error in /Users/asad-dc/Local Sites/stone-stomper/app/public/wp-includes/functions.php on line 6121
[11-Sep-2025 16:42:53 UTC] PHP Notice:  wp_json_file_decode(): Error when decoding a JSON file at path /Users/asad-dc/Local Sites/stone-stomper/app/public/wp-content/themes/stone-stomper/theme.json: Syntax error in /Users/asad-dc/Local Sites/stone-stomper/app/public/wp-includes/functions.php on line 6121
[11-Sep-2025 16:42:53 UTC] PHP Warning:  Undefined variable $whmc_svaevluft in /Users/asad-dc/Local Sites/stone-stomper/app/public/wp-content/plugins/mini-cart-for-woocommerce/inc/class-whmc_cart.php on line 205
[11-Sep-2025 16:42:53 UTC] PHP Deprecated:  html_entity_decode(): Passing null to parameter #1 ($string) of type string is deprecated in /Users/asad-dc/Local Sites/stone-stomper/app/public/wp-content/themes/stone-stomper/404.php on line 30
[11-Sep-2025 16:42:53 UTC] PHP Deprecated:  html_entity_decode(): Passing null to parameter #1 ($string) of type string is deprecated in /Users/asad-dc/Local Sites/stone-stomper/app/public/wp-content/themes/stone-stomper/404.php on line 32
[11-Sep-2025 16:42:55 UTC] PHP Notice:  wp_json_file_decode(): Error when decoding a JSON file at path /Users/asad-dc/Local Sites/stone-stomper/app/public/wp-content/themes/stone-stomper/theme.json: Syntax error in /Users/asad-dc/Local Sites/stone-stomper/app/public/wp-includes/functions.php on line 6121
[11-Sep-2025 16:42:55 UTC] PHP Notice:  wp_json_file_decode(): Error when decoding a JSON file at path /Users/asad-dc/Local Sites/stone-stomper/app/public/wp-content/themes/stone-stomper/theme.json: Syntax error in /Users/asad-dc/Local Sites/stone-stomper/app/public/wp-includes/functions.php on line 6121
[11-Sep-2025 16:42:56 UTC] PHP Warning:  Undefined variable $whmc_svaevluft in /Users/asad-dc/Local Sites/stone-stomper/app/public/wp-content/plugins/mini-cart-for-woocommerce/inc/class-whmc_cart.php on line 205
[11-Sep-2025 16:42:56 UTC] PHP Notice:  wp_json_file_decode(): Error when decoding a JSON file at path /Users/asad-dc/Local Sites/stone-stomper/app/public/wp-content/themes/stone-stomper/theme.json: Syntax error in /Users/asad-dc/Local Sites/stone-stomper/app/public/wp-includes/functions.php on line 6121
[11-Sep-2025 16:42:56 UTC] PHP Notice:  wp_json_file_decode(): Error when decoding a JSON file at path /Users/asad-dc/Local Sites/stone-stomper/app/public/wp-content/themes/stone-stomper/theme.json: Syntax error in /Users/asad-dc/Local Sites/stone-stomper/app/public/wp-includes/functions.php on line 6121
[11-Sep-2025 16:42:56 UTC] PHP Warning:  Undefined variable $whmc_svaevluft in /Users/asad-dc/Local Sites/stone-stomper/app/public/wp-content/plugins/mini-cart-for-woocommerce/inc/class-whmc_cart.php on line 205
[11-Sep-2025 16:42:56 UTC] PHP Deprecated:  html_entity_decode(): Passing null to parameter #1 ($string) of type string is deprecated in /Users/asad-dc/Local Sites/stone-stomper/app/public/wp-content/themes/stone-stomper/404.php on line 30
[11-Sep-2025 16:42:56 UTC] PHP Deprecated:  html_entity_decode(): Passing null to parameter #1 ($string) of type string is deprecated in /Users/asad-dc/Local Sites/stone-stomper/app/public/wp-content/themes/stone-stomper/404.php on line 32
[11-Sep-2025 16:42:56 UTC] PHP Warning:  Array to string conversion in /Users/asad-dc/Local Sites/stone-stomper/app/public/wp-includes/formatting.php on line 1096
[11-Sep-2025 16:42:56 UTC] PHP Warning:  Array to string conversion in /Users/asad-dc/Local Sites/stone-stomper/app/public/wp-includes/formatting.php on line 1096
[11-Sep-2025 16:42:56 UTC] PHP Notice:  wp_json_file_decode(): Error when decoding a JSON file at path /Users/asad-dc/Local Sites/stone-stomper/app/public/wp-content/themes/stone-stomper/theme.json: Syntax error in /Users/asad-dc/Local Sites/stone-stomper/app/public/wp-includes/functions.php on line 6121
[11-Sep-2025 16:42:56 UTC] PHP Notice:  wp_json_file_decode(): Error when decoding a JSON file at path /Users/asad-dc/Local Sites/stone-stomper/app/public/wp-content/themes/stone-stomper/theme.json: Syntax error in /Users/asad-dc/Local Sites/stone-stomper/app/public/wp-includes/functions.php on line 6121
[11-Sep-2025 16:42:56 UTC] PHP Warning:  Undefined variable $whmc_svaevluft in /Users/asad-dc/Local Sites/stone-stomper/app/public/wp-content/plugins/mini-cart-for-woocommerce/inc/class-whmc_cart.php on line 205
[11-Sep-2025 16:42:56 UTC] PHP Warning:  Array to string conversion in /Users/asad-dc/Local Sites/stone-stomper/app/public/wp-includes/formatting.php on line 1096
[11-Sep-2025 16:42:57 UTC] PHP Notice:  wp_json_file_decode(): Error when decoding a JSON file at path /Users/asad-dc/Local Sites/stone-stomper/app/public/wp-content/themes/stone-stomper/theme.json: Syntax error in /Users/asad-dc/Local Sites/stone-stomper/app/public/wp-includes/functions.php on line 6121
[11-Sep-2025 16:42:57 UTC] PHP Notice:  wp_json_file_decode(): Error when decoding a JSON file at path /Users/asad-dc/Local Sites/stone-stomper/app/public/wp-content/themes/stone-stomper/theme.json: Syntax error in /Users/asad-dc/Local Sites/stone-stomper/app/public/wp-includes/functions.php on line 6121
[11-Sep-2025 16:42:57 UTC] PHP Warning:  Undefined variable $whmc_svaevluft in /Users/asad-dc/Local Sites/stone-stomper/app/public/wp-content/plugins/mini-cart-for-woocommerce/inc/class-whmc_cart.php on line 205
[11-Sep-2025 16:42:57 UTC] PHP Deprecated:  html_entity_decode(): Passing null to parameter #1 ($string) of type string is deprecated in /Users/asad-dc/Local Sites/stone-stomper/app/public/wp-content/themes/stone-stomper/404.php on line 30
[11-Sep-2025 16:42:57 UTC] PHP Deprecated:  html_entity_decode(): Passing null to parameter #1 ($string) of type string is deprecated in /Users/asad-dc/Local Sites/stone-stomper/app/public/wp-content/themes/stone-stomper/404.php on line 32
[11-Sep-2025 16:42:57 UTC] PHP Notice:  wp_json_file_decode(): Error when decoding a JSON file at path /Users/asad-dc/Local Sites/stone-stomper/app/public/wp-content/themes/stone-stomper/theme.json: Syntax error in /Users/asad-dc/Local Sites/stone-stomper/app/public/wp-includes/functions.php on line 6121
[11-Sep-2025 16:42:57 UTC] PHP Notice:  wp_json_file_decode(): Error when decoding a JSON file at path /Users/asad-dc/Local Sites/stone-stomper/app/public/wp-content/themes/stone-stomper/theme.json: Syntax error in /Users/asad-dc/Local Sites/stone-stomper/app/public/wp-includes/functions.php on line 6121
[11-Sep-2025 16:42:57 UTC] PHP Warning:  Array to string conversion in /Users/asad-dc/Local Sites/stone-stomper/app/public/wp-includes/formatting.php on line 1096
[11-Sep-2025 16:42:57 UTC] PHP Warning:  Undefined variable $whmc_svaevluft in /Users/asad-dc/Local Sites/stone-stomper/app/public/wp-content/plugins/mini-cart-for-woocommerce/inc/class-whmc_cart.php on line 205
[11-Sep-2025 16:42:58 UTC] PHP Warning:  Array to string conversion in /Users/asad-dc/Local Sites/stone-stomper/app/public/wp-includes/formatting.php on line 1096
[11-Sep-2025 16:42:58 UTC] PHP Notice:  wp_json_file_decode(): Error when decoding a JSON file at path /Users/asad-dc/Local Sites/stone-stomper/app/public/wp-content/themes/stone-stomper/theme.json: Syntax error in /Users/asad-dc/Local Sites/stone-stomper/app/public/wp-includes/functions.php on line 6121
[11-Sep-2025 16:42:58 UTC] PHP Notice:  wp_json_file_decode(): Error when decoding a JSON file at path /Users/asad-dc/Local Sites/stone-stomper/app/public/wp-content/themes/stone-stomper/theme.json: Syntax error in /Users/asad-dc/Local Sites/stone-stomper/app/public/wp-includes/functions.php on line 6121
[11-Sep-2025 16:42:58 UTC] PHP Warning:  Undefined variable $whmc_svaevluft in /Users/asad-dc/Local Sites/stone-stomper/app/public/wp-content/plugins/mini-cart-for-woocommerce/inc/class-whmc_cart.php on line 205
[11-Sep-2025 16:42:58 UTC] PHP Deprecated:  html_entity_decode(): Passing null to parameter #1 ($string) of type string is deprecated in /Users/asad-dc/Local Sites/stone-stomper/app/public/wp-content/themes/stone-stomper/404.php on line 30
[11-Sep-2025 16:42:58 UTC] PHP Deprecated:  html_entity_decode(): Passing null to parameter #1 ($string) of type string is deprecated in /Users/asad-dc/Local Sites/stone-stomper/app/public/wp-content/themes/stone-stomper/404.php on line 32
[11-Sep-2025 16:42:58 UTC] PHP Warning:  Array to string conversion in /Users/asad-dc/Local Sites/stone-stomper/app/public/wp-includes/formatting.php on line 1096
[11-Sep-2025 16:42:59 UTC] PHP Notice:  wp_json_file_decode(): Error when decoding a JSON file at path /Users/asad-dc/Local Sites/stone-stomper/app/public/wp-content/themes/stone-stomper/theme.json: Syntax error in /Users/asad-dc/Local Sites/stone-stomper/app/public/wp-includes/functions.php on line 6121
[11-Sep-2025 16:42:59 UTC] PHP Notice:  wp_json_file_decode(): Error when decoding a JSON file at path /Users/asad-dc/Local Sites/stone-stomper/app/public/wp-content/themes/stone-stomper/theme.json: Syntax error in /Users/asad-dc/Local Sites/stone-stomper/app/public/wp-includes/functions.php on line 6121
[11-Sep-2025 16:42:59 UTC] PHP Warning:  Undefined variable $whmc_svaevluft in /Users/asad-dc/Local Sites/stone-stomper/app/public/wp-content/plugins/mini-cart-for-woocommerce/inc/class-whmc_cart.php on line 205
[11-Sep-2025 16:42:59 UTC] PHP Deprecated:  html_entity_decode(): Passing null to parameter #1 ($string) of type string is deprecated in /Users/asad-dc/Local Sites/stone-stomper/app/public/wp-content/themes/stone-stomper/404.php on line 30
[11-Sep-2025 16:42:59 UTC] PHP Deprecated:  html_entity_decode(): Passing null to parameter #1 ($string) of type string is deprecated in /Users/asad-dc/Local Sites/stone-stomper/app/public/wp-content/themes/stone-stomper/404.php on line 32
[11-Sep-2025 16:42:59 UTC] PHP Warning:  Array to string conversion in /Users/asad-dc/Local Sites/stone-stomper/app/public/wp-includes/formatting.php on line 1096
[11-Sep-2025 16:43:01 UTC] PHP Notice:  wp_json_file_decode(): Error when decoding a JSON file at path /Users/asad-dc/Local Sites/stone-stomper/app/public/wp-content/themes/stone-stomper/theme.json: Syntax error in /Users/asad-dc/Local Sites/stone-stomper/app/public/wp-includes/functions.php on line 6121
[11-Sep-2025 16:43:01 UTC] PHP Notice:  wp_json_file_decode(): Error when decoding a JSON file at path /Users/asad-dc/Local Sites/stone-stomper/app/public/wp-content/themes/stone-stomper/theme.json: Syntax error in /Users/asad-dc/Local Sites/stone-stomper/app/public/wp-includes/functions.php on line 6121
[11-Sep-2025 16:43:01 UTC] PHP Warning:  Undefined variable $whmc_svaevluft in /Users/asad-dc/Local Sites/stone-stomper/app/public/wp-content/plugins/mini-cart-for-woocommerce/inc/class-whmc_cart.php on line 205
[11-Sep-2025 16:43:01 UTC] PHP Warning:  Array to string conversion in /Users/asad-dc/Local Sites/stone-stomper/app/public/wp-includes/formatting.php on line 1096
[11-Sep-2025 16:43:02 UTC] PHP Notice:  wp_json_file_decode(): Error when decoding a JSON file at path /Users/asad-dc/Local Sites/stone-stomper/app/public/wp-content/themes/stone-stomper/theme.json: Syntax error in /Users/asad-dc/Local Sites/stone-stomper/app/public/wp-includes/functions.php on line 6121
[11-Sep-2025 16:43:02 UTC] PHP Notice:  wp_json_file_decode(): Error when decoding a JSON file at path /Users/asad-dc/Local Sites/stone-stomper/app/public/wp-content/themes/stone-stomper/theme.json: Syntax error in /Users/asad-dc/Local Sites/stone-stomper/app/public/wp-includes/functions.php on line 6121
[11-Sep-2025 16:43:03 UTC] PHP Warning:  Undefined variable $whmc_svaevluft in /Users/asad-dc/Local Sites/stone-stomper/app/public/wp-content/plugins/mini-cart-for-woocommerce/inc/class-whmc_cart.php on line 205
[11-Sep-2025 16:43:03 UTC] PHP Deprecated:  html_entity_decode(): Passing null to parameter #1 ($string) of type string is deprecated in /Users/asad-dc/Local Sites/stone-stomper/app/public/wp-content/themes/stone-stomper/404.php on line 30
[11-Sep-2025 16:43:03 UTC] PHP Deprecated:  html_entity_decode(): Passing null to parameter #1 ($string) of type string is deprecated in /Users/asad-dc/Local Sites/stone-stomper/app/public/wp-content/themes/stone-stomper/404.php on line 32
[11-Sep-2025 16:43:03 UTC] PHP Warning:  Array to string conversion in /Users/asad-dc/Local Sites/stone-stomper/app/public/wp-includes/formatting.php on line 1096
[11-Sep-2025 16:43:03 UTC] PHP Notice:  wp_json_file_decode(): Error when decoding a JSON file at path /Users/asad-dc/Local Sites/stone-stomper/app/public/wp-content/themes/stone-stomper/theme.json: Syntax error in /Users/asad-dc/Local Sites/stone-stomper/app/public/wp-includes/functions.php on line 6121
[11-Sep-2025 16:43:03 UTC] PHP Notice:  wp_json_file_decode(): Error when decoding a JSON file at path /Users/asad-dc/Local Sites/stone-stomper/app/public/wp-content/themes/stone-stomper/theme.json: Syntax error in /Users/asad-dc/Local Sites/stone-stomper/app/public/wp-includes/functions.php on line 6121
[11-Sep-2025 16:43:03 UTC] PHP Warning:  Undefined variable $whmc_svaevluft in /Users/asad-dc/Local Sites/stone-stomper/app/public/wp-content/plugins/mini-cart-for-woocommerce/inc/class-whmc_cart.php on line 205
[11-Sep-2025 16:43:03 UTC] PHP Deprecated:  html_entity_decode(): Passing null to parameter #1 ($string) of type string is deprecated in /Users/asad-dc/Local Sites/stone-stomper/app/public/wp-content/themes/stone-stomper/404.php on line 30
[11-Sep-2025 16:43:03 UTC] PHP Deprecated:  html_entity_decode(): Passing null to parameter #1 ($string) of type string is deprecated in /Users/asad-dc/Local Sites/stone-stomper/app/public/wp-content/themes/stone-stomper/404.php on line 32
[11-Sep-2025 16:43:03 UTC] PHP Warning:  Array to string conversion in /Users/asad-dc/Local Sites/stone-stomper/app/public/wp-includes/formatting.php on line 1096
[11-Sep-2025 16:43:04 UTC] PHP Notice:  wp_json_file_decode(): Error when decoding a JSON file at path /Users/asad-dc/Local Sites/stone-stomper/app/public/wp-content/themes/stone-stomper/theme.json: Syntax error in /Users/asad-dc/Local Sites/stone-stomper/app/public/wp-includes/functions.php on line 6121
[11-Sep-2025 16:43:04 UTC] PHP Notice:  wp_json_file_decode(): Error when decoding a JSON file at path /Users/asad-dc/Local Sites/stone-stomper/app/public/wp-content/themes/stone-stomper/theme.json: Syntax error in /Users/asad-dc/Local Sites/stone-stomper/app/public/wp-includes/functions.php on line 6121
[11-Sep-2025 16:43:04 UTC] PHP Warning:  Undefined variable $whmc_svaevluft in /Users/asad-dc/Local Sites/stone-stomper/app/public/wp-content/plugins/mini-cart-for-woocommerce/inc/class-whmc_cart.php on line 205
[11-Sep-2025 16:43:04 UTC] PHP Deprecated:  html_entity_decode(): Passing null to parameter #1 ($string) of type string is deprecated in /Users/asad-dc/Local Sites/stone-stomper/app/public/wp-content/themes/stone-stomper/404.php on line 30
[11-Sep-2025 16:43:04 UTC] PHP Deprecated:  html_entity_decode(): Passing null to parameter #1 ($string) of type string is deprecated in /Users/asad-dc/Local Sites/stone-stomper/app/public/wp-content/themes/stone-stomper/404.php on line 32
[11-Sep-2025 16:43:04 UTC] PHP Warning:  Array to string conversion in /Users/asad-dc/Local Sites/stone-stomper/app/public/wp-includes/formatting.php on line 1096
[11-Sep-2025 16:43:08 UTC] PHP Notice:  wp_json_file_decode(): Error when decoding a JSON file at path /Users/asad-dc/Local Sites/stone-stomper/app/public/wp-content/themes/stone-stomper/theme.json: Syntax error in /Users/asad-dc/Local Sites/stone-stomper/app/public/wp-includes/functions.php on line 6121
[11-Sep-2025 16:43:08 UTC] PHP Notice:  wp_json_file_decode(): Error when decoding a JSON file at path /Users/asad-dc/Local Sites/stone-stomper/app/public/wp-content/themes/stone-stomper/theme.json: Syntax error in /Users/asad-dc/Local Sites/stone-stomper/app/public/wp-includes/functions.php on line 6121
[11-Sep-2025 16:43:08 UTC] PHP Warning:  Undefined variable $whmc_svaevluft in /Users/asad-dc/Local Sites/stone-stomper/app/public/wp-content/plugins/mini-cart-for-woocommerce/inc/class-whmc_cart.php on line 205
[11-Sep-2025 16:43:09 UTC] PHP Notice:  wp_json_file_decode(): Error when decoding a JSON file at path /Users/asad-dc/Local Sites/stone-stomper/app/public/wp-content/themes/stone-stomper/theme.json: Syntax error in /Users/asad-dc/Local Sites/stone-stomper/app/public/wp-includes/functions.php on line 6121
[11-Sep-2025 16:43:09 UTC] PHP Notice:  wp_json_file_decode(): Error when decoding a JSON file at path /Users/asad-dc/Local Sites/stone-stomper/app/public/wp-content/themes/stone-stomper/theme.json: Syntax error in /Users/asad-dc/Local Sites/stone-stomper/app/public/wp-includes/functions.php on line 6121
[11-Sep-2025 16:43:09 UTC] PHP Warning:  Undefined variable $whmc_svaevluft in /Users/asad-dc/Local Sites/stone-stomper/app/public/wp-content/plugins/mini-cart-for-woocommerce/inc/class-whmc_cart.php on line 205
[11-Sep-2025 16:43:09 UTC] PHP Deprecated:  html_entity_decode(): Passing null to parameter #1 ($string) of type string is deprecated in /Users/asad-dc/Local Sites/stone-stomper/app/public/wp-content/themes/stone-stomper/404.php on line 30
[11-Sep-2025 16:43:09 UTC] PHP Deprecated:  html_entity_decode(): Passing null to parameter #1 ($string) of type string is deprecated in /Users/asad-dc/Local Sites/stone-stomper/app/public/wp-content/themes/stone-stomper/404.php on line 32
[11-Sep-2025 16:43:10 UTC] PHP Notice:  wp_json_file_decode(): Error when decoding a JSON file at path /Users/asad-dc/Local Sites/stone-stomper/app/public/wp-content/themes/stone-stomper/theme.json: Syntax error in /Users/asad-dc/Local Sites/stone-stomper/app/public/wp-includes/functions.php on line 6121
[11-Sep-2025 16:43:10 UTC] PHP Notice:  wp_json_file_decode(): Error when decoding a JSON file at path /Users/asad-dc/Local Sites/stone-stomper/app/public/wp-content/themes/stone-stomper/theme.json: Syntax error in /Users/asad-dc/Local Sites/stone-stomper/app/public/wp-includes/functions.php on line 6121
[11-Sep-2025 16:43:10 UTC] PHP Warning:  Undefined variable $whmc_svaevluft in /Users/asad-dc/Local Sites/stone-stomper/app/public/wp-content/plugins/mini-cart-for-woocommerce/inc/class-whmc_cart.php on line 205
[11-Sep-2025 16:43:10 UTC] PHP Notice:  wp_json_file_decode(): Error when decoding a JSON file at path /Users/asad-dc/Local Sites/stone-stomper/app/public/wp-content/themes/stone-stomper/theme.json: Syntax error in /Users/asad-dc/Local Sites/stone-stomper/app/public/wp-includes/functions.php on line 6121
[11-Sep-2025 16:43:10 UTC] PHP Notice:  wp_json_file_decode(): Error when decoding a JSON file at path /Users/asad-dc/Local Sites/stone-stomper/app/public/wp-content/themes/stone-stomper/theme.json: Syntax error in /Users/asad-dc/Local Sites/stone-stomper/app/public/wp-includes/functions.php on line 6121
[11-Sep-2025 16:43:10 UTC] PHP Warning:  Undefined variable $whmc_svaevluft in /Users/asad-dc/Local Sites/stone-stomper/app/public/wp-content/plugins/mini-cart-for-woocommerce/inc/class-whmc_cart.php on line 205
[11-Sep-2025 16:43:10 UTC] PHP Deprecated:  html_entity_decode(): Passing null to parameter #1 ($string) of type string is deprecated in /Users/asad-dc/Local Sites/stone-stomper/app/public/wp-content/themes/stone-stomper/404.php on line 30
[11-Sep-2025 16:43:10 UTC] PHP Deprecated:  html_entity_decode(): Passing null to parameter #1 ($string) of type string is deprecated in /Users/asad-dc/Local Sites/stone-stomper/app/public/wp-content/themes/stone-stomper/404.php on line 32
[11-Sep-2025 16:43:52 UTC] PHP Notice:  wp_json_file_decode(): Error when decoding a JSON file at path /Users/asad-dc/Local Sites/stone-stomper/app/public/wp-content/themes/stone-stomper/theme.json: Syntax error in /Users/asad-dc/Local Sites/stone-stomper/app/public/wp-includes/functions.php on line 6121
[11-Sep-2025 16:43:52 UTC] PHP Notice:  wp_json_file_decode(): Error when decoding a JSON file at path /Users/asad-dc/Local Sites/stone-stomper/app/public/wp-content/themes/stone-stomper/theme.json: Syntax error in /Users/asad-dc/Local Sites/stone-stomper/app/public/wp-includes/functions.php on line 6121
[11-Sep-2025 16:43:52 UTC] PHP Warning:  Undefined variable $whmc_svaevluft in /Users/asad-dc/Local Sites/stone-stomper/app/public/wp-content/plugins/mini-cart-for-woocommerce/inc/class-whmc_cart.php on line 205
[11-Sep-2025 16:43:53 UTC] PHP Notice:  wp_json_file_decode(): Error when decoding a JSON file at path /Users/asad-dc/Local Sites/stone-stomper/app/public/wp-content/themes/stone-stomper/theme.json: Syntax error in /Users/asad-dc/Local Sites/stone-stomper/app/public/wp-includes/functions.php on line 6121
[11-Sep-2025 16:43:53 UTC] PHP Notice:  wp_json_file_decode(): Error when decoding a JSON file at path /Users/asad-dc/Local Sites/stone-stomper/app/public/wp-content/themes/stone-stomper/theme.json: Syntax error in /Users/asad-dc/Local Sites/stone-stomper/app/public/wp-includes/functions.php on line 6121
[11-Sep-2025 16:43:53 UTC] PHP Warning:  Undefined variable $whmc_svaevluft in /Users/asad-dc/Local Sites/stone-stomper/app/public/wp-content/plugins/mini-cart-for-woocommerce/inc/class-whmc_cart.php on line 205
[11-Sep-2025 16:43:53 UTC] PHP Notice:  wp_json_file_decode(): Error when decoding a JSON file at path /Users/asad-dc/Local Sites/stone-stomper/app/public/wp-content/themes/stone-stomper/theme.json: Syntax error in /Users/asad-dc/Local Sites/stone-stomper/app/public/wp-includes/functions.php on line 6121
[11-Sep-2025 16:43:53 UTC] PHP Deprecated:  html_entity_decode(): Passing null to parameter #1 ($string) of type string is deprecated in /Users/asad-dc/Local Sites/stone-stomper/app/public/wp-content/themes/stone-stomper/404.php on line 30
[11-Sep-2025 16:43:53 UTC] PHP Deprecated:  html_entity_decode(): Passing null to parameter #1 ($string) of type string is deprecated in /Users/asad-dc/Local Sites/stone-stomper/app/public/wp-content/themes/stone-stomper/404.php on line 32
[11-Sep-2025 16:43:53 UTC] PHP Notice:  wp_json_file_decode(): Error when decoding a JSON file at path /Users/asad-dc/Local Sites/stone-stomper/app/public/wp-content/themes/stone-stomper/theme.json: Syntax error in /Users/asad-dc/Local Sites/stone-stomper/app/public/wp-includes/functions.php on line 6121
[11-Sep-2025 16:43:53 UTC] PHP Warning:  Undefined variable $whmc_svaevluft in /Users/asad-dc/Local Sites/stone-stomper/app/public/wp-content/plugins/mini-cart-for-woocommerce/inc/class-whmc_cart.php on line 205
[11-Sep-2025 16:43:53 UTC] PHP Deprecated:  html_entity_decode(): Passing null to parameter #1 ($string) of type string is deprecated in /Users/asad-dc/Local Sites/stone-stomper/app/public/wp-content/themes/stone-stomper/404.php on line 30
[11-Sep-2025 16:43:53 UTC] PHP Deprecated:  html_entity_decode(): Passing null to parameter #1 ($string) of type string is deprecated in /Users/asad-dc/Local Sites/stone-stomper/app/public/wp-content/themes/stone-stomper/404.php on line 32
[11-Sep-2025 16:43:53 UTC] PHP Warning:  Undefined variable $child_terms in /Users/asad-dc/Local Sites/stone-stomper/app/public/wp-content/themes/stone-stomper/includes/classes/code/class-wp-theme-ajax.php on line 262
[11-Sep-2025 16:43:53 UTC] PHP Warning:  Undefined variable $year in /Users/asad-dc/Local Sites/stone-stomper/app/public/wp-content/themes/stone-stomper/includes/classes/code/class-wp-theme-ajax.php on line 265
[11-Sep-2025 16:43:54 UTC] PHP Notice:  wp_json_file_decode(): Error when decoding a JSON file at path /Users/asad-dc/Local Sites/stone-stomper/app/public/wp-content/themes/stone-stomper/theme.json: Syntax error in /Users/asad-dc/Local Sites/stone-stomper/app/public/wp-includes/functions.php on line 6121
[11-Sep-2025 16:43:54 UTC] PHP Notice:  wp_json_file_decode(): Error when decoding a JSON file at path /Users/asad-dc/Local Sites/stone-stomper/app/public/wp-content/themes/stone-stomper/theme.json: Syntax error in /Users/asad-dc/Local Sites/stone-stomper/app/public/wp-includes/functions.php on line 6121
[11-Sep-2025 16:43:54 UTC] PHP Warning:  Undefined variable $whmc_svaevluft in /Users/asad-dc/Local Sites/stone-stomper/app/public/wp-content/plugins/mini-cart-for-woocommerce/inc/class-whmc_cart.php on line 205
[11-Sep-2025 16:43:54 UTC] PHP Deprecated:  html_entity_decode(): Passing null to parameter #1 ($string) of type string is deprecated in /Users/asad-dc/Local Sites/stone-stomper/app/public/wp-content/themes/stone-stomper/404.php on line 30
[11-Sep-2025 16:43:54 UTC] PHP Deprecated:  html_entity_decode(): Passing null to parameter #1 ($string) of type string is deprecated in /Users/asad-dc/Local Sites/stone-stomper/app/public/wp-content/themes/stone-stomper/404.php on line 32
[11-Sep-2025 16:44:04 UTC] PHP Notice:  wp_json_file_decode(): Error when decoding a JSON file at path /Users/asad-dc/Local Sites/stone-stomper/app/public/wp-content/themes/stone-stomper/theme.json: Syntax error in /Users/asad-dc/Local Sites/stone-stomper/app/public/wp-includes/functions.php on line 6121
[11-Sep-2025 16:44:04 UTC] PHP Notice:  wp_json_file_decode(): Error when decoding a JSON file at path /Users/asad-dc/Local Sites/stone-stomper/app/public/wp-content/themes/stone-stomper/theme.json: Syntax error in /Users/asad-dc/Local Sites/stone-stomper/app/public/wp-includes/functions.php on line 6121
[11-Sep-2025 16:44:04 UTC] PHP Warning:  Undefined variable $whmc_svaevluft in /Users/asad-dc/Local Sites/stone-stomper/app/public/wp-content/plugins/mini-cart-for-woocommerce/inc/class-whmc_cart.php on line 205
[11-Sep-2025 16:44:05 UTC] PHP Warning:  Array to string conversion in /Users/asad-dc/Local Sites/stone-stomper/app/public/wp-includes/formatting.php on line 1096
[11-Sep-2025 16:44:05 UTC] PHP Notice:  wp_json_file_decode(): Error when decoding a JSON file at path /Users/asad-dc/Local Sites/stone-stomper/app/public/wp-content/themes/stone-stomper/theme.json: Syntax error in /Users/asad-dc/Local Sites/stone-stomper/app/public/wp-includes/functions.php on line 6121
[11-Sep-2025 16:44:05 UTC] PHP Notice:  wp_json_file_decode(): Error when decoding a JSON file at path /Users/asad-dc/Local Sites/stone-stomper/app/public/wp-content/themes/stone-stomper/theme.json: Syntax error in /Users/asad-dc/Local Sites/stone-stomper/app/public/wp-includes/functions.php on line 6121
[11-Sep-2025 16:44:05 UTC] PHP Warning:  Undefined variable $whmc_svaevluft in /Users/asad-dc/Local Sites/stone-stomper/app/public/wp-content/plugins/mini-cart-for-woocommerce/inc/class-whmc_cart.php on line 205
[11-Sep-2025 16:44:05 UTC] PHP Deprecated:  html_entity_decode(): Passing null to parameter #1 ($string) of type string is deprecated in /Users/asad-dc/Local Sites/stone-stomper/app/public/wp-content/themes/stone-stomper/404.php on line 30
[11-Sep-2025 16:44:05 UTC] PHP Deprecated:  html_entity_decode(): Passing null to parameter #1 ($string) of type string is deprecated in /Users/asad-dc/Local Sites/stone-stomper/app/public/wp-content/themes/stone-stomper/404.php on line 32
[11-Sep-2025 16:44:05 UTC] PHP Warning:  Array to string conversion in /Users/asad-dc/Local Sites/stone-stomper/app/public/wp-includes/formatting.php on line 1096
[11-Sep-2025 16:44:06 UTC] PHP Notice:  wp_json_file_decode(): Error when decoding a JSON file at path /Users/asad-dc/Local Sites/stone-stomper/app/public/wp-content/themes/stone-stomper/theme.json: Syntax error in /Users/asad-dc/Local Sites/stone-stomper/app/public/wp-includes/functions.php on line 6121
[11-Sep-2025 16:44:06 UTC] PHP Notice:  wp_json_file_decode(): Error when decoding a JSON file at path /Users/asad-dc/Local Sites/stone-stomper/app/public/wp-content/themes/stone-stomper/theme.json: Syntax error in /Users/asad-dc/Local Sites/stone-stomper/app/public/wp-includes/functions.php on line 6121
[11-Sep-2025 16:44:06 UTC] PHP Warning:  Undefined variable $whmc_svaevluft in /Users/asad-dc/Local Sites/stone-stomper/app/public/wp-content/plugins/mini-cart-for-woocommerce/inc/class-whmc_cart.php on line 205
[11-Sep-2025 16:44:06 UTC] PHP Deprecated:  html_entity_decode(): Passing null to parameter #1 ($string) of type string is deprecated in /Users/asad-dc/Local Sites/stone-stomper/app/public/wp-content/themes/stone-stomper/404.php on line 30
[11-Sep-2025 16:44:06 UTC] PHP Deprecated:  html_entity_decode(): Passing null to parameter #1 ($string) of type string is deprecated in /Users/asad-dc/Local Sites/stone-stomper/app/public/wp-content/themes/stone-stomper/404.php on line 32
[11-Sep-2025 16:44:06 UTC] PHP Warning:  Array to string conversion in /Users/asad-dc/Local Sites/stone-stomper/app/public/wp-includes/formatting.php on line 1096
[11-Sep-2025 16:44:07 UTC] PHP Notice:  wp_json_file_decode(): Error when decoding a JSON file at path /Users/asad-dc/Local Sites/stone-stomper/app/public/wp-content/themes/stone-stomper/theme.json: Syntax error in /Users/asad-dc/Local Sites/stone-stomper/app/public/wp-includes/functions.php on line 6121
[11-Sep-2025 16:44:07 UTC] PHP Notice:  wp_json_file_decode(): Error when decoding a JSON file at path /Users/asad-dc/Local Sites/stone-stomper/app/public/wp-content/themes/stone-stomper/theme.json: Syntax error in /Users/asad-dc/Local Sites/stone-stomper/app/public/wp-includes/functions.php on line 6121
[11-Sep-2025 16:44:07 UTC] PHP Warning:  Undefined variable $whmc_svaevluft in /Users/asad-dc/Local Sites/stone-stomper/app/public/wp-content/plugins/mini-cart-for-woocommerce/inc/class-whmc_cart.php on line 205
[11-Sep-2025 16:44:07 UTC] PHP Deprecated:  html_entity_decode(): Passing null to parameter #1 ($string) of type string is deprecated in /Users/asad-dc/Local Sites/stone-stomper/app/public/wp-content/themes/stone-stomper/404.php on line 30
[11-Sep-2025 16:44:07 UTC] PHP Deprecated:  html_entity_decode(): Passing null to parameter #1 ($string) of type string is deprecated in /Users/asad-dc/Local Sites/stone-stomper/app/public/wp-content/themes/stone-stomper/404.php on line 32
[11-Sep-2025 16:44:07 UTC] PHP Warning:  Array to string conversion in /Users/asad-dc/Local Sites/stone-stomper/app/public/wp-includes/formatting.php on line 1096
[11-Sep-2025 16:44:08 UTC] PHP Notice:  wp_json_file_decode(): Error when decoding a JSON file at path /Users/asad-dc/Local Sites/stone-stomper/app/public/wp-content/themes/stone-stomper/theme.json: Syntax error in /Users/asad-dc/Local Sites/stone-stomper/app/public/wp-includes/functions.php on line 6121
[11-Sep-2025 16:44:08 UTC] PHP Notice:  wp_json_file_decode(): Error when decoding a JSON file at path /Users/asad-dc/Local Sites/stone-stomper/app/public/wp-content/themes/stone-stomper/theme.json: Syntax error in /Users/asad-dc/Local Sites/stone-stomper/app/public/wp-includes/functions.php on line 6121
[11-Sep-2025 16:44:08 UTC] PHP Warning:  Undefined variable $whmc_svaevluft in /Users/asad-dc/Local Sites/stone-stomper/app/public/wp-content/plugins/mini-cart-for-woocommerce/inc/class-whmc_cart.php on line 205
[11-Sep-2025 16:44:08 UTC] PHP Warning:  Array to string conversion in /Users/asad-dc/Local Sites/stone-stomper/app/public/wp-includes/formatting.php on line 1096
[11-Sep-2025 16:44:09 UTC] PHP Notice:  wp_json_file_decode(): Error when decoding a JSON file at path /Users/asad-dc/Local Sites/stone-stomper/app/public/wp-content/themes/stone-stomper/theme.json: Syntax error in /Users/asad-dc/Local Sites/stone-stomper/app/public/wp-includes/functions.php on line 6121
[11-Sep-2025 16:44:09 UTC] PHP Notice:  wp_json_file_decode(): Error when decoding a JSON file at path /Users/asad-dc/Local Sites/stone-stomper/app/public/wp-content/themes/stone-stomper/theme.json: Syntax error in /Users/asad-dc/Local Sites/stone-stomper/app/public/wp-includes/functions.php on line 6121
[11-Sep-2025 16:44:09 UTC] PHP Warning:  Undefined variable $whmc_svaevluft in /Users/asad-dc/Local Sites/stone-stomper/app/public/wp-content/plugins/mini-cart-for-woocommerce/inc/class-whmc_cart.php on line 205
[11-Sep-2025 16:44:09 UTC] PHP Deprecated:  html_entity_decode(): Passing null to parameter #1 ($string) of type string is deprecated in /Users/asad-dc/Local Sites/stone-stomper/app/public/wp-content/themes/stone-stomper/404.php on line 30
[11-Sep-2025 16:44:09 UTC] PHP Deprecated:  html_entity_decode(): Passing null to parameter #1 ($string) of type string is deprecated in /Users/asad-dc/Local Sites/stone-stomper/app/public/wp-content/themes/stone-stomper/404.php on line 32
[11-Sep-2025 16:44:09 UTC] PHP Warning:  Array to string conversion in /Users/asad-dc/Local Sites/stone-stomper/app/public/wp-includes/formatting.php on line 1096
[11-Sep-2025 16:44:09 UTC] PHP Notice:  wp_json_file_decode(): Error when decoding a JSON file at path /Users/asad-dc/Local Sites/stone-stomper/app/public/wp-content/themes/stone-stomper/theme.json: Syntax error in /Users/asad-dc/Local Sites/stone-stomper/app/public/wp-includes/functions.php on line 6121
[11-Sep-2025 16:44:09 UTC] PHP Notice:  wp_json_file_decode(): Error when decoding a JSON file at path /Users/asad-dc/Local Sites/stone-stomper/app/public/wp-content/themes/stone-stomper/theme.json: Syntax error in /Users/asad-dc/Local Sites/stone-stomper/app/public/wp-includes/functions.php on line 6121
[11-Sep-2025 16:44:09 UTC] PHP Warning:  Undefined variable $whmc_svaevluft in /Users/asad-dc/Local Sites/stone-stomper/app/public/wp-content/plugins/mini-cart-for-woocommerce/inc/class-whmc_cart.php on line 205
[11-Sep-2025 16:44:09 UTC] PHP Deprecated:  html_entity_decode(): Passing null to parameter #1 ($string) of type string is deprecated in /Users/asad-dc/Local Sites/stone-stomper/app/public/wp-content/themes/stone-stomper/404.php on line 30
[11-Sep-2025 16:44:09 UTC] PHP Deprecated:  html_entity_decode(): Passing null to parameter #1 ($string) of type string is deprecated in /Users/asad-dc/Local Sites/stone-stomper/app/public/wp-content/themes/stone-stomper/404.php on line 32
[11-Sep-2025 16:44:09 UTC] PHP Warning:  Array to string conversion in /Users/asad-dc/Local Sites/stone-stomper/app/public/wp-includes/formatting.php on line 1096
[11-Sep-2025 16:44:11 UTC] PHP Notice:  wp_json_file_decode(): Error when decoding a JSON file at path /Users/asad-dc/Local Sites/stone-stomper/app/public/wp-content/themes/stone-stomper/theme.json: Syntax error in /Users/asad-dc/Local Sites/stone-stomper/app/public/wp-includes/functions.php on line 6121
[11-Sep-2025 16:44:11 UTC] PHP Notice:  wp_json_file_decode(): Error when decoding a JSON file at path /Users/asad-dc/Local Sites/stone-stomper/app/public/wp-content/themes/stone-stomper/theme.json: Syntax error in /Users/asad-dc/Local Sites/stone-stomper/app/public/wp-includes/functions.php on line 6121
[11-Sep-2025 16:44:11 UTC] PHP Warning:  Undefined variable $whmc_svaevluft in /Users/asad-dc/Local Sites/stone-stomper/app/public/wp-content/plugins/mini-cart-for-woocommerce/inc/class-whmc_cart.php on line 205
[11-Sep-2025 16:44:11 UTC] PHP Deprecated:  html_entity_decode(): Passing null to parameter #1 ($string) of type string is deprecated in /Users/asad-dc/Local Sites/stone-stomper/app/public/wp-content/themes/stone-stomper/404.php on line 30
[11-Sep-2025 16:44:11 UTC] PHP Deprecated:  html_entity_decode(): Passing null to parameter #1 ($string) of type string is deprecated in /Users/asad-dc/Local Sites/stone-stomper/app/public/wp-content/themes/stone-stomper/404.php on line 32
[11-Sep-2025 16:44:11 UTC] PHP Warning:  Array to string conversion in /Users/asad-dc/Local Sites/stone-stomper/app/public/wp-includes/formatting.php on line 1096
[11-Sep-2025 16:44:15 UTC] PHP Notice:  wp_json_file_decode(): Error when decoding a JSON file at path /Users/asad-dc/Local Sites/stone-stomper/app/public/wp-content/themes/stone-stomper/theme.json: Syntax error in /Users/asad-dc/Local Sites/stone-stomper/app/public/wp-includes/functions.php on line 6121
[11-Sep-2025 16:44:15 UTC] PHP Notice:  wp_json_file_decode(): Error when decoding a JSON file at path /Users/asad-dc/Local Sites/stone-stomper/app/public/wp-content/themes/stone-stomper/theme.json: Syntax error in /Users/asad-dc/Local Sites/stone-stomper/app/public/wp-includes/functions.php on line 6121
[11-Sep-2025 16:44:15 UTC] PHP Warning:  Undefined variable $whmc_svaevluft in /Users/asad-dc/Local Sites/stone-stomper/app/public/wp-content/plugins/mini-cart-for-woocommerce/inc/class-whmc_cart.php on line 205
[11-Sep-2025 16:44:15 UTC] PHP Notice:  wp_json_file_decode(): Error when decoding a JSON file at path /Users/asad-dc/Local Sites/stone-stomper/app/public/wp-content/themes/stone-stomper/theme.json: Syntax error in /Users/asad-dc/Local Sites/stone-stomper/app/public/wp-includes/functions.php on line 6121
[11-Sep-2025 16:44:15 UTC] PHP Notice:  wp_json_file_decode(): Error when decoding a JSON file at path /Users/asad-dc/Local Sites/stone-stomper/app/public/wp-content/themes/stone-stomper/theme.json: Syntax error in /Users/asad-dc/Local Sites/stone-stomper/app/public/wp-includes/functions.php on line 6121
[11-Sep-2025 16:44:16 UTC] PHP Warning:  Undefined variable $whmc_svaevluft in /Users/asad-dc/Local Sites/stone-stomper/app/public/wp-content/plugins/mini-cart-for-woocommerce/inc/class-whmc_cart.php on line 205
[11-Sep-2025 16:44:16 UTC] PHP Deprecated:  html_entity_decode(): Passing null to parameter #1 ($string) of type string is deprecated in /Users/asad-dc/Local Sites/stone-stomper/app/public/wp-content/themes/stone-stomper/404.php on line 30
[11-Sep-2025 16:44:16 UTC] PHP Deprecated:  html_entity_decode(): Passing null to parameter #1 ($string) of type string is deprecated in /Users/asad-dc/Local Sites/stone-stomper/app/public/wp-content/themes/stone-stomper/404.php on line 32
[11-Sep-2025 16:44:16 UTC] PHP Notice:  wp_json_file_decode(): Error when decoding a JSON file at path /Users/asad-dc/Local Sites/stone-stomper/app/public/wp-content/themes/stone-stomper/theme.json: Syntax error in /Users/asad-dc/Local Sites/stone-stomper/app/public/wp-includes/functions.php on line 6121
[11-Sep-2025 16:44:16 UTC] PHP Notice:  wp_json_file_decode(): Error when decoding a JSON file at path /Users/asad-dc/Local Sites/stone-stomper/app/public/wp-content/themes/stone-stomper/theme.json: Syntax error in /Users/asad-dc/Local Sites/stone-stomper/app/public/wp-includes/functions.php on line 6121
[11-Sep-2025 16:44:16 UTC] PHP Warning:  Undefined variable $whmc_svaevluft in /Users/asad-dc/Local Sites/stone-stomper/app/public/wp-content/plugins/mini-cart-for-woocommerce/inc/class-whmc_cart.php on line 205
[11-Sep-2025 16:44:17 UTC] PHP Notice:  wp_json_file_decode(): Error when decoding a JSON file at path /Users/asad-dc/Local Sites/stone-stomper/app/public/wp-content/themes/stone-stomper/theme.json: Syntax error in /Users/asad-dc/Local Sites/stone-stomper/app/public/wp-includes/functions.php on line 6121
[11-Sep-2025 16:44:17 UTC] PHP Notice:  wp_json_file_decode(): Error when decoding a JSON file at path /Users/asad-dc/Local Sites/stone-stomper/app/public/wp-content/themes/stone-stomper/theme.json: Syntax error in /Users/asad-dc/Local Sites/stone-stomper/app/public/wp-includes/functions.php on line 6121
[11-Sep-2025 16:44:17 UTC] PHP Warning:  Undefined variable $whmc_svaevluft in /Users/asad-dc/Local Sites/stone-stomper/app/public/wp-content/plugins/mini-cart-for-woocommerce/inc/class-whmc_cart.php on line 205
[11-Sep-2025 16:44:17 UTC] PHP Deprecated:  html_entity_decode(): Passing null to parameter #1 ($string) of type string is deprecated in /Users/asad-dc/Local Sites/stone-stomper/app/public/wp-content/themes/stone-stomper/404.php on line 30
[11-Sep-2025 16:44:17 UTC] PHP Deprecated:  html_entity_decode(): Passing null to parameter #1 ($string) of type string is deprecated in /Users/asad-dc/Local Sites/stone-stomper/app/public/wp-content/themes/stone-stomper/404.php on line 32
[11-Sep-2025 16:44:22 UTC] PHP Notice:  wp_json_file_decode(): Error when decoding a JSON file at path /Users/asad-dc/Local Sites/stone-stomper/app/public/wp-content/themes/stone-stomper/theme.json: Syntax error in /Users/asad-dc/Local Sites/stone-stomper/app/public/wp-includes/functions.php on line 6121
[11-Sep-2025 16:44:22 UTC] PHP Notice:  wp_json_file_decode(): Error when decoding a JSON file at path /Users/asad-dc/Local Sites/stone-stomper/app/public/wp-content/themes/stone-stomper/theme.json: Syntax error in /Users/asad-dc/Local Sites/stone-stomper/app/public/wp-includes/functions.php on line 6121
[11-Sep-2025 16:44:22 UTC] PHP Warning:  Undefined variable $whmc_svaevluft in /Users/asad-dc/Local Sites/stone-stomper/app/public/wp-content/plugins/mini-cart-for-woocommerce/inc/class-whmc_cart.php on line 205
[11-Sep-2025 16:44:23 UTC] PHP Notice:  wp_json_file_decode(): Error when decoding a JSON file at path /Users/asad-dc/Local Sites/stone-stomper/app/public/wp-content/themes/stone-stomper/theme.json: Syntax error in /Users/asad-dc/Local Sites/stone-stomper/app/public/wp-includes/functions.php on line 6121
[11-Sep-2025 16:44:23 UTC] PHP Notice:  wp_json_file_decode(): Error when decoding a JSON file at path /Users/asad-dc/Local Sites/stone-stomper/app/public/wp-content/themes/stone-stomper/theme.json: Syntax error in /Users/asad-dc/Local Sites/stone-stomper/app/public/wp-includes/functions.php on line 6121
[11-Sep-2025 16:44:23 UTC] PHP Warning:  Undefined variable $whmc_svaevluft in /Users/asad-dc/Local Sites/stone-stomper/app/public/wp-content/plugins/mini-cart-for-woocommerce/inc/class-whmc_cart.php on line 205
[11-Sep-2025 16:44:23 UTC] PHP Deprecated:  html_entity_decode(): Passing null to parameter #1 ($string) of type string is deprecated in /Users/asad-dc/Local Sites/stone-stomper/app/public/wp-content/themes/stone-stomper/404.php on line 30
[11-Sep-2025 16:44:23 UTC] PHP Deprecated:  html_entity_decode(): Passing null to parameter #1 ($string) of type string is deprecated in /Users/asad-dc/Local Sites/stone-stomper/app/public/wp-content/themes/stone-stomper/404.php on line 32
[11-Sep-2025 16:44:23 UTC] PHP Notice:  wp_json_file_decode(): Error when decoding a JSON file at path /Users/asad-dc/Local Sites/stone-stomper/app/public/wp-content/themes/stone-stomper/theme.json: Syntax error in /Users/asad-dc/Local Sites/stone-stomper/app/public/wp-includes/functions.php on line 6121
[11-Sep-2025 16:44:23 UTC] PHP Notice:  wp_json_file_decode(): Error when decoding a JSON file at path /Users/asad-dc/Local Sites/stone-stomper/app/public/wp-content/themes/stone-stomper/theme.json: Syntax error in /Users/asad-dc/Local Sites/stone-stomper/app/public/wp-includes/functions.php on line 6121
[11-Sep-2025 16:44:23 UTC] PHP Warning:  Undefined variable $whmc_svaevluft in /Users/asad-dc/Local Sites/stone-stomper/app/public/wp-content/plugins/mini-cart-for-woocommerce/inc/class-whmc_cart.php on line 205
[11-Sep-2025 16:44:23 UTC] PHP Deprecated:  html_entity_decode(): Passing null to parameter #1 ($string) of type string is deprecated in /Users/asad-dc/Local Sites/stone-stomper/app/public/wp-content/themes/stone-stomper/404.php on line 30
[11-Sep-2025 16:44:23 UTC] PHP Deprecated:  html_entity_decode(): Passing null to parameter #1 ($string) of type string is deprecated in /Users/asad-dc/Local Sites/stone-stomper/app/public/wp-content/themes/stone-stomper/404.php on line 32
[11-Sep-2025 16:44:24 UTC] PHP Notice:  wp_json_file_decode(): Error when decoding a JSON file at path /Users/asad-dc/Local Sites/stone-stomper/app/public/wp-content/themes/stone-stomper/theme.json: Syntax error in /Users/asad-dc/Local Sites/stone-stomper/app/public/wp-includes/functions.php on line 6121
[11-Sep-2025 16:44:24 UTC] PHP Notice:  wp_json_file_decode(): Error when decoding a JSON file at path /Users/asad-dc/Local Sites/stone-stomper/app/public/wp-content/themes/stone-stomper/theme.json: Syntax error in /Users/asad-dc/Local Sites/stone-stomper/app/public/wp-includes/functions.php on line 6121
[11-Sep-2025 16:44:24 UTC] PHP Warning:  Undefined variable $whmc_svaevluft in /Users/asad-dc/Local Sites/stone-stomper/app/public/wp-content/plugins/mini-cart-for-woocommerce/inc/class-whmc_cart.php on line 205
[11-Sep-2025 16:44:24 UTC] PHP Deprecated:  html_entity_decode(): Passing null to parameter #1 ($string) of type string is deprecated in /Users/asad-dc/Local Sites/stone-stomper/app/public/wp-content/themes/stone-stomper/404.php on line 30
[11-Sep-2025 16:44:24 UTC] PHP Deprecated:  html_entity_decode(): Passing null to parameter #1 ($string) of type string is deprecated in /Users/asad-dc/Local Sites/stone-stomper/app/public/wp-content/themes/stone-stomper/404.php on line 32
[11-Sep-2025 16:44:27 UTC] PHP Notice:  wp_json_file_decode(): Error when decoding a JSON file at path /Users/asad-dc/Local Sites/stone-stomper/app/public/wp-content/themes/stone-stomper/theme.json: Syntax error in /Users/asad-dc/Local Sites/stone-stomper/app/public/wp-includes/functions.php on line 6121
[11-Sep-2025 16:44:27 UTC] PHP Notice:  wp_json_file_decode(): Error when decoding a JSON file at path /Users/asad-dc/Local Sites/stone-stomper/app/public/wp-content/themes/stone-stomper/theme.json: Syntax error in /Users/asad-dc/Local Sites/stone-stomper/app/public/wp-includes/functions.php on line 6121
[11-Sep-2025 16:44:27 UTC] PHP Warning:  Undefined variable $whmc_svaevluft in /Users/asad-dc/Local Sites/stone-stomper/app/public/wp-content/plugins/mini-cart-for-woocommerce/inc/class-whmc_cart.php on line 205
[11-Sep-2025 16:44:27 UTC] PHP Warning:  Array to string conversion in /Users/asad-dc/Local Sites/stone-stomper/app/public/wp-includes/formatting.php on line 1096
[11-Sep-2025 16:44:27 UTC] PHP Notice:  wp_json_file_decode(): Error when decoding a JSON file at path /Users/asad-dc/Local Sites/stone-stomper/app/public/wp-content/themes/stone-stomper/theme.json: Syntax error in /Users/asad-dc/Local Sites/stone-stomper/app/public/wp-includes/functions.php on line 6121
[11-Sep-2025 16:44:27 UTC] PHP Notice:  wp_json_file_decode(): Error when decoding a JSON file at path /Users/asad-dc/Local Sites/stone-stomper/app/public/wp-content/themes/stone-stomper/theme.json: Syntax error in /Users/asad-dc/Local Sites/stone-stomper/app/public/wp-includes/functions.php on line 6121
[11-Sep-2025 16:44:27 UTC] PHP Warning:  Undefined variable $whmc_svaevluft in /Users/asad-dc/Local Sites/stone-stomper/app/public/wp-content/plugins/mini-cart-for-woocommerce/inc/class-whmc_cart.php on line 205
[11-Sep-2025 16:44:27 UTC] PHP Deprecated:  html_entity_decode(): Passing null to parameter #1 ($string) of type string is deprecated in /Users/asad-dc/Local Sites/stone-stomper/app/public/wp-content/themes/stone-stomper/404.php on line 30
[11-Sep-2025 16:44:27 UTC] PHP Deprecated:  html_entity_decode(): Passing null to parameter #1 ($string) of type string is deprecated in /Users/asad-dc/Local Sites/stone-stomper/app/public/wp-content/themes/stone-stomper/404.php on line 32
[11-Sep-2025 16:44:27 UTC] PHP Warning:  Array to string conversion in /Users/asad-dc/Local Sites/stone-stomper/app/public/wp-includes/formatting.php on line 1096
[11-Sep-2025 16:44:28 UTC] PHP Notice:  wp_json_file_decode(): Error when decoding a JSON file at path /Users/asad-dc/Local Sites/stone-stomper/app/public/wp-content/themes/stone-stomper/theme.json: Syntax error in /Users/asad-dc/Local Sites/stone-stomper/app/public/wp-includes/functions.php on line 6121
[11-Sep-2025 16:44:28 UTC] PHP Notice:  wp_json_file_decode(): Error when decoding a JSON file at path /Users/asad-dc/Local Sites/stone-stomper/app/public/wp-content/themes/stone-stomper/theme.json: Syntax error in /Users/asad-dc/Local Sites/stone-stomper/app/public/wp-includes/functions.php on line 6121
[11-Sep-2025 16:44:28 UTC] PHP Warning:  Undefined variable $whmc_svaevluft in /Users/asad-dc/Local Sites/stone-stomper/app/public/wp-content/plugins/mini-cart-for-woocommerce/inc/class-whmc_cart.php on line 205
[11-Sep-2025 16:44:28 UTC] PHP Warning:  Array to string conversion in /Users/asad-dc/Local Sites/stone-stomper/app/public/wp-includes/formatting.php on line 1096
[11-Sep-2025 16:44:29 UTC] PHP Notice:  wp_json_file_decode(): Error when decoding a JSON file at path /Users/asad-dc/Local Sites/stone-stomper/app/public/wp-content/themes/stone-stomper/theme.json: Syntax error in /Users/asad-dc/Local Sites/stone-stomper/app/public/wp-includes/functions.php on line 6121
[11-Sep-2025 16:44:29 UTC] PHP Notice:  wp_json_file_decode(): Error when decoding a JSON file at path /Users/asad-dc/Local Sites/stone-stomper/app/public/wp-content/themes/stone-stomper/theme.json: Syntax error in /Users/asad-dc/Local Sites/stone-stomper/app/public/wp-includes/functions.php on line 6121
[11-Sep-2025 16:44:29 UTC] PHP Warning:  Undefined variable $whmc_svaevluft in /Users/asad-dc/Local Sites/stone-stomper/app/public/wp-content/plugins/mini-cart-for-woocommerce/inc/class-whmc_cart.php on line 205
[11-Sep-2025 16:44:29 UTC] PHP Deprecated:  html_entity_decode(): Passing null to parameter #1 ($string) of type string is deprecated in /Users/asad-dc/Local Sites/stone-stomper/app/public/wp-content/themes/stone-stomper/404.php on line 30
[11-Sep-2025 16:44:29 UTC] PHP Deprecated:  html_entity_decode(): Passing null to parameter #1 ($string) of type string is deprecated in /Users/asad-dc/Local Sites/stone-stomper/app/public/wp-content/themes/stone-stomper/404.php on line 32
[11-Sep-2025 16:44:29 UTC] PHP Notice:  wp_json_file_decode(): Error when decoding a JSON file at path /Users/asad-dc/Local Sites/stone-stomper/app/public/wp-content/themes/stone-stomper/theme.json: Syntax error in /Users/asad-dc/Local Sites/stone-stomper/app/public/wp-includes/functions.php on line 6121
[11-Sep-2025 16:44:29 UTC] PHP Notice:  wp_json_file_decode(): Error when decoding a JSON file at path /Users/asad-dc/Local Sites/stone-stomper/app/public/wp-content/themes/stone-stomper/theme.json: Syntax error in /Users/asad-dc/Local Sites/stone-stomper/app/public/wp-includes/functions.php on line 6121
[11-Sep-2025 16:44:29 UTC] PHP Warning:  Array to string conversion in /Users/asad-dc/Local Sites/stone-stomper/app/public/wp-includes/formatting.php on line 1096
[11-Sep-2025 16:44:29 UTC] PHP Warning:  Undefined variable $whmc_svaevluft in /Users/asad-dc/Local Sites/stone-stomper/app/public/wp-content/plugins/mini-cart-for-woocommerce/inc/class-whmc_cart.php on line 205
[11-Sep-2025 16:44:29 UTC] PHP Deprecated:  html_entity_decode(): Passing null to parameter #1 ($string) of type string is deprecated in /Users/asad-dc/Local Sites/stone-stomper/app/public/wp-content/themes/stone-stomper/404.php on line 30
[11-Sep-2025 16:44:29 UTC] PHP Deprecated:  html_entity_decode(): Passing null to parameter #1 ($string) of type string is deprecated in /Users/asad-dc/Local Sites/stone-stomper/app/public/wp-content/themes/stone-stomper/404.php on line 32
[11-Sep-2025 16:44:29 UTC] PHP Warning:  Array to string conversion in /Users/asad-dc/Local Sites/stone-stomper/app/public/wp-includes/formatting.php on line 1096
[11-Sep-2025 16:44:30 UTC] PHP Notice:  wp_json_file_decode(): Error when decoding a JSON file at path /Users/asad-dc/Local Sites/stone-stomper/app/public/wp-content/themes/stone-stomper/theme.json: Syntax error in /Users/asad-dc/Local Sites/stone-stomper/app/public/wp-includes/functions.php on line 6121
[11-Sep-2025 16:44:30 UTC] PHP Notice:  wp_json_file_decode(): Error when decoding a JSON file at path /Users/asad-dc/Local Sites/stone-stomper/app/public/wp-content/themes/stone-stomper/theme.json: Syntax error in /Users/asad-dc/Local Sites/stone-stomper/app/public/wp-includes/functions.php on line 6121
[11-Sep-2025 16:44:30 UTC] PHP Warning:  Undefined variable $whmc_svaevluft in /Users/asad-dc/Local Sites/stone-stomper/app/public/wp-content/plugins/mini-cart-for-woocommerce/inc/class-whmc_cart.php on line 205
[11-Sep-2025 16:44:30 UTC] PHP Deprecated:  html_entity_decode(): Passing null to parameter #1 ($string) of type string is deprecated in /Users/asad-dc/Local Sites/stone-stomper/app/public/wp-content/themes/stone-stomper/404.php on line 30
[11-Sep-2025 16:44:30 UTC] PHP Deprecated:  html_entity_decode(): Passing null to parameter #1 ($string) of type string is deprecated in /Users/asad-dc/Local Sites/stone-stomper/app/public/wp-content/themes/stone-stomper/404.php on line 32
[11-Sep-2025 16:44:30 UTC] PHP Warning:  Array to string conversion in /Users/asad-dc/Local Sites/stone-stomper/app/public/wp-includes/formatting.php on line 1096
[11-Sep-2025 16:44:31 UTC] PHP Notice:  wp_json_file_decode(): Error when decoding a JSON file at path /Users/asad-dc/Local Sites/stone-stomper/app/public/wp-content/themes/stone-stomper/theme.json: Syntax error in /Users/asad-dc/Local Sites/stone-stomper/app/public/wp-includes/functions.php on line 6121
[11-Sep-2025 16:44:31 UTC] PHP Notice:  wp_json_file_decode(): Error when decoding a JSON file at path /Users/asad-dc/Local Sites/stone-stomper/app/public/wp-content/themes/stone-stomper/theme.json: Syntax error in /Users/asad-dc/Local Sites/stone-stomper/app/public/wp-includes/functions.php on line 6121
[11-Sep-2025 16:44:31 UTC] PHP Warning:  Undefined variable $whmc_svaevluft in /Users/asad-dc/Local Sites/stone-stomper/app/public/wp-content/plugins/mini-cart-for-woocommerce/inc/class-whmc_cart.php on line 205
[11-Sep-2025 16:44:32 UTC] PHP Warning:  Array to string conversion in /Users/asad-dc/Local Sites/stone-stomper/app/public/wp-includes/formatting.php on line 1096
[11-Sep-2025 16:44:32 UTC] PHP Notice:  wp_json_file_decode(): Error when decoding a JSON file at path /Users/asad-dc/Local Sites/stone-stomper/app/public/wp-content/themes/stone-stomper/theme.json: Syntax error in /Users/asad-dc/Local Sites/stone-stomper/app/public/wp-includes/functions.php on line 6121
[11-Sep-2025 16:44:32 UTC] PHP Notice:  wp_json_file_decode(): Error when decoding a JSON file at path /Users/asad-dc/Local Sites/stone-stomper/app/public/wp-content/themes/stone-stomper/theme.json: Syntax error in /Users/asad-dc/Local Sites/stone-stomper/app/public/wp-includes/functions.php on line 6121
[11-Sep-2025 16:44:32 UTC] PHP Warning:  Undefined variable $whmc_svaevluft in /Users/asad-dc/Local Sites/stone-stomper/app/public/wp-content/plugins/mini-cart-for-woocommerce/inc/class-whmc_cart.php on line 205
[11-Sep-2025 16:44:32 UTC] PHP Notice:  wp_json_file_decode(): Error when decoding a JSON file at path /Users/asad-dc/Local Sites/stone-stomper/app/public/wp-content/themes/stone-stomper/theme.json: Syntax error in /Users/asad-dc/Local Sites/stone-stomper/app/public/wp-includes/functions.php on line 6121
[11-Sep-2025 16:44:32 UTC] PHP Notice:  wp_json_file_decode(): Error when decoding a JSON file at path /Users/asad-dc/Local Sites/stone-stomper/app/public/wp-content/themes/stone-stomper/theme.json: Syntax error in /Users/asad-dc/Local Sites/stone-stomper/app/public/wp-includes/functions.php on line 6121
[11-Sep-2025 16:44:32 UTC] PHP Deprecated:  html_entity_decode(): Passing null to parameter #1 ($string) of type string is deprecated in /Users/asad-dc/Local Sites/stone-stomper/app/public/wp-content/themes/stone-stomper/404.php on line 30
[11-Sep-2025 16:44:32 UTC] PHP Deprecated:  html_entity_decode(): Passing null to parameter #1 ($string) of type string is deprecated in /Users/asad-dc/Local Sites/stone-stomper/app/public/wp-content/themes/stone-stomper/404.php on line 32
[11-Sep-2025 16:44:32 UTC] PHP Warning:  Array to string conversion in /Users/asad-dc/Local Sites/stone-stomper/app/public/wp-includes/formatting.php on line 1096
[11-Sep-2025 16:44:32 UTC] PHP Warning:  Undefined variable $whmc_svaevluft in /Users/asad-dc/Local Sites/stone-stomper/app/public/wp-content/plugins/mini-cart-for-woocommerce/inc/class-whmc_cart.php on line 205
[11-Sep-2025 16:44:32 UTC] PHP Deprecated:  html_entity_decode(): Passing null to parameter #1 ($string) of type string is deprecated in /Users/asad-dc/Local Sites/stone-stomper/app/public/wp-content/themes/stone-stomper/404.php on line 30
[11-Sep-2025 16:44:32 UTC] PHP Deprecated:  html_entity_decode(): Passing null to parameter #1 ($string) of type string is deprecated in /Users/asad-dc/Local Sites/stone-stomper/app/public/wp-content/themes/stone-stomper/404.php on line 32
[11-Sep-2025 16:44:33 UTC] PHP Warning:  Array to string conversion in /Users/asad-dc/Local Sites/stone-stomper/app/public/wp-includes/formatting.php on line 1096
[11-Sep-2025 16:44:34 UTC] PHP Notice:  wp_json_file_decode(): Error when decoding a JSON file at path /Users/asad-dc/Local Sites/stone-stomper/app/public/wp-content/themes/stone-stomper/theme.json: Syntax error in /Users/asad-dc/Local Sites/stone-stomper/app/public/wp-includes/functions.php on line 6121
[11-Sep-2025 16:44:34 UTC] PHP Notice:  wp_json_file_decode(): Error when decoding a JSON file at path /Users/asad-dc/Local Sites/stone-stomper/app/public/wp-content/themes/stone-stomper/theme.json: Syntax error in /Users/asad-dc/Local Sites/stone-stomper/app/public/wp-includes/functions.php on line 6121
[11-Sep-2025 16:44:34 UTC] PHP Warning:  Undefined variable $whmc_svaevluft in /Users/asad-dc/Local Sites/stone-stomper/app/public/wp-content/plugins/mini-cart-for-woocommerce/inc/class-whmc_cart.php on line 205
[11-Sep-2025 16:44:34 UTC] PHP Deprecated:  html_entity_decode(): Passing null to parameter #1 ($string) of type string is deprecated in /Users/asad-dc/Local Sites/stone-stomper/app/public/wp-content/themes/stone-stomper/404.php on line 30
[11-Sep-2025 16:44:34 UTC] PHP Deprecated:  html_entity_decode(): Passing null to parameter #1 ($string) of type string is deprecated in /Users/asad-dc/Local Sites/stone-stomper/app/public/wp-content/themes/stone-stomper/404.php on line 32
[11-Sep-2025 16:44:34 UTC] PHP Warning:  Array to string conversion in /Users/asad-dc/Local Sites/stone-stomper/app/public/wp-includes/formatting.php on line 1096
[11-Sep-2025 16:44:38 UTC] PHP Notice:  wp_json_file_decode(): Error when decoding a JSON file at path /Users/asad-dc/Local Sites/stone-stomper/app/public/wp-content/themes/stone-stomper/theme.json: Syntax error in /Users/asad-dc/Local Sites/stone-stomper/app/public/wp-includes/functions.php on line 6121
[11-Sep-2025 16:44:38 UTC] PHP Notice:  wp_json_file_decode(): Error when decoding a JSON file at path /Users/asad-dc/Local Sites/stone-stomper/app/public/wp-content/themes/stone-stomper/theme.json: Syntax error in /Users/asad-dc/Local Sites/stone-stomper/app/public/wp-includes/functions.php on line 6121
[11-Sep-2025 16:44:38 UTC] PHP Warning:  Undefined variable $whmc_svaevluft in /Users/asad-dc/Local Sites/stone-stomper/app/public/wp-content/plugins/mini-cart-for-woocommerce/inc/class-whmc_cart.php on line 205
[11-Sep-2025 16:44:39 UTC] PHP Notice:  wp_json_file_decode(): Error when decoding a JSON file at path /Users/asad-dc/Local Sites/stone-stomper/app/public/wp-content/themes/stone-stomper/theme.json: Syntax error in /Users/asad-dc/Local Sites/stone-stomper/app/public/wp-includes/functions.php on line 6121
[11-Sep-2025 16:44:39 UTC] PHP Notice:  wp_json_file_decode(): Error when decoding a JSON file at path /Users/asad-dc/Local Sites/stone-stomper/app/public/wp-content/themes/stone-stomper/theme.json: Syntax error in /Users/asad-dc/Local Sites/stone-stomper/app/public/wp-includes/functions.php on line 6121
[11-Sep-2025 16:44:39 UTC] PHP Warning:  Undefined variable $whmc_svaevluft in /Users/asad-dc/Local Sites/stone-stomper/app/public/wp-content/plugins/mini-cart-for-woocommerce/inc/class-whmc_cart.php on line 205
[11-Sep-2025 16:44:39 UTC] PHP Deprecated:  html_entity_decode(): Passing null to parameter #1 ($string) of type string is deprecated in /Users/asad-dc/Local Sites/stone-stomper/app/public/wp-content/themes/stone-stomper/404.php on line 30
[11-Sep-2025 16:44:39 UTC] PHP Deprecated:  html_entity_decode(): Passing null to parameter #1 ($string) of type string is deprecated in /Users/asad-dc/Local Sites/stone-stomper/app/public/wp-content/themes/stone-stomper/404.php on line 32
[11-Sep-2025 16:44:40 UTC] PHP Notice:  wp_json_file_decode(): Error when decoding a JSON file at path /Users/asad-dc/Local Sites/stone-stomper/app/public/wp-content/themes/stone-stomper/theme.json: Syntax error in /Users/asad-dc/Local Sites/stone-stomper/app/public/wp-includes/functions.php on line 6121
[11-Sep-2025 16:44:40 UTC] PHP Notice:  wp_json_file_decode(): Error when decoding a JSON file at path /Users/asad-dc/Local Sites/stone-stomper/app/public/wp-content/themes/stone-stomper/theme.json: Syntax error in /Users/asad-dc/Local Sites/stone-stomper/app/public/wp-includes/functions.php on line 6121
[11-Sep-2025 16:44:40 UTC] PHP Warning:  Undefined variable $whmc_svaevluft in /Users/asad-dc/Local Sites/stone-stomper/app/public/wp-content/plugins/mini-cart-for-woocommerce/inc/class-whmc_cart.php on line 205
[11-Sep-2025 16:44:40 UTC] PHP Notice:  wp_json_file_decode(): Error when decoding a JSON file at path /Users/asad-dc/Local Sites/stone-stomper/app/public/wp-content/themes/stone-stomper/theme.json: Syntax error in /Users/asad-dc/Local Sites/stone-stomper/app/public/wp-includes/functions.php on line 6121
[11-Sep-2025 16:44:40 UTC] PHP Notice:  wp_json_file_decode(): Error when decoding a JSON file at path /Users/asad-dc/Local Sites/stone-stomper/app/public/wp-content/themes/stone-stomper/theme.json: Syntax error in /Users/asad-dc/Local Sites/stone-stomper/app/public/wp-includes/functions.php on line 6121
[11-Sep-2025 16:44:40 UTC] PHP Warning:  Undefined variable $whmc_svaevluft in /Users/asad-dc/Local Sites/stone-stomper/app/public/wp-content/plugins/mini-cart-for-woocommerce/inc/class-whmc_cart.php on line 205
[11-Sep-2025 16:44:40 UTC] PHP Deprecated:  html_entity_decode(): Passing null to parameter #1 ($string) of type string is deprecated in /Users/asad-dc/Local Sites/stone-stomper/app/public/wp-content/themes/stone-stomper/404.php on line 30
[11-Sep-2025 16:44:40 UTC] PHP Deprecated:  html_entity_decode(): Passing null to parameter #1 ($string) of type string is deprecated in /Users/asad-dc/Local Sites/stone-stomper/app/public/wp-content/themes/stone-stomper/404.php on line 32
[11-Sep-2025 16:45:22 UTC] PHP Notice:  wp_json_file_decode(): Error when decoding a JSON file at path /Users/asad-dc/Local Sites/stone-stomper/app/public/wp-content/themes/stone-stomper/theme.json: Syntax error in /Users/asad-dc/Local Sites/stone-stomper/app/public/wp-includes/functions.php on line 6121
[11-Sep-2025 16:45:22 UTC] PHP Notice:  wp_json_file_decode(): Error when decoding a JSON file at path /Users/asad-dc/Local Sites/stone-stomper/app/public/wp-content/themes/stone-stomper/theme.json: Syntax error in /Users/asad-dc/Local Sites/stone-stomper/app/public/wp-includes/functions.php on line 6121
[11-Sep-2025 16:45:22 UTC] PHP Warning:  Undefined variable $whmc_svaevluft in /Users/asad-dc/Local Sites/stone-stomper/app/public/wp-content/plugins/mini-cart-for-woocommerce/inc/class-whmc_cart.php on line 205
[11-Sep-2025 16:45:22 UTC] PHP Notice:  wp_json_file_decode(): Error when decoding a JSON file at path /Users/asad-dc/Local Sites/stone-stomper/app/public/wp-content/themes/stone-stomper/theme.json: Syntax error in /Users/asad-dc/Local Sites/stone-stomper/app/public/wp-includes/functions.php on line 6121
[11-Sep-2025 16:45:22 UTC] PHP Notice:  wp_json_file_decode(): Error when decoding a JSON file at path /Users/asad-dc/Local Sites/stone-stomper/app/public/wp-content/themes/stone-stomper/theme.json: Syntax error in /Users/asad-dc/Local Sites/stone-stomper/app/public/wp-includes/functions.php on line 6121
[11-Sep-2025 16:45:22 UTC] PHP Warning:  Undefined variable $whmc_svaevluft in /Users/asad-dc/Local Sites/stone-stomper/app/public/wp-content/plugins/mini-cart-for-woocommerce/inc/class-whmc_cart.php on line 205
[11-Sep-2025 16:45:22 UTC] PHP Deprecated:  html_entity_decode(): Passing null to parameter #1 ($string) of type string is deprecated in /Users/asad-dc/Local Sites/stone-stomper/app/public/wp-content/themes/stone-stomper/404.php on line 30
[11-Sep-2025 16:45:22 UTC] PHP Deprecated:  html_entity_decode(): Passing null to parameter #1 ($string) of type string is deprecated in /Users/asad-dc/Local Sites/stone-stomper/app/public/wp-content/themes/stone-stomper/404.php on line 32
[11-Sep-2025 16:45:22 UTC] PHP Notice:  wp_json_file_decode(): Error when decoding a JSON file at path /Users/asad-dc/Local Sites/stone-stomper/app/public/wp-content/themes/stone-stomper/theme.json: Syntax error in /Users/asad-dc/Local Sites/stone-stomper/app/public/wp-includes/functions.php on line 6121
[11-Sep-2025 16:45:22 UTC] PHP Notice:  wp_json_file_decode(): Error when decoding a JSON file at path /Users/asad-dc/Local Sites/stone-stomper/app/public/wp-content/themes/stone-stomper/theme.json: Syntax error in /Users/asad-dc/Local Sites/stone-stomper/app/public/wp-includes/functions.php on line 6121
[11-Sep-2025 16:45:22 UTC] PHP Warning:  Undefined variable $whmc_svaevluft in /Users/asad-dc/Local Sites/stone-stomper/app/public/wp-content/plugins/mini-cart-for-woocommerce/inc/class-whmc_cart.php on line 205
[11-Sep-2025 16:45:22 UTC] PHP Deprecated:  html_entity_decode(): Passing null to parameter #1 ($string) of type string is deprecated in /Users/asad-dc/Local Sites/stone-stomper/app/public/wp-content/themes/stone-stomper/404.php on line 30
[11-Sep-2025 16:45:22 UTC] PHP Deprecated:  html_entity_decode(): Passing null to parameter #1 ($string) of type string is deprecated in /Users/asad-dc/Local Sites/stone-stomper/app/public/wp-content/themes/stone-stomper/404.php on line 32
[11-Sep-2025 16:45:23 UTC] PHP Warning:  Undefined variable $child_terms in /Users/asad-dc/Local Sites/stone-stomper/app/public/wp-content/themes/stone-stomper/includes/classes/code/class-wp-theme-ajax.php on line 262
[11-Sep-2025 16:45:23 UTC] PHP Warning:  Undefined variable $year in /Users/asad-dc/Local Sites/stone-stomper/app/public/wp-content/themes/stone-stomper/includes/classes/code/class-wp-theme-ajax.php on line 265
[11-Sep-2025 16:45:24 UTC] PHP Notice:  wp_json_file_decode(): Error when decoding a JSON file at path /Users/asad-dc/Local Sites/stone-stomper/app/public/wp-content/themes/stone-stomper/theme.json: Syntax error in /Users/asad-dc/Local Sites/stone-stomper/app/public/wp-includes/functions.php on line 6121
[11-Sep-2025 16:45:24 UTC] PHP Notice:  wp_json_file_decode(): Error when decoding a JSON file at path /Users/asad-dc/Local Sites/stone-stomper/app/public/wp-content/themes/stone-stomper/theme.json: Syntax error in /Users/asad-dc/Local Sites/stone-stomper/app/public/wp-includes/functions.php on line 6121
[11-Sep-2025 16:45:24 UTC] PHP Warning:  Undefined variable $whmc_svaevluft in /Users/asad-dc/Local Sites/stone-stomper/app/public/wp-content/plugins/mini-cart-for-woocommerce/inc/class-whmc_cart.php on line 205
[11-Sep-2025 16:45:24 UTC] PHP Deprecated:  html_entity_decode(): Passing null to parameter #1 ($string) of type string is deprecated in /Users/asad-dc/Local Sites/stone-stomper/app/public/wp-content/themes/stone-stomper/404.php on line 30
[11-Sep-2025 16:45:24 UTC] PHP Deprecated:  html_entity_decode(): Passing null to parameter #1 ($string) of type string is deprecated in /Users/asad-dc/Local Sites/stone-stomper/app/public/wp-content/themes/stone-stomper/404.php on line 32
[11-Sep-2025 16:45:32 UTC] PHP Notice:  wp_json_file_decode(): Error when decoding a JSON file at path /Users/asad-dc/Local Sites/stone-stomper/app/public/wp-content/themes/stone-stomper/theme.json: Syntax error in /Users/asad-dc/Local Sites/stone-stomper/app/public/wp-includes/functions.php on line 6121
[11-Sep-2025 16:45:32 UTC] PHP Notice:  wp_json_file_decode(): Error when decoding a JSON file at path /Users/asad-dc/Local Sites/stone-stomper/app/public/wp-content/themes/stone-stomper/theme.json: Syntax error in /Users/asad-dc/Local Sites/stone-stomper/app/public/wp-includes/functions.php on line 6121
[11-Sep-2025 16:45:32 UTC] PHP Warning:  Undefined variable $whmc_svaevluft in /Users/asad-dc/Local Sites/stone-stomper/app/public/wp-content/plugins/mini-cart-for-woocommerce/inc/class-whmc_cart.php on line 205
[11-Sep-2025 16:45:33 UTC] PHP Notice:  wp_json_file_decode(): Error when decoding a JSON file at path /Users/asad-dc/Local Sites/stone-stomper/app/public/wp-content/themes/stone-stomper/theme.json: Syntax error in /Users/asad-dc/Local Sites/stone-stomper/app/public/wp-includes/functions.php on line 6121
[11-Sep-2025 16:45:33 UTC] PHP Notice:  wp_json_file_decode(): Error when decoding a JSON file at path /Users/asad-dc/Local Sites/stone-stomper/app/public/wp-content/themes/stone-stomper/theme.json: Syntax error in /Users/asad-dc/Local Sites/stone-stomper/app/public/wp-includes/functions.php on line 6121
[11-Sep-2025 16:45:33 UTC] PHP Warning:  Undefined variable $whmc_svaevluft in /Users/asad-dc/Local Sites/stone-stomper/app/public/wp-content/plugins/mini-cart-for-woocommerce/inc/class-whmc_cart.php on line 205
[11-Sep-2025 16:45:33 UTC] PHP Notice:  wp_json_file_decode(): Error when decoding a JSON file at path /Users/asad-dc/Local Sites/stone-stomper/app/public/wp-content/themes/stone-stomper/theme.json: Syntax error in /Users/asad-dc/Local Sites/stone-stomper/app/public/wp-includes/functions.php on line 6121
[11-Sep-2025 16:45:33 UTC] PHP Deprecated:  html_entity_decode(): Passing null to parameter #1 ($string) of type string is deprecated in /Users/asad-dc/Local Sites/stone-stomper/app/public/wp-content/themes/stone-stomper/404.php on line 30
[11-Sep-2025 16:45:33 UTC] PHP Deprecated:  html_entity_decode(): Passing null to parameter #1 ($string) of type string is deprecated in /Users/asad-dc/Local Sites/stone-stomper/app/public/wp-content/themes/stone-stomper/404.php on line 32
[11-Sep-2025 16:45:33 UTC] PHP Notice:  wp_json_file_decode(): Error when decoding a JSON file at path /Users/asad-dc/Local Sites/stone-stomper/app/public/wp-content/themes/stone-stomper/theme.json: Syntax error in /Users/asad-dc/Local Sites/stone-stomper/app/public/wp-includes/functions.php on line 6121
[11-Sep-2025 16:45:33 UTC] PHP Warning:  Undefined variable $whmc_svaevluft in /Users/asad-dc/Local Sites/stone-stomper/app/public/wp-content/plugins/mini-cart-for-woocommerce/inc/class-whmc_cart.php on line 205
[11-Sep-2025 16:45:33 UTC] PHP Deprecated:  html_entity_decode(): Passing null to parameter #1 ($string) of type string is deprecated in /Users/asad-dc/Local Sites/stone-stomper/app/public/wp-content/themes/stone-stomper/404.php on line 30
[11-Sep-2025 16:45:33 UTC] PHP Deprecated:  html_entity_decode(): Passing null to parameter #1 ($string) of type string is deprecated in /Users/asad-dc/Local Sites/stone-stomper/app/public/wp-content/themes/stone-stomper/404.php on line 32
[11-Sep-2025 16:45:34 UTC] PHP Notice:  wp_json_file_decode(): Error when decoding a JSON file at path /Users/asad-dc/Local Sites/stone-stomper/app/public/wp-content/themes/stone-stomper/theme.json: Syntax error in /Users/asad-dc/Local Sites/stone-stomper/app/public/wp-includes/functions.php on line 6121
[11-Sep-2025 16:45:34 UTC] PHP Notice:  wp_json_file_decode(): Error when decoding a JSON file at path /Users/asad-dc/Local Sites/stone-stomper/app/public/wp-content/themes/stone-stomper/theme.json: Syntax error in /Users/asad-dc/Local Sites/stone-stomper/app/public/wp-includes/functions.php on line 6121
[11-Sep-2025 16:45:34 UTC] PHP Warning:  Undefined variable $whmc_svaevluft in /Users/asad-dc/Local Sites/stone-stomper/app/public/wp-content/plugins/mini-cart-for-woocommerce/inc/class-whmc_cart.php on line 205
[11-Sep-2025 16:45:34 UTC] PHP Deprecated:  html_entity_decode(): Passing null to parameter #1 ($string) of type string is deprecated in /Users/asad-dc/Local Sites/stone-stomper/app/public/wp-content/themes/stone-stomper/404.php on line 30
[11-Sep-2025 16:45:34 UTC] PHP Deprecated:  html_entity_decode(): Passing null to parameter #1 ($string) of type string is deprecated in /Users/asad-dc/Local Sites/stone-stomper/app/public/wp-content/themes/stone-stomper/404.php on line 32
[11-Sep-2025 16:45:40 UTC] PHP Notice:  wp_json_file_decode(): Error when decoding a JSON file at path /Users/asad-dc/Local Sites/stone-stomper/app/public/wp-content/themes/stone-stomper/theme.json: Syntax error in /Users/asad-dc/Local Sites/stone-stomper/app/public/wp-includes/functions.php on line 6121
[11-Sep-2025 16:45:40 UTC] PHP Notice:  wp_json_file_decode(): Error when decoding a JSON file at path /Users/asad-dc/Local Sites/stone-stomper/app/public/wp-content/themes/stone-stomper/theme.json: Syntax error in /Users/asad-dc/Local Sites/stone-stomper/app/public/wp-includes/functions.php on line 6121
[11-Sep-2025 16:45:40 UTC] PHP Warning:  Undefined variable $whmc_svaevluft in /Users/asad-dc/Local Sites/stone-stomper/app/public/wp-content/plugins/mini-cart-for-woocommerce/inc/class-whmc_cart.php on line 205
[11-Sep-2025 16:45:40 UTC] PHP Warning:  Array to string conversion in /Users/asad-dc/Local Sites/stone-stomper/app/public/wp-includes/formatting.php on line 1096
[11-Sep-2025 16:45:42 UTC] PHP Notice:  wp_json_file_decode(): Error when decoding a JSON file at path /Users/asad-dc/Local Sites/stone-stomper/app/public/wp-content/themes/stone-stomper/theme.json: Syntax error in /Users/asad-dc/Local Sites/stone-stomper/app/public/wp-includes/functions.php on line 6121
[11-Sep-2025 16:45:42 UTC] PHP Notice:  wp_json_file_decode(): Error when decoding a JSON file at path /Users/asad-dc/Local Sites/stone-stomper/app/public/wp-content/themes/stone-stomper/theme.json: Syntax error in /Users/asad-dc/Local Sites/stone-stomper/app/public/wp-includes/functions.php on line 6121
[11-Sep-2025 16:45:42 UTC] PHP Warning:  Undefined variable $whmc_svaevluft in /Users/asad-dc/Local Sites/stone-stomper/app/public/wp-content/plugins/mini-cart-for-woocommerce/inc/class-whmc_cart.php on line 205
[11-Sep-2025 16:45:42 UTC] PHP Deprecated:  html_entity_decode(): Passing null to parameter #1 ($string) of type string is deprecated in /Users/asad-dc/Local Sites/stone-stomper/app/public/wp-content/themes/stone-stomper/404.php on line 30
[11-Sep-2025 16:45:42 UTC] PHP Deprecated:  html_entity_decode(): Passing null to parameter #1 ($string) of type string is deprecated in /Users/asad-dc/Local Sites/stone-stomper/app/public/wp-content/themes/stone-stomper/404.php on line 32
[11-Sep-2025 16:45:42 UTC] PHP Warning:  Array to string conversion in /Users/asad-dc/Local Sites/stone-stomper/app/public/wp-includes/formatting.php on line 1096
[11-Sep-2025 16:45:42 UTC] PHP Notice:  wp_json_file_decode(): Error when decoding a JSON file at path /Users/asad-dc/Local Sites/stone-stomper/app/public/wp-content/themes/stone-stomper/theme.json: Syntax error in /Users/asad-dc/Local Sites/stone-stomper/app/public/wp-includes/functions.php on line 6121
[11-Sep-2025 16:45:42 UTC] PHP Notice:  wp_json_file_decode(): Error when decoding a JSON file at path /Users/asad-dc/Local Sites/stone-stomper/app/public/wp-content/themes/stone-stomper/theme.json: Syntax error in /Users/asad-dc/Local Sites/stone-stomper/app/public/wp-includes/functions.php on line 6121
[11-Sep-2025 16:45:42 UTC] PHP Warning:  Undefined variable $whmc_svaevluft in /Users/asad-dc/Local Sites/stone-stomper/app/public/wp-content/plugins/mini-cart-for-woocommerce/inc/class-whmc_cart.php on line 205
[11-Sep-2025 16:45:43 UTC] PHP Warning:  Array to string conversion in /Users/asad-dc/Local Sites/stone-stomper/app/public/wp-includes/formatting.php on line 1096
[11-Sep-2025 16:45:44 UTC] PHP Notice:  wp_json_file_decode(): Error when decoding a JSON file at path /Users/asad-dc/Local Sites/stone-stomper/app/public/wp-content/themes/stone-stomper/theme.json: Syntax error in /Users/asad-dc/Local Sites/stone-stomper/app/public/wp-includes/functions.php on line 6121
[11-Sep-2025 16:45:44 UTC] PHP Notice:  wp_json_file_decode(): Error when decoding a JSON file at path /Users/asad-dc/Local Sites/stone-stomper/app/public/wp-content/themes/stone-stomper/theme.json: Syntax error in /Users/asad-dc/Local Sites/stone-stomper/app/public/wp-includes/functions.php on line 6121
[11-Sep-2025 16:45:44 UTC] PHP Warning:  Undefined variable $whmc_svaevluft in /Users/asad-dc/Local Sites/stone-stomper/app/public/wp-content/plugins/mini-cart-for-woocommerce/inc/class-whmc_cart.php on line 205
[11-Sep-2025 16:45:44 UTC] PHP Deprecated:  html_entity_decode(): Passing null to parameter #1 ($string) of type string is deprecated in /Users/asad-dc/Local Sites/stone-stomper/app/public/wp-content/themes/stone-stomper/404.php on line 30
[11-Sep-2025 16:45:44 UTC] PHP Deprecated:  html_entity_decode(): Passing null to parameter #1 ($string) of type string is deprecated in /Users/asad-dc/Local Sites/stone-stomper/app/public/wp-content/themes/stone-stomper/404.php on line 32
[11-Sep-2025 16:45:44 UTC] PHP Warning:  Array to string conversion in /Users/asad-dc/Local Sites/stone-stomper/app/public/wp-includes/formatting.php on line 1096
[11-Sep-2025 16:45:48 UTC] PHP Notice:  wp_json_file_decode(): Error when decoding a JSON file at path /Users/asad-dc/Local Sites/stone-stomper/app/public/wp-content/themes/stone-stomper/theme.json: Syntax error in /Users/asad-dc/Local Sites/stone-stomper/app/public/wp-includes/functions.php on line 6121
[11-Sep-2025 16:45:48 UTC] PHP Notice:  wp_json_file_decode(): Error when decoding a JSON file at path /Users/asad-dc/Local Sites/stone-stomper/app/public/wp-content/themes/stone-stomper/theme.json: Syntax error in /Users/asad-dc/Local Sites/stone-stomper/app/public/wp-includes/functions.php on line 6121
[11-Sep-2025 16:45:48 UTC] PHP Warning:  Undefined variable $whmc_svaevluft in /Users/asad-dc/Local Sites/stone-stomper/app/public/wp-content/plugins/mini-cart-for-woocommerce/inc/class-whmc_cart.php on line 205
[11-Sep-2025 16:45:49 UTC] PHP Notice:  wp_json_file_decode(): Error when decoding a JSON file at path /Users/asad-dc/Local Sites/stone-stomper/app/public/wp-content/themes/stone-stomper/theme.json: Syntax error in /Users/asad-dc/Local Sites/stone-stomper/app/public/wp-includes/functions.php on line 6121
[11-Sep-2025 16:45:49 UTC] PHP Notice:  wp_json_file_decode(): Error when decoding a JSON file at path /Users/asad-dc/Local Sites/stone-stomper/app/public/wp-content/themes/stone-stomper/theme.json: Syntax error in /Users/asad-dc/Local Sites/stone-stomper/app/public/wp-includes/functions.php on line 6121
[11-Sep-2025 16:45:49 UTC] PHP Warning:  Undefined variable $whmc_svaevluft in /Users/asad-dc/Local Sites/stone-stomper/app/public/wp-content/plugins/mini-cart-for-woocommerce/inc/class-whmc_cart.php on line 205
[11-Sep-2025 16:45:49 UTC] PHP Deprecated:  html_entity_decode(): Passing null to parameter #1 ($string) of type string is deprecated in /Users/asad-dc/Local Sites/stone-stomper/app/public/wp-content/themes/stone-stomper/404.php on line 30
[11-Sep-2025 16:45:49 UTC] PHP Deprecated:  html_entity_decode(): Passing null to parameter #1 ($string) of type string is deprecated in /Users/asad-dc/Local Sites/stone-stomper/app/public/wp-content/themes/stone-stomper/404.php on line 32
[11-Sep-2025 16:45:52 UTC] PHP Notice:  wp_json_file_decode(): Error when decoding a JSON file at path /Users/asad-dc/Local Sites/stone-stomper/app/public/wp-content/themes/stone-stomper/theme.json: Syntax error in /Users/asad-dc/Local Sites/stone-stomper/app/public/wp-includes/functions.php on line 6121
[11-Sep-2025 16:45:52 UTC] PHP Notice:  wp_json_file_decode(): Error when decoding a JSON file at path /Users/asad-dc/Local Sites/stone-stomper/app/public/wp-content/themes/stone-stomper/theme.json: Syntax error in /Users/asad-dc/Local Sites/stone-stomper/app/public/wp-includes/functions.php on line 6121
[11-Sep-2025 16:45:52 UTC] PHP Warning:  Undefined variable $whmc_svaevluft in /Users/asad-dc/Local Sites/stone-stomper/app/public/wp-content/plugins/mini-cart-for-woocommerce/inc/class-whmc_cart.php on line 205
[11-Sep-2025 16:45:52 UTC] PHP Deprecated:  html_entity_decode(): Passing null to parameter #1 ($string) of type string is deprecated in /Users/asad-dc/Local Sites/stone-stomper/app/public/wp-content/themes/stone-stomper/404.php on line 30
[11-Sep-2025 16:45:52 UTC] PHP Deprecated:  html_entity_decode(): Passing null to parameter #1 ($string) of type string is deprecated in /Users/asad-dc/Local Sites/stone-stomper/app/public/wp-content/themes/stone-stomper/404.php on line 32
[11-Sep-2025 16:45:53 UTC] PHP Notice:  wp_json_file_decode(): Error when decoding a JSON file at path /Users/asad-dc/Local Sites/stone-stomper/app/public/wp-content/themes/stone-stomper/theme.json: Syntax error in /Users/asad-dc/Local Sites/stone-stomper/app/public/wp-includes/functions.php on line 6121
[11-Sep-2025 16:45:53 UTC] PHP Notice:  wp_json_file_decode(): Error when decoding a JSON file at path /Users/asad-dc/Local Sites/stone-stomper/app/public/wp-content/themes/stone-stomper/theme.json: Syntax error in /Users/asad-dc/Local Sites/stone-stomper/app/public/wp-includes/functions.php on line 6121
[11-Sep-2025 16:45:54 UTC] PHP Warning:  Undefined variable $whmc_svaevluft in /Users/asad-dc/Local Sites/stone-stomper/app/public/wp-content/plugins/mini-cart-for-woocommerce/inc/class-whmc_cart.php on line 205
[11-Sep-2025 16:46:33 UTC] PHP Notice:  wp_json_file_decode(): Error when decoding a JSON file at path /Users/asad-dc/Local Sites/stone-stomper/app/public/wp-content/themes/stone-stomper/theme.json: Syntax error in /Users/asad-dc/Local Sites/stone-stomper/app/public/wp-includes/functions.php on line 6121
[11-Sep-2025 16:46:33 UTC] PHP Notice:  wp_json_file_decode(): Error when decoding a JSON file at path /Users/asad-dc/Local Sites/stone-stomper/app/public/wp-content/themes/stone-stomper/theme.json: Syntax error in /Users/asad-dc/Local Sites/stone-stomper/app/public/wp-includes/functions.php on line 6121
[11-Sep-2025 16:46:33 UTC] PHP Warning:  Undefined variable $whmc_svaevluft in /Users/asad-dc/Local Sites/stone-stomper/app/public/wp-content/plugins/mini-cart-for-woocommerce/inc/class-whmc_cart.php on line 205
[11-Sep-2025 16:46:34 UTC] PHP Notice:  wp_json_file_decode(): Error when decoding a JSON file at path /Users/asad-dc/Local Sites/stone-stomper/app/public/wp-content/themes/stone-stomper/theme.json: Syntax error in /Users/asad-dc/Local Sites/stone-stomper/app/public/wp-includes/functions.php on line 6121
[11-Sep-2025 16:46:34 UTC] PHP Notice:  wp_json_file_decode(): Error when decoding a JSON file at path /Users/asad-dc/Local Sites/stone-stomper/app/public/wp-content/themes/stone-stomper/theme.json: Syntax error in /Users/asad-dc/Local Sites/stone-stomper/app/public/wp-includes/functions.php on line 6121
[11-Sep-2025 16:46:34 UTC] PHP Warning:  Undefined variable $whmc_svaevluft in /Users/asad-dc/Local Sites/stone-stomper/app/public/wp-content/plugins/mini-cart-for-woocommerce/inc/class-whmc_cart.php on line 205
[11-Sep-2025 16:46:34 UTC] PHP Deprecated:  html_entity_decode(): Passing null to parameter #1 ($string) of type string is deprecated in /Users/asad-dc/Local Sites/stone-stomper/app/public/wp-content/themes/stone-stomper/404.php on line 30
[11-Sep-2025 16:46:34 UTC] PHP Deprecated:  html_entity_decode(): Passing null to parameter #1 ($string) of type string is deprecated in /Users/asad-dc/Local Sites/stone-stomper/app/public/wp-content/themes/stone-stomper/404.php on line 32
[11-Sep-2025 16:46:34 UTC] PHP Notice:  wp_json_file_decode(): Error when decoding a JSON file at path /Users/asad-dc/Local Sites/stone-stomper/app/public/wp-content/themes/stone-stomper/theme.json: Syntax error in /Users/asad-dc/Local Sites/stone-stomper/app/public/wp-includes/functions.php on line 6121
[11-Sep-2025 16:46:34 UTC] PHP Notice:  wp_json_file_decode(): Error when decoding a JSON file at path /Users/asad-dc/Local Sites/stone-stomper/app/public/wp-content/themes/stone-stomper/theme.json: Syntax error in /Users/asad-dc/Local Sites/stone-stomper/app/public/wp-includes/functions.php on line 6121
[11-Sep-2025 16:46:34 UTC] PHP Warning:  Undefined variable $whmc_svaevluft in /Users/asad-dc/Local Sites/stone-stomper/app/public/wp-content/plugins/mini-cart-for-woocommerce/inc/class-whmc_cart.php on line 205
[11-Sep-2025 16:46:34 UTC] PHP Deprecated:  html_entity_decode(): Passing null to parameter #1 ($string) of type string is deprecated in /Users/asad-dc/Local Sites/stone-stomper/app/public/wp-content/themes/stone-stomper/404.php on line 30
[11-Sep-2025 16:46:34 UTC] PHP Deprecated:  html_entity_decode(): Passing null to parameter #1 ($string) of type string is deprecated in /Users/asad-dc/Local Sites/stone-stomper/app/public/wp-content/themes/stone-stomper/404.php on line 32
[11-Sep-2025 16:46:35 UTC] PHP Notice:  wp_json_file_decode(): Error when decoding a JSON file at path /Users/asad-dc/Local Sites/stone-stomper/app/public/wp-content/themes/stone-stomper/theme.json: Syntax error in /Users/asad-dc/Local Sites/stone-stomper/app/public/wp-includes/functions.php on line 6121
[11-Sep-2025 16:46:35 UTC] PHP Notice:  wp_json_file_decode(): Error when decoding a JSON file at path /Users/asad-dc/Local Sites/stone-stomper/app/public/wp-content/themes/stone-stomper/theme.json: Syntax error in /Users/asad-dc/Local Sites/stone-stomper/app/public/wp-includes/functions.php on line 6121
[11-Sep-2025 16:46:35 UTC] PHP Warning:  Undefined variable $whmc_svaevluft in /Users/asad-dc/Local Sites/stone-stomper/app/public/wp-content/plugins/mini-cart-for-woocommerce/inc/class-whmc_cart.php on line 205
[11-Sep-2025 16:46:35 UTC] PHP Deprecated:  html_entity_decode(): Passing null to parameter #1 ($string) of type string is deprecated in /Users/asad-dc/Local Sites/stone-stomper/app/public/wp-content/themes/stone-stomper/404.php on line 30
[11-Sep-2025 16:46:35 UTC] PHP Deprecated:  html_entity_decode(): Passing null to parameter #1 ($string) of type string is deprecated in /Users/asad-dc/Local Sites/stone-stomper/app/public/wp-content/themes/stone-stomper/404.php on line 32
[11-Sep-2025 16:46:38 UTC] PHP Notice:  wp_json_file_decode(): Error when decoding a JSON file at path /Users/asad-dc/Local Sites/stone-stomper/app/public/wp-content/themes/stone-stomper/theme.json: Syntax error in /Users/asad-dc/Local Sites/stone-stomper/app/public/wp-includes/functions.php on line 6121
[11-Sep-2025 16:46:38 UTC] PHP Notice:  wp_json_file_decode(): Error when decoding a JSON file at path /Users/asad-dc/Local Sites/stone-stomper/app/public/wp-content/themes/stone-stomper/theme.json: Syntax error in /Users/asad-dc/Local Sites/stone-stomper/app/public/wp-includes/functions.php on line 6121
[11-Sep-2025 16:46:38 UTC] PHP Warning:  Undefined variable $whmc_svaevluft in /Users/asad-dc/Local Sites/stone-stomper/app/public/wp-content/plugins/mini-cart-for-woocommerce/inc/class-whmc_cart.php on line 205
[11-Sep-2025 16:46:38 UTC] PHP Notice:  wp_json_file_decode(): Error when decoding a JSON file at path /Users/asad-dc/Local Sites/stone-stomper/app/public/wp-content/themes/stone-stomper/theme.json: Syntax error in /Users/asad-dc/Local Sites/stone-stomper/app/public/wp-includes/functions.php on line 6121
[11-Sep-2025 16:46:38 UTC] PHP Notice:  wp_json_file_decode(): Error when decoding a JSON file at path /Users/asad-dc/Local Sites/stone-stomper/app/public/wp-content/themes/stone-stomper/theme.json: Syntax error in /Users/asad-dc/Local Sites/stone-stomper/app/public/wp-includes/functions.php on line 6121
[11-Sep-2025 16:46:38 UTC] PHP Warning:  Undefined variable $whmc_svaevluft in /Users/asad-dc/Local Sites/stone-stomper/app/public/wp-content/plugins/mini-cart-for-woocommerce/inc/class-whmc_cart.php on line 205
[11-Sep-2025 16:46:38 UTC] PHP Deprecated:  html_entity_decode(): Passing null to parameter #1 ($string) of type string is deprecated in /Users/asad-dc/Local Sites/stone-stomper/app/public/wp-content/themes/stone-stomper/404.php on line 30
[11-Sep-2025 16:46:38 UTC] PHP Deprecated:  html_entity_decode(): Passing null to parameter #1 ($string) of type string is deprecated in /Users/asad-dc/Local Sites/stone-stomper/app/public/wp-content/themes/stone-stomper/404.php on line 32
[11-Sep-2025 16:46:38 UTC] PHP Warning:  Array to string conversion in /Users/asad-dc/Local Sites/stone-stomper/app/public/wp-includes/formatting.php on line 1096
[11-Sep-2025 16:46:38 UTC] PHP Warning:  Array to string conversion in /Users/asad-dc/Local Sites/stone-stomper/app/public/wp-includes/formatting.php on line 1096
[11-Sep-2025 16:46:39 UTC] PHP Notice:  wp_json_file_decode(): Error when decoding a JSON file at path /Users/asad-dc/Local Sites/stone-stomper/app/public/wp-content/themes/stone-stomper/theme.json: Syntax error in /Users/asad-dc/Local Sites/stone-stomper/app/public/wp-includes/functions.php on line 6121
[11-Sep-2025 16:46:39 UTC] PHP Notice:  wp_json_file_decode(): Error when decoding a JSON file at path /Users/asad-dc/Local Sites/stone-stomper/app/public/wp-content/themes/stone-stomper/theme.json: Syntax error in /Users/asad-dc/Local Sites/stone-stomper/app/public/wp-includes/functions.php on line 6121
[11-Sep-2025 16:46:39 UTC] PHP Warning:  Undefined variable $whmc_svaevluft in /Users/asad-dc/Local Sites/stone-stomper/app/public/wp-content/plugins/mini-cart-for-woocommerce/inc/class-whmc_cart.php on line 205
[11-Sep-2025 16:46:39 UTC] PHP Warning:  Array to string conversion in /Users/asad-dc/Local Sites/stone-stomper/app/public/wp-includes/formatting.php on line 1096
[11-Sep-2025 16:46:39 UTC] PHP Notice:  wp_json_file_decode(): Error when decoding a JSON file at path /Users/asad-dc/Local Sites/stone-stomper/app/public/wp-content/themes/stone-stomper/theme.json: Syntax error in /Users/asad-dc/Local Sites/stone-stomper/app/public/wp-includes/functions.php on line 6121
[11-Sep-2025 16:46:39 UTC] PHP Notice:  wp_json_file_decode(): Error when decoding a JSON file at path /Users/asad-dc/Local Sites/stone-stomper/app/public/wp-content/themes/stone-stomper/theme.json: Syntax error in /Users/asad-dc/Local Sites/stone-stomper/app/public/wp-includes/functions.php on line 6121
[11-Sep-2025 16:46:40 UTC] PHP Warning:  Undefined variable $whmc_svaevluft in /Users/asad-dc/Local Sites/stone-stomper/app/public/wp-content/plugins/mini-cart-for-woocommerce/inc/class-whmc_cart.php on line 205
[11-Sep-2025 16:46:40 UTC] PHP Deprecated:  html_entity_decode(): Passing null to parameter #1 ($string) of type string is deprecated in /Users/asad-dc/Local Sites/stone-stomper/app/public/wp-content/themes/stone-stomper/404.php on line 30
[11-Sep-2025 16:46:40 UTC] PHP Deprecated:  html_entity_decode(): Passing null to parameter #1 ($string) of type string is deprecated in /Users/asad-dc/Local Sites/stone-stomper/app/public/wp-content/themes/stone-stomper/404.php on line 32
[11-Sep-2025 16:46:40 UTC] PHP Warning:  Array to string conversion in /Users/asad-dc/Local Sites/stone-stomper/app/public/wp-includes/formatting.php on line 1096
[11-Sep-2025 16:46:40 UTC] PHP Notice:  wp_json_file_decode(): Error when decoding a JSON file at path /Users/asad-dc/Local Sites/stone-stomper/app/public/wp-content/themes/stone-stomper/theme.json: Syntax error in /Users/asad-dc/Local Sites/stone-stomper/app/public/wp-includes/functions.php on line 6121
[11-Sep-2025 16:46:40 UTC] PHP Notice:  wp_json_file_decode(): Error when decoding a JSON file at path /Users/asad-dc/Local Sites/stone-stomper/app/public/wp-content/themes/stone-stomper/theme.json: Syntax error in /Users/asad-dc/Local Sites/stone-stomper/app/public/wp-includes/functions.php on line 6121
[11-Sep-2025 16:46:40 UTC] PHP Warning:  Undefined variable $whmc_svaevluft in /Users/asad-dc/Local Sites/stone-stomper/app/public/wp-content/plugins/mini-cart-for-woocommerce/inc/class-whmc_cart.php on line 205
[11-Sep-2025 16:46:40 UTC] PHP Deprecated:  html_entity_decode(): Passing null to parameter #1 ($string) of type string is deprecated in /Users/asad-dc/Local Sites/stone-stomper/app/public/wp-content/themes/stone-stomper/404.php on line 30
[11-Sep-2025 16:46:40 UTC] PHP Deprecated:  html_entity_decode(): Passing null to parameter #1 ($string) of type string is deprecated in /Users/asad-dc/Local Sites/stone-stomper/app/public/wp-content/themes/stone-stomper/404.php on line 32
[11-Sep-2025 16:46:40 UTC] PHP Warning:  Array to string conversion in /Users/asad-dc/Local Sites/stone-stomper/app/public/wp-includes/formatting.php on line 1096
[11-Sep-2025 16:46:41 UTC] PHP Notice:  wp_json_file_decode(): Error when decoding a JSON file at path /Users/asad-dc/Local Sites/stone-stomper/app/public/wp-content/themes/stone-stomper/theme.json: Syntax error in /Users/asad-dc/Local Sites/stone-stomper/app/public/wp-includes/functions.php on line 6121
[11-Sep-2025 16:46:41 UTC] PHP Notice:  wp_json_file_decode(): Error when decoding a JSON file at path /Users/asad-dc/Local Sites/stone-stomper/app/public/wp-content/themes/stone-stomper/theme.json: Syntax error in /Users/asad-dc/Local Sites/stone-stomper/app/public/wp-includes/functions.php on line 6121
[11-Sep-2025 16:46:41 UTC] PHP Warning:  Undefined variable $whmc_svaevluft in /Users/asad-dc/Local Sites/stone-stomper/app/public/wp-content/plugins/mini-cart-for-woocommerce/inc/class-whmc_cart.php on line 205
[11-Sep-2025 16:46:41 UTC] PHP Deprecated:  html_entity_decode(): Passing null to parameter #1 ($string) of type string is deprecated in /Users/asad-dc/Local Sites/stone-stomper/app/public/wp-content/themes/stone-stomper/404.php on line 30
[11-Sep-2025 16:46:41 UTC] PHP Deprecated:  html_entity_decode(): Passing null to parameter #1 ($string) of type string is deprecated in /Users/asad-dc/Local Sites/stone-stomper/app/public/wp-content/themes/stone-stomper/404.php on line 32
[11-Sep-2025 16:46:41 UTC] PHP Warning:  Array to string conversion in /Users/asad-dc/Local Sites/stone-stomper/app/public/wp-includes/formatting.php on line 1096
[11-Sep-2025 16:46:44 UTC] PHP Notice:  wp_json_file_decode(): Error when decoding a JSON file at path /Users/asad-dc/Local Sites/stone-stomper/app/public/wp-content/themes/stone-stomper/theme.json: Syntax error in /Users/asad-dc/Local Sites/stone-stomper/app/public/wp-includes/functions.php on line 6121
[11-Sep-2025 16:46:44 UTC] PHP Notice:  wp_json_file_decode(): Error when decoding a JSON file at path /Users/asad-dc/Local Sites/stone-stomper/app/public/wp-content/themes/stone-stomper/theme.json: Syntax error in /Users/asad-dc/Local Sites/stone-stomper/app/public/wp-includes/functions.php on line 6121
[11-Sep-2025 16:46:44 UTC] PHP Warning:  Undefined variable $whmc_svaevluft in /Users/asad-dc/Local Sites/stone-stomper/app/public/wp-content/plugins/mini-cart-for-woocommerce/inc/class-whmc_cart.php on line 205
[11-Sep-2025 16:46:44 UTC] PHP Warning:  Array to string conversion in /Users/asad-dc/Local Sites/stone-stomper/app/public/wp-includes/formatting.php on line 1096
[11-Sep-2025 16:46:45 UTC] PHP Notice:  wp_json_file_decode(): Error when decoding a JSON file at path /Users/asad-dc/Local Sites/stone-stomper/app/public/wp-content/themes/stone-stomper/theme.json: Syntax error in /Users/asad-dc/Local Sites/stone-stomper/app/public/wp-includes/functions.php on line 6121
[11-Sep-2025 16:46:45 UTC] PHP Notice:  wp_json_file_decode(): Error when decoding a JSON file at path /Users/asad-dc/Local Sites/stone-stomper/app/public/wp-content/themes/stone-stomper/theme.json: Syntax error in /Users/asad-dc/Local Sites/stone-stomper/app/public/wp-includes/functions.php on line 6121
[11-Sep-2025 16:46:45 UTC] PHP Warning:  Undefined variable $whmc_svaevluft in /Users/asad-dc/Local Sites/stone-stomper/app/public/wp-content/plugins/mini-cart-for-woocommerce/inc/class-whmc_cart.php on line 205
[11-Sep-2025 16:46:45 UTC] PHP Deprecated:  html_entity_decode(): Passing null to parameter #1 ($string) of type string is deprecated in /Users/asad-dc/Local Sites/stone-stomper/app/public/wp-content/themes/stone-stomper/404.php on line 30
[11-Sep-2025 16:46:45 UTC] PHP Deprecated:  html_entity_decode(): Passing null to parameter #1 ($string) of type string is deprecated in /Users/asad-dc/Local Sites/stone-stomper/app/public/wp-content/themes/stone-stomper/404.php on line 32
[11-Sep-2025 16:46:45 UTC] PHP Warning:  Array to string conversion in /Users/asad-dc/Local Sites/stone-stomper/app/public/wp-includes/formatting.php on line 1096
[11-Sep-2025 16:46:45 UTC] PHP Notice:  wp_json_file_decode(): Error when decoding a JSON file at path /Users/asad-dc/Local Sites/stone-stomper/app/public/wp-content/themes/stone-stomper/theme.json: Syntax error in /Users/asad-dc/Local Sites/stone-stomper/app/public/wp-includes/functions.php on line 6121
[11-Sep-2025 16:46:45 UTC] PHP Notice:  wp_json_file_decode(): Error when decoding a JSON file at path /Users/asad-dc/Local Sites/stone-stomper/app/public/wp-content/themes/stone-stomper/theme.json: Syntax error in /Users/asad-dc/Local Sites/stone-stomper/app/public/wp-includes/functions.php on line 6121
[11-Sep-2025 16:46:45 UTC] PHP Warning:  Undefined variable $whmc_svaevluft in /Users/asad-dc/Local Sites/stone-stomper/app/public/wp-content/plugins/mini-cart-for-woocommerce/inc/class-whmc_cart.php on line 205
[11-Sep-2025 16:46:45 UTC] PHP Deprecated:  html_entity_decode(): Passing null to parameter #1 ($string) of type string is deprecated in /Users/asad-dc/Local Sites/stone-stomper/app/public/wp-content/themes/stone-stomper/404.php on line 30
[11-Sep-2025 16:46:45 UTC] PHP Deprecated:  html_entity_decode(): Passing null to parameter #1 ($string) of type string is deprecated in /Users/asad-dc/Local Sites/stone-stomper/app/public/wp-content/themes/stone-stomper/404.php on line 32
[11-Sep-2025 16:46:45 UTC] PHP Warning:  Array to string conversion in /Users/asad-dc/Local Sites/stone-stomper/app/public/wp-includes/formatting.php on line 1096
[11-Sep-2025 16:46:47 UTC] PHP Notice:  wp_json_file_decode(): Error when decoding a JSON file at path /Users/asad-dc/Local Sites/stone-stomper/app/public/wp-content/themes/stone-stomper/theme.json: Syntax error in /Users/asad-dc/Local Sites/stone-stomper/app/public/wp-includes/functions.php on line 6121
[11-Sep-2025 16:46:47 UTC] PHP Notice:  wp_json_file_decode(): Error when decoding a JSON file at path /Users/asad-dc/Local Sites/stone-stomper/app/public/wp-content/themes/stone-stomper/theme.json: Syntax error in /Users/asad-dc/Local Sites/stone-stomper/app/public/wp-includes/functions.php on line 6121
[11-Sep-2025 16:46:47 UTC] PHP Warning:  Undefined variable $whmc_svaevluft in /Users/asad-dc/Local Sites/stone-stomper/app/public/wp-content/plugins/mini-cart-for-woocommerce/inc/class-whmc_cart.php on line 205
[11-Sep-2025 16:46:47 UTC] PHP Deprecated:  html_entity_decode(): Passing null to parameter #1 ($string) of type string is deprecated in /Users/asad-dc/Local Sites/stone-stomper/app/public/wp-content/themes/stone-stomper/404.php on line 30
[11-Sep-2025 16:46:47 UTC] PHP Deprecated:  html_entity_decode(): Passing null to parameter #1 ($string) of type string is deprecated in /Users/asad-dc/Local Sites/stone-stomper/app/public/wp-content/themes/stone-stomper/404.php on line 32
[11-Sep-2025 16:46:47 UTC] PHP Warning:  Array to string conversion in /Users/asad-dc/Local Sites/stone-stomper/app/public/wp-includes/formatting.php on line 1096
[11-Sep-2025 16:46:54 UTC] PHP Notice:  wp_json_file_decode(): Error when decoding a JSON file at path /Users/asad-dc/Local Sites/stone-stomper/app/public/wp-content/themes/stone-stomper/theme.json: Syntax error in /Users/asad-dc/Local Sites/stone-stomper/app/public/wp-includes/functions.php on line 6121
[11-Sep-2025 16:46:54 UTC] PHP Notice:  wp_json_file_decode(): Error when decoding a JSON file at path /Users/asad-dc/Local Sites/stone-stomper/app/public/wp-content/themes/stone-stomper/theme.json: Syntax error in /Users/asad-dc/Local Sites/stone-stomper/app/public/wp-includes/functions.php on line 6121
[11-Sep-2025 16:46:54 UTC] PHP Warning:  Undefined variable $whmc_svaevluft in /Users/asad-dc/Local Sites/stone-stomper/app/public/wp-content/plugins/mini-cart-for-woocommerce/inc/class-whmc_cart.php on line 205
[11-Sep-2025 16:46:54 UTC] PHP Notice:  wp_json_file_decode(): Error when decoding a JSON file at path /Users/asad-dc/Local Sites/stone-stomper/app/public/wp-content/themes/stone-stomper/theme.json: Syntax error in /Users/asad-dc/Local Sites/stone-stomper/app/public/wp-includes/functions.php on line 6121
[11-Sep-2025 16:46:54 UTC] PHP Notice:  wp_json_file_decode(): Error when decoding a JSON file at path /Users/asad-dc/Local Sites/stone-stomper/app/public/wp-content/themes/stone-stomper/theme.json: Syntax error in /Users/asad-dc/Local Sites/stone-stomper/app/public/wp-includes/functions.php on line 6121
[11-Sep-2025 16:46:54 UTC] PHP Warning:  Undefined variable $whmc_svaevluft in /Users/asad-dc/Local Sites/stone-stomper/app/public/wp-content/plugins/mini-cart-for-woocommerce/inc/class-whmc_cart.php on line 205
[11-Sep-2025 16:46:54 UTC] PHP Deprecated:  html_entity_decode(): Passing null to parameter #1 ($string) of type string is deprecated in /Users/asad-dc/Local Sites/stone-stomper/app/public/wp-content/themes/stone-stomper/404.php on line 30
[11-Sep-2025 16:46:54 UTC] PHP Deprecated:  html_entity_decode(): Passing null to parameter #1 ($string) of type string is deprecated in /Users/asad-dc/Local Sites/stone-stomper/app/public/wp-content/themes/stone-stomper/404.php on line 32
[11-Sep-2025 16:46:55 UTC] PHP Notice:  wp_json_file_decode(): Error when decoding a JSON file at path /Users/asad-dc/Local Sites/stone-stomper/app/public/wp-content/themes/stone-stomper/theme.json: Syntax error in /Users/asad-dc/Local Sites/stone-stomper/app/public/wp-includes/functions.php on line 6121
[11-Sep-2025 16:46:55 UTC] PHP Notice:  wp_json_file_decode(): Error when decoding a JSON file at path /Users/asad-dc/Local Sites/stone-stomper/app/public/wp-content/themes/stone-stomper/theme.json: Syntax error in /Users/asad-dc/Local Sites/stone-stomper/app/public/wp-includes/functions.php on line 6121
[11-Sep-2025 16:46:55 UTC] PHP Warning:  Undefined variable $whmc_svaevluft in /Users/asad-dc/Local Sites/stone-stomper/app/public/wp-content/plugins/mini-cart-for-woocommerce/inc/class-whmc_cart.php on line 205
[11-Sep-2025 16:46:56 UTC] PHP Notice:  wp_json_file_decode(): Error when decoding a JSON file at path /Users/asad-dc/Local Sites/stone-stomper/app/public/wp-content/themes/stone-stomper/theme.json: Syntax error in /Users/asad-dc/Local Sites/stone-stomper/app/public/wp-includes/functions.php on line 6121
[11-Sep-2025 16:46:56 UTC] PHP Notice:  wp_json_file_decode(): Error when decoding a JSON file at path /Users/asad-dc/Local Sites/stone-stomper/app/public/wp-content/themes/stone-stomper/theme.json: Syntax error in /Users/asad-dc/Local Sites/stone-stomper/app/public/wp-includes/functions.php on line 6121
[11-Sep-2025 16:46:56 UTC] PHP Warning:  Undefined variable $whmc_svaevluft in /Users/asad-dc/Local Sites/stone-stomper/app/public/wp-content/plugins/mini-cart-for-woocommerce/inc/class-whmc_cart.php on line 205
[11-Sep-2025 16:46:56 UTC] PHP Deprecated:  html_entity_decode(): Passing null to parameter #1 ($string) of type string is deprecated in /Users/asad-dc/Local Sites/stone-stomper/app/public/wp-content/themes/stone-stomper/404.php on line 30
[11-Sep-2025 16:46:56 UTC] PHP Deprecated:  html_entity_decode(): Passing null to parameter #1 ($string) of type string is deprecated in /Users/asad-dc/Local Sites/stone-stomper/app/public/wp-content/themes/stone-stomper/404.php on line 32
[11-Sep-2025 16:48:14 UTC] PHP Notice:  wp_json_file_decode(): Error when decoding a JSON file at path /Users/asad-dc/Local Sites/stone-stomper/app/public/wp-content/themes/stone-stomper/theme.json: Syntax error in /Users/asad-dc/Local Sites/stone-stomper/app/public/wp-includes/functions.php on line 6121
[11-Sep-2025 16:48:14 UTC] PHP Notice:  wp_json_file_decode(): Error when decoding a JSON file at path /Users/asad-dc/Local Sites/stone-stomper/app/public/wp-content/themes/stone-stomper/theme.json: Syntax error in /Users/asad-dc/Local Sites/stone-stomper/app/public/wp-includes/functions.php on line 6121
[11-Sep-2025 16:48:14 UTC] PHP Warning:  Undefined variable $whmc_svaevluft in /Users/asad-dc/Local Sites/stone-stomper/app/public/wp-content/plugins/mini-cart-for-woocommerce/inc/class-whmc_cart.php on line 205
[11-Sep-2025 16:48:15 UTC] PHP Notice:  wp_json_file_decode(): Error when decoding a JSON file at path /Users/asad-dc/Local Sites/stone-stomper/app/public/wp-content/themes/stone-stomper/theme.json: Syntax error in /Users/asad-dc/Local Sites/stone-stomper/app/public/wp-includes/functions.php on line 6121
[11-Sep-2025 16:48:15 UTC] PHP Notice:  wp_json_file_decode(): Error when decoding a JSON file at path /Users/asad-dc/Local Sites/stone-stomper/app/public/wp-content/themes/stone-stomper/theme.json: Syntax error in /Users/asad-dc/Local Sites/stone-stomper/app/public/wp-includes/functions.php on line 6121
[11-Sep-2025 16:48:15 UTC] PHP Warning:  Undefined variable $whmc_svaevluft in /Users/asad-dc/Local Sites/stone-stomper/app/public/wp-content/plugins/mini-cart-for-woocommerce/inc/class-whmc_cart.php on line 205
[11-Sep-2025 16:48:15 UTC] PHP Deprecated:  html_entity_decode(): Passing null to parameter #1 ($string) of type string is deprecated in /Users/asad-dc/Local Sites/stone-stomper/app/public/wp-content/themes/stone-stomper/404.php on line 30
[11-Sep-2025 16:48:15 UTC] PHP Deprecated:  html_entity_decode(): Passing null to parameter #1 ($string) of type string is deprecated in /Users/asad-dc/Local Sites/stone-stomper/app/public/wp-content/themes/stone-stomper/404.php on line 32
[11-Sep-2025 16:48:16 UTC] PHP Notice:  wp_json_file_decode(): Error when decoding a JSON file at path /Users/asad-dc/Local Sites/stone-stomper/app/public/wp-content/themes/stone-stomper/theme.json: Syntax error in /Users/asad-dc/Local Sites/stone-stomper/app/public/wp-includes/functions.php on line 6121
[11-Sep-2025 16:48:16 UTC] PHP Notice:  wp_json_file_decode(): Error when decoding a JSON file at path /Users/asad-dc/Local Sites/stone-stomper/app/public/wp-content/themes/stone-stomper/theme.json: Syntax error in /Users/asad-dc/Local Sites/stone-stomper/app/public/wp-includes/functions.php on line 6121
[11-Sep-2025 16:48:16 UTC] PHP Warning:  Undefined variable $whmc_svaevluft in /Users/asad-dc/Local Sites/stone-stomper/app/public/wp-content/plugins/mini-cart-for-woocommerce/inc/class-whmc_cart.php on line 205
[11-Sep-2025 16:48:17 UTC] PHP Notice:  wp_json_file_decode(): Error when decoding a JSON file at path /Users/asad-dc/Local Sites/stone-stomper/app/public/wp-content/themes/stone-stomper/theme.json: Syntax error in /Users/asad-dc/Local Sites/stone-stomper/app/public/wp-includes/functions.php on line 6121
[11-Sep-2025 16:48:17 UTC] PHP Notice:  wp_json_file_decode(): Error when decoding a JSON file at path /Users/asad-dc/Local Sites/stone-stomper/app/public/wp-content/themes/stone-stomper/theme.json: Syntax error in /Users/asad-dc/Local Sites/stone-stomper/app/public/wp-includes/functions.php on line 6121
[11-Sep-2025 16:48:17 UTC] PHP Warning:  Undefined variable $whmc_svaevluft in /Users/asad-dc/Local Sites/stone-stomper/app/public/wp-content/plugins/mini-cart-for-woocommerce/inc/class-whmc_cart.php on line 205
[11-Sep-2025 16:48:17 UTC] PHP Deprecated:  html_entity_decode(): Passing null to parameter #1 ($string) of type string is deprecated in /Users/asad-dc/Local Sites/stone-stomper/app/public/wp-content/themes/stone-stomper/404.php on line 30
[11-Sep-2025 16:48:17 UTC] PHP Deprecated:  html_entity_decode(): Passing null to parameter #1 ($string) of type string is deprecated in /Users/asad-dc/Local Sites/stone-stomper/app/public/wp-content/themes/stone-stomper/404.php on line 32
[11-Sep-2025 16:48:37 UTC] PHP Notice:  wp_json_file_decode(): Error when decoding a JSON file at path /Users/asad-dc/Local Sites/stone-stomper/app/public/wp-content/themes/stone-stomper/theme.json: Syntax error in /Users/asad-dc/Local Sites/stone-stomper/app/public/wp-includes/functions.php on line 6121
[11-Sep-2025 16:48:37 UTC] PHP Notice:  wp_json_file_decode(): Error when decoding a JSON file at path /Users/asad-dc/Local Sites/stone-stomper/app/public/wp-content/themes/stone-stomper/theme.json: Syntax error in /Users/asad-dc/Local Sites/stone-stomper/app/public/wp-includes/functions.php on line 6121
[11-Sep-2025 16:48:37 UTC] PHP Warning:  Undefined variable $whmc_svaevluft in /Users/asad-dc/Local Sites/stone-stomper/app/public/wp-content/plugins/mini-cart-for-woocommerce/inc/class-whmc_cart.php on line 205
[11-Sep-2025 16:48:38 UTC] PHP Notice:  wp_json_file_decode(): Error when decoding a JSON file at path /Users/asad-dc/Local Sites/stone-stomper/app/public/wp-content/themes/stone-stomper/theme.json: Syntax error in /Users/asad-dc/Local Sites/stone-stomper/app/public/wp-includes/functions.php on line 6121
[11-Sep-2025 16:48:38 UTC] PHP Notice:  wp_json_file_decode(): Error when decoding a JSON file at path /Users/asad-dc/Local Sites/stone-stomper/app/public/wp-content/themes/stone-stomper/theme.json: Syntax error in /Users/asad-dc/Local Sites/stone-stomper/app/public/wp-includes/functions.php on line 6121
[11-Sep-2025 16:48:38 UTC] PHP Warning:  Undefined variable $whmc_svaevluft in /Users/asad-dc/Local Sites/stone-stomper/app/public/wp-content/plugins/mini-cart-for-woocommerce/inc/class-whmc_cart.php on line 205
[11-Sep-2025 16:48:38 UTC] PHP Deprecated:  html_entity_decode(): Passing null to parameter #1 ($string) of type string is deprecated in /Users/asad-dc/Local Sites/stone-stomper/app/public/wp-content/themes/stone-stomper/404.php on line 30
[11-Sep-2025 16:48:38 UTC] PHP Deprecated:  html_entity_decode(): Passing null to parameter #1 ($string) of type string is deprecated in /Users/asad-dc/Local Sites/stone-stomper/app/public/wp-content/themes/stone-stomper/404.php on line 32
[11-Sep-2025 16:48:38 UTC] PHP Notice:  wp_json_file_decode(): Error when decoding a JSON file at path /Users/asad-dc/Local Sites/stone-stomper/app/public/wp-content/themes/stone-stomper/theme.json: Syntax error in /Users/asad-dc/Local Sites/stone-stomper/app/public/wp-includes/functions.php on line 6121
[11-Sep-2025 16:48:38 UTC] PHP Notice:  wp_json_file_decode(): Error when decoding a JSON file at path /Users/asad-dc/Local Sites/stone-stomper/app/public/wp-content/themes/stone-stomper/theme.json: Syntax error in /Users/asad-dc/Local Sites/stone-stomper/app/public/wp-includes/functions.php on line 6121
[11-Sep-2025 16:48:38 UTC] PHP Warning:  Undefined variable $whmc_svaevluft in /Users/asad-dc/Local Sites/stone-stomper/app/public/wp-content/plugins/mini-cart-for-woocommerce/inc/class-whmc_cart.php on line 205
[11-Sep-2025 16:48:40 UTC] PHP Notice:  wp_json_file_decode(): Error when decoding a JSON file at path /Users/asad-dc/Local Sites/stone-stomper/app/public/wp-content/themes/stone-stomper/theme.json: Syntax error in /Users/asad-dc/Local Sites/stone-stomper/app/public/wp-includes/functions.php on line 6121
[11-Sep-2025 16:48:40 UTC] PHP Notice:  wp_json_file_decode(): Error when decoding a JSON file at path /Users/asad-dc/Local Sites/stone-stomper/app/public/wp-content/themes/stone-stomper/theme.json: Syntax error in /Users/asad-dc/Local Sites/stone-stomper/app/public/wp-includes/functions.php on line 6121
[11-Sep-2025 16:48:40 UTC] PHP Notice:  wp_json_file_decode(): Error when decoding a JSON file at path /Users/asad-dc/Local Sites/stone-stomper/app/public/wp-content/themes/stone-stomper/theme.json: Syntax error in /Users/asad-dc/Local Sites/stone-stomper/app/public/wp-includes/functions.php on line 6121
[11-Sep-2025 16:48:40 UTC] PHP Warning:  Undefined variable $whmc_svaevluft in /Users/asad-dc/Local Sites/stone-stomper/app/public/wp-content/plugins/mini-cart-for-woocommerce/inc/class-whmc_cart.php on line 205
[11-Sep-2025 16:48:40 UTC] PHP Notice:  wp_json_file_decode(): Error when decoding a JSON file at path /Users/asad-dc/Local Sites/stone-stomper/app/public/wp-content/themes/stone-stomper/theme.json: Syntax error in /Users/asad-dc/Local Sites/stone-stomper/app/public/wp-includes/functions.php on line 6121
[11-Sep-2025 16:48:40 UTC] PHP Warning:  Undefined variable $whmc_svaevluft in /Users/asad-dc/Local Sites/stone-stomper/app/public/wp-content/plugins/mini-cart-for-woocommerce/inc/class-whmc_cart.php on line 205
[11-Sep-2025 16:48:40 UTC] PHP Deprecated:  html_entity_decode(): Passing null to parameter #1 ($string) of type string is deprecated in /Users/asad-dc/Local Sites/stone-stomper/app/public/wp-content/themes/stone-stomper/404.php on line 30
[11-Sep-2025 16:48:40 UTC] PHP Deprecated:  html_entity_decode(): Passing null to parameter #1 ($string) of type string is deprecated in /Users/asad-dc/Local Sites/stone-stomper/app/public/wp-content/themes/stone-stomper/404.php on line 32
[11-Sep-2025 16:48:40 UTC] PHP Notice:  wp_json_file_decode(): Error when decoding a JSON file at path /Users/asad-dc/Local Sites/stone-stomper/app/public/wp-content/themes/stone-stomper/theme.json: Syntax error in /Users/asad-dc/Local Sites/stone-stomper/app/public/wp-includes/functions.php on line 6121
[11-Sep-2025 16:48:41 UTC] PHP Notice:  wp_json_file_decode(): Error when decoding a JSON file at path /Users/asad-dc/Local Sites/stone-stomper/app/public/wp-content/themes/stone-stomper/theme.json: Syntax error in /Users/asad-dc/Local Sites/stone-stomper/app/public/wp-includes/functions.php on line 6121
[11-Sep-2025 16:48:41 UTC] PHP Warning:  Undefined variable $whmc_svaevluft in /Users/asad-dc/Local Sites/stone-stomper/app/public/wp-content/plugins/mini-cart-for-woocommerce/inc/class-whmc_cart.php on line 205
[11-Sep-2025 16:48:41 UTC] PHP Deprecated:  html_entity_decode(): Passing null to parameter #1 ($string) of type string is deprecated in /Users/asad-dc/Local Sites/stone-stomper/app/public/wp-content/themes/stone-stomper/404.php on line 30
[11-Sep-2025 16:48:41 UTC] PHP Deprecated:  html_entity_decode(): Passing null to parameter #1 ($string) of type string is deprecated in /Users/asad-dc/Local Sites/stone-stomper/app/public/wp-content/themes/stone-stomper/404.php on line 32
[11-Sep-2025 16:48:41 UTC] PHP Notice:  wp_json_file_decode(): Error when decoding a JSON file at path /Users/asad-dc/Local Sites/stone-stomper/app/public/wp-content/themes/stone-stomper/theme.json: Syntax error in /Users/asad-dc/Local Sites/stone-stomper/app/public/wp-includes/functions.php on line 6121
[11-Sep-2025 16:48:41 UTC] PHP Notice:  wp_json_file_decode(): Error when decoding a JSON file at path /Users/asad-dc/Local Sites/stone-stomper/app/public/wp-content/themes/stone-stomper/theme.json: Syntax error in /Users/asad-dc/Local Sites/stone-stomper/app/public/wp-includes/functions.php on line 6121
[11-Sep-2025 16:48:41 UTC] PHP Warning:  Undefined variable $whmc_svaevluft in /Users/asad-dc/Local Sites/stone-stomper/app/public/wp-content/plugins/mini-cart-for-woocommerce/inc/class-whmc_cart.php on line 205
[11-Sep-2025 16:48:41 UTC] PHP Deprecated:  html_entity_decode(): Passing null to parameter #1 ($string) of type string is deprecated in /Users/asad-dc/Local Sites/stone-stomper/app/public/wp-content/themes/stone-stomper/404.php on line 30
[11-Sep-2025 16:48:41 UTC] PHP Deprecated:  html_entity_decode(): Passing null to parameter #1 ($string) of type string is deprecated in /Users/asad-dc/Local Sites/stone-stomper/app/public/wp-content/themes/stone-stomper/404.php on line 32
[11-Sep-2025 16:48:42 UTC] PHP Notice:  wp_json_file_decode(): Error when decoding a JSON file at path /Users/asad-dc/Local Sites/stone-stomper/app/public/wp-content/themes/stone-stomper/theme.json: Syntax error in /Users/asad-dc/Local Sites/stone-stomper/app/public/wp-includes/functions.php on line 6121
[11-Sep-2025 16:48:42 UTC] PHP Notice:  wp_json_file_decode(): Error when decoding a JSON file at path /Users/asad-dc/Local Sites/stone-stomper/app/public/wp-content/themes/stone-stomper/theme.json: Syntax error in /Users/asad-dc/Local Sites/stone-stomper/app/public/wp-includes/functions.php on line 6121
[11-Sep-2025 16:48:42 UTC] PHP Warning:  Undefined variable $whmc_svaevluft in /Users/asad-dc/Local Sites/stone-stomper/app/public/wp-content/plugins/mini-cart-for-woocommerce/inc/class-whmc_cart.php on line 205
[11-Sep-2025 16:48:42 UTC] PHP Deprecated:  html_entity_decode(): Passing null to parameter #1 ($string) of type string is deprecated in /Users/asad-dc/Local Sites/stone-stomper/app/public/wp-content/themes/stone-stomper/404.php on line 30
[11-Sep-2025 16:48:42 UTC] PHP Deprecated:  html_entity_decode(): Passing null to parameter #1 ($string) of type string is deprecated in /Users/asad-dc/Local Sites/stone-stomper/app/public/wp-content/themes/stone-stomper/404.php on line 32
[11-Sep-2025 16:48:52 UTC] PHP Notice:  wp_json_file_decode(): Error when decoding a JSON file at path /Users/asad-dc/Local Sites/stone-stomper/app/public/wp-content/themes/stone-stomper/theme.json: Syntax error in /Users/asad-dc/Local Sites/stone-stomper/app/public/wp-includes/functions.php on line 6121
[11-Sep-2025 16:48:52 UTC] PHP Notice:  wp_json_file_decode(): Error when decoding a JSON file at path /Users/asad-dc/Local Sites/stone-stomper/app/public/wp-content/themes/stone-stomper/theme.json: Syntax error in /Users/asad-dc/Local Sites/stone-stomper/app/public/wp-includes/functions.php on line 6121
[11-Sep-2025 16:48:52 UTC] PHP Warning:  Undefined variable $whmc_svaevluft in /Users/asad-dc/Local Sites/stone-stomper/app/public/wp-content/plugins/mini-cart-for-woocommerce/inc/class-whmc_cart.php on line 205
[11-Sep-2025 16:48:52 UTC] PHP Notice:  wp_json_file_decode(): Error when decoding a JSON file at path /Users/asad-dc/Local Sites/stone-stomper/app/public/wp-content/themes/stone-stomper/theme.json: Syntax error in /Users/asad-dc/Local Sites/stone-stomper/app/public/wp-includes/functions.php on line 6121
[11-Sep-2025 16:48:52 UTC] PHP Notice:  wp_json_file_decode(): Error when decoding a JSON file at path /Users/asad-dc/Local Sites/stone-stomper/app/public/wp-content/themes/stone-stomper/theme.json: Syntax error in /Users/asad-dc/Local Sites/stone-stomper/app/public/wp-includes/functions.php on line 6121
[11-Sep-2025 16:48:52 UTC] PHP Warning:  Undefined variable $whmc_svaevluft in /Users/asad-dc/Local Sites/stone-stomper/app/public/wp-content/plugins/mini-cart-for-woocommerce/inc/class-whmc_cart.php on line 205
[11-Sep-2025 16:48:52 UTC] PHP Deprecated:  html_entity_decode(): Passing null to parameter #1 ($string) of type string is deprecated in /Users/asad-dc/Local Sites/stone-stomper/app/public/wp-content/themes/stone-stomper/404.php on line 30
[11-Sep-2025 16:48:52 UTC] PHP Deprecated:  html_entity_decode(): Passing null to parameter #1 ($string) of type string is deprecated in /Users/asad-dc/Local Sites/stone-stomper/app/public/wp-content/themes/stone-stomper/404.php on line 32
[11-Sep-2025 16:48:52 UTC] PHP Warning:  Array to string conversion in /Users/asad-dc/Local Sites/stone-stomper/app/public/wp-includes/formatting.php on line 1096
[11-Sep-2025 16:48:52 UTC] PHP Warning:  Array to string conversion in /Users/asad-dc/Local Sites/stone-stomper/app/public/wp-includes/formatting.php on line 1096
[11-Sep-2025 16:48:53 UTC] PHP Notice:  wp_json_file_decode(): Error when decoding a JSON file at path /Users/asad-dc/Local Sites/stone-stomper/app/public/wp-content/themes/stone-stomper/theme.json: Syntax error in /Users/asad-dc/Local Sites/stone-stomper/app/public/wp-includes/functions.php on line 6121
[11-Sep-2025 16:48:53 UTC] PHP Notice:  wp_json_file_decode(): Error when decoding a JSON file at path /Users/asad-dc/Local Sites/stone-stomper/app/public/wp-content/themes/stone-stomper/theme.json: Syntax error in /Users/asad-dc/Local Sites/stone-stomper/app/public/wp-includes/functions.php on line 6121
[11-Sep-2025 16:48:53 UTC] PHP Warning:  Undefined variable $whmc_svaevluft in /Users/asad-dc/Local Sites/stone-stomper/app/public/wp-content/plugins/mini-cart-for-woocommerce/inc/class-whmc_cart.php on line 205
[11-Sep-2025 16:48:53 UTC] PHP Warning:  Array to string conversion in /Users/asad-dc/Local Sites/stone-stomper/app/public/wp-includes/formatting.php on line 1096
[11-Sep-2025 16:48:54 UTC] PHP Notice:  wp_json_file_decode(): Error when decoding a JSON file at path /Users/asad-dc/Local Sites/stone-stomper/app/public/wp-content/themes/stone-stomper/theme.json: Syntax error in /Users/asad-dc/Local Sites/stone-stomper/app/public/wp-includes/functions.php on line 6121
[11-Sep-2025 16:48:54 UTC] PHP Notice:  wp_json_file_decode(): Error when decoding a JSON file at path /Users/asad-dc/Local Sites/stone-stomper/app/public/wp-content/themes/stone-stomper/theme.json: Syntax error in /Users/asad-dc/Local Sites/stone-stomper/app/public/wp-includes/functions.php on line 6121
[11-Sep-2025 16:48:54 UTC] PHP Warning:  Undefined variable $whmc_svaevluft in /Users/asad-dc/Local Sites/stone-stomper/app/public/wp-content/plugins/mini-cart-for-woocommerce/inc/class-whmc_cart.php on line 205
[11-Sep-2025 16:48:54 UTC] PHP Notice:  wp_json_file_decode(): Error when decoding a JSON file at path /Users/asad-dc/Local Sites/stone-stomper/app/public/wp-content/themes/stone-stomper/theme.json: Syntax error in /Users/asad-dc/Local Sites/stone-stomper/app/public/wp-includes/functions.php on line 6121
[11-Sep-2025 16:48:54 UTC] PHP Deprecated:  html_entity_decode(): Passing null to parameter #1 ($string) of type string is deprecated in /Users/asad-dc/Local Sites/stone-stomper/app/public/wp-content/themes/stone-stomper/404.php on line 30
[11-Sep-2025 16:48:54 UTC] PHP Deprecated:  html_entity_decode(): Passing null to parameter #1 ($string) of type string is deprecated in /Users/asad-dc/Local Sites/stone-stomper/app/public/wp-content/themes/stone-stomper/404.php on line 32
[11-Sep-2025 16:48:54 UTC] PHP Notice:  wp_json_file_decode(): Error when decoding a JSON file at path /Users/asad-dc/Local Sites/stone-stomper/app/public/wp-content/themes/stone-stomper/theme.json: Syntax error in /Users/asad-dc/Local Sites/stone-stomper/app/public/wp-includes/functions.php on line 6121
[11-Sep-2025 16:48:54 UTC] PHP Warning:  Array to string conversion in /Users/asad-dc/Local Sites/stone-stomper/app/public/wp-includes/formatting.php on line 1096
[11-Sep-2025 16:48:54 UTC] PHP Warning:  Undefined variable $whmc_svaevluft in /Users/asad-dc/Local Sites/stone-stomper/app/public/wp-content/plugins/mini-cart-for-woocommerce/inc/class-whmc_cart.php on line 205
[11-Sep-2025 16:48:54 UTC] PHP Warning:  Array to string conversion in /Users/asad-dc/Local Sites/stone-stomper/app/public/wp-includes/formatting.php on line 1096
[11-Sep-2025 16:48:54 UTC] PHP Notice:  wp_json_file_decode(): Error when decoding a JSON file at path /Users/asad-dc/Local Sites/stone-stomper/app/public/wp-content/themes/stone-stomper/theme.json: Syntax error in /Users/asad-dc/Local Sites/stone-stomper/app/public/wp-includes/functions.php on line 6121
[11-Sep-2025 16:48:54 UTC] PHP Notice:  wp_json_file_decode(): Error when decoding a JSON file at path /Users/asad-dc/Local Sites/stone-stomper/app/public/wp-content/themes/stone-stomper/theme.json: Syntax error in /Users/asad-dc/Local Sites/stone-stomper/app/public/wp-includes/functions.php on line 6121
[11-Sep-2025 16:48:54 UTC] PHP Warning:  Undefined variable $whmc_svaevluft in /Users/asad-dc/Local Sites/stone-stomper/app/public/wp-content/plugins/mini-cart-for-woocommerce/inc/class-whmc_cart.php on line 205
[11-Sep-2025 16:48:54 UTC] PHP Deprecated:  html_entity_decode(): Passing null to parameter #1 ($string) of type string is deprecated in /Users/asad-dc/Local Sites/stone-stomper/app/public/wp-content/themes/stone-stomper/404.php on line 30
[11-Sep-2025 16:48:54 UTC] PHP Deprecated:  html_entity_decode(): Passing null to parameter #1 ($string) of type string is deprecated in /Users/asad-dc/Local Sites/stone-stomper/app/public/wp-content/themes/stone-stomper/404.php on line 32
[11-Sep-2025 16:48:54 UTC] PHP Warning:  Array to string conversion in /Users/asad-dc/Local Sites/stone-stomper/app/public/wp-includes/formatting.php on line 1096
[11-Sep-2025 16:48:55 UTC] PHP Notice:  wp_json_file_decode(): Error when decoding a JSON file at path /Users/asad-dc/Local Sites/stone-stomper/app/public/wp-content/themes/stone-stomper/theme.json: Syntax error in /Users/asad-dc/Local Sites/stone-stomper/app/public/wp-includes/functions.php on line 6121
[11-Sep-2025 16:48:55 UTC] PHP Notice:  wp_json_file_decode(): Error when decoding a JSON file at path /Users/asad-dc/Local Sites/stone-stomper/app/public/wp-content/themes/stone-stomper/theme.json: Syntax error in /Users/asad-dc/Local Sites/stone-stomper/app/public/wp-includes/functions.php on line 6121
[11-Sep-2025 16:48:55 UTC] PHP Warning:  Undefined variable $whmc_svaevluft in /Users/asad-dc/Local Sites/stone-stomper/app/public/wp-content/plugins/mini-cart-for-woocommerce/inc/class-whmc_cart.php on line 205
[11-Sep-2025 16:48:55 UTC] PHP Deprecated:  html_entity_decode(): Passing null to parameter #1 ($string) of type string is deprecated in /Users/asad-dc/Local Sites/stone-stomper/app/public/wp-content/themes/stone-stomper/404.php on line 30
[11-Sep-2025 16:48:55 UTC] PHP Deprecated:  html_entity_decode(): Passing null to parameter #1 ($string) of type string is deprecated in /Users/asad-dc/Local Sites/stone-stomper/app/public/wp-content/themes/stone-stomper/404.php on line 32
[11-Sep-2025 16:48:55 UTC] PHP Warning:  Array to string conversion in /Users/asad-dc/Local Sites/stone-stomper/app/public/wp-includes/formatting.php on line 1096
[11-Sep-2025 16:49:03 UTC] PHP Notice:  wp_json_file_decode(): Error when decoding a JSON file at path /Users/asad-dc/Local Sites/stone-stomper/app/public/wp-content/themes/stone-stomper/theme.json: Syntax error in /Users/asad-dc/Local Sites/stone-stomper/app/public/wp-includes/functions.php on line 6121
[11-Sep-2025 16:49:03 UTC] PHP Notice:  wp_json_file_decode(): Error when decoding a JSON file at path /Users/asad-dc/Local Sites/stone-stomper/app/public/wp-content/themes/stone-stomper/theme.json: Syntax error in /Users/asad-dc/Local Sites/stone-stomper/app/public/wp-includes/functions.php on line 6121
[11-Sep-2025 16:49:03 UTC] PHP Warning:  Undefined variable $whmc_svaevluft in /Users/asad-dc/Local Sites/stone-stomper/app/public/wp-content/plugins/mini-cart-for-woocommerce/inc/class-whmc_cart.php on line 205
[11-Sep-2025 16:49:04 UTC] PHP Warning:  Array to string conversion in /Users/asad-dc/Local Sites/stone-stomper/app/public/wp-includes/formatting.php on line 1096
[11-Sep-2025 16:49:04 UTC] PHP Notice:  wp_json_file_decode(): Error when decoding a JSON file at path /Users/asad-dc/Local Sites/stone-stomper/app/public/wp-content/themes/stone-stomper/theme.json: Syntax error in /Users/asad-dc/Local Sites/stone-stomper/app/public/wp-includes/functions.php on line 6121
[11-Sep-2025 16:49:04 UTC] PHP Notice:  wp_json_file_decode(): Error when decoding a JSON file at path /Users/asad-dc/Local Sites/stone-stomper/app/public/wp-content/themes/stone-stomper/theme.json: Syntax error in /Users/asad-dc/Local Sites/stone-stomper/app/public/wp-includes/functions.php on line 6121
[11-Sep-2025 16:49:04 UTC] PHP Notice:  wp_json_file_decode(): Error when decoding a JSON file at path /Users/asad-dc/Local Sites/stone-stomper/app/public/wp-content/themes/stone-stomper/theme.json: Syntax error in /Users/asad-dc/Local Sites/stone-stomper/app/public/wp-includes/functions.php on line 6121
[11-Sep-2025 16:49:04 UTC] PHP Notice:  wp_json_file_decode(): Error when decoding a JSON file at path /Users/asad-dc/Local Sites/stone-stomper/app/public/wp-content/themes/stone-stomper/theme.json: Syntax error in /Users/asad-dc/Local Sites/stone-stomper/app/public/wp-includes/functions.php on line 6121
[11-Sep-2025 16:49:04 UTC] PHP Warning:  Undefined variable $whmc_svaevluft in /Users/asad-dc/Local Sites/stone-stomper/app/public/wp-content/plugins/mini-cart-for-woocommerce/inc/class-whmc_cart.php on line 205
[11-Sep-2025 16:49:04 UTC] PHP Warning:  Undefined variable $whmc_svaevluft in /Users/asad-dc/Local Sites/stone-stomper/app/public/wp-content/plugins/mini-cart-for-woocommerce/inc/class-whmc_cart.php on line 205
[11-Sep-2025 16:49:04 UTC] PHP Deprecated:  html_entity_decode(): Passing null to parameter #1 ($string) of type string is deprecated in /Users/asad-dc/Local Sites/stone-stomper/app/public/wp-content/themes/stone-stomper/404.php on line 30
[11-Sep-2025 16:49:04 UTC] PHP Deprecated:  html_entity_decode(): Passing null to parameter #1 ($string) of type string is deprecated in /Users/asad-dc/Local Sites/stone-stomper/app/public/wp-content/themes/stone-stomper/404.php on line 32
[11-Sep-2025 16:49:04 UTC] PHP Deprecated:  html_entity_decode(): Passing null to parameter #1 ($string) of type string is deprecated in /Users/asad-dc/Local Sites/stone-stomper/app/public/wp-content/themes/stone-stomper/404.php on line 30
[11-Sep-2025 16:49:04 UTC] PHP Deprecated:  html_entity_decode(): Passing null to parameter #1 ($string) of type string is deprecated in /Users/asad-dc/Local Sites/stone-stomper/app/public/wp-content/themes/stone-stomper/404.php on line 32
[11-Sep-2025 16:49:04 UTC] PHP Warning:  Array to string conversion in /Users/asad-dc/Local Sites/stone-stomper/app/public/wp-includes/formatting.php on line 1096
[11-Sep-2025 16:49:04 UTC] PHP Warning:  Array to string conversion in /Users/asad-dc/Local Sites/stone-stomper/app/public/wp-includes/formatting.php on line 1096
[11-Sep-2025 16:49:06 UTC] PHP Notice:  wp_json_file_decode(): Error when decoding a JSON file at path /Users/asad-dc/Local Sites/stone-stomper/app/public/wp-content/themes/stone-stomper/theme.json: Syntax error in /Users/asad-dc/Local Sites/stone-stomper/app/public/wp-includes/functions.php on line 6121
[11-Sep-2025 16:49:06 UTC] PHP Notice:  wp_json_file_decode(): Error when decoding a JSON file at path /Users/asad-dc/Local Sites/stone-stomper/app/public/wp-content/themes/stone-stomper/theme.json: Syntax error in /Users/asad-dc/Local Sites/stone-stomper/app/public/wp-includes/functions.php on line 6121
[11-Sep-2025 16:49:06 UTC] PHP Warning:  Undefined variable $whmc_svaevluft in /Users/asad-dc/Local Sites/stone-stomper/app/public/wp-content/plugins/mini-cart-for-woocommerce/inc/class-whmc_cart.php on line 205
[11-Sep-2025 16:49:06 UTC] PHP Deprecated:  html_entity_decode(): Passing null to parameter #1 ($string) of type string is deprecated in /Users/asad-dc/Local Sites/stone-stomper/app/public/wp-content/themes/stone-stomper/404.php on line 30
[11-Sep-2025 16:49:06 UTC] PHP Deprecated:  html_entity_decode(): Passing null to parameter #1 ($string) of type string is deprecated in /Users/asad-dc/Local Sites/stone-stomper/app/public/wp-content/themes/stone-stomper/404.php on line 32
[11-Sep-2025 16:49:06 UTC] PHP Warning:  Array to string conversion in /Users/asad-dc/Local Sites/stone-stomper/app/public/wp-includes/formatting.php on line 1096
[11-Sep-2025 16:49:16 UTC] PHP Notice:  wp_json_file_decode(): Error when decoding a JSON file at path /Users/asad-dc/Local Sites/stone-stomper/app/public/wp-content/themes/stone-stomper/theme.json: Syntax error in /Users/asad-dc/Local Sites/stone-stomper/app/public/wp-includes/functions.php on line 6121
[11-Sep-2025 16:49:16 UTC] PHP Notice:  wp_json_file_decode(): Error when decoding a JSON file at path /Users/asad-dc/Local Sites/stone-stomper/app/public/wp-content/themes/stone-stomper/theme.json: Syntax error in /Users/asad-dc/Local Sites/stone-stomper/app/public/wp-includes/functions.php on line 6121
[11-Sep-2025 16:49:16 UTC] PHP Warning:  Undefined variable $whmc_svaevluft in /Users/asad-dc/Local Sites/stone-stomper/app/public/wp-content/plugins/mini-cart-for-woocommerce/inc/class-whmc_cart.php on line 205
[11-Sep-2025 16:49:16 UTC] PHP Notice:  wp_json_file_decode(): Error when decoding a JSON file at path /Users/asad-dc/Local Sites/stone-stomper/app/public/wp-content/themes/stone-stomper/theme.json: Syntax error in /Users/asad-dc/Local Sites/stone-stomper/app/public/wp-includes/functions.php on line 6121
[11-Sep-2025 16:49:16 UTC] PHP Notice:  wp_json_file_decode(): Error when decoding a JSON file at path /Users/asad-dc/Local Sites/stone-stomper/app/public/wp-content/themes/stone-stomper/theme.json: Syntax error in /Users/asad-dc/Local Sites/stone-stomper/app/public/wp-includes/functions.php on line 6121
[11-Sep-2025 16:49:16 UTC] PHP Warning:  Undefined variable $whmc_svaevluft in /Users/asad-dc/Local Sites/stone-stomper/app/public/wp-content/plugins/mini-cart-for-woocommerce/inc/class-whmc_cart.php on line 205
[11-Sep-2025 16:49:16 UTC] PHP Deprecated:  html_entity_decode(): Passing null to parameter #1 ($string) of type string is deprecated in /Users/asad-dc/Local Sites/stone-stomper/app/public/wp-content/themes/stone-stomper/404.php on line 30
[11-Sep-2025 16:49:16 UTC] PHP Deprecated:  html_entity_decode(): Passing null to parameter #1 ($string) of type string is deprecated in /Users/asad-dc/Local Sites/stone-stomper/app/public/wp-content/themes/stone-stomper/404.php on line 32
[11-Sep-2025 16:49:17 UTC] PHP Notice:  wp_json_file_decode(): Error when decoding a JSON file at path /Users/asad-dc/Local Sites/stone-stomper/app/public/wp-content/themes/stone-stomper/theme.json: Syntax error in /Users/asad-dc/Local Sites/stone-stomper/app/public/wp-includes/functions.php on line 6121
[11-Sep-2025 16:49:17 UTC] PHP Notice:  wp_json_file_decode(): Error when decoding a JSON file at path /Users/asad-dc/Local Sites/stone-stomper/app/public/wp-content/themes/stone-stomper/theme.json: Syntax error in /Users/asad-dc/Local Sites/stone-stomper/app/public/wp-includes/functions.php on line 6121
[11-Sep-2025 16:49:17 UTC] PHP Warning:  Undefined variable $whmc_svaevluft in /Users/asad-dc/Local Sites/stone-stomper/app/public/wp-content/plugins/mini-cart-for-woocommerce/inc/class-whmc_cart.php on line 205
[11-Sep-2025 16:49:19 UTC] PHP Notice:  wp_json_file_decode(): Error when decoding a JSON file at path /Users/asad-dc/Local Sites/stone-stomper/app/public/wp-content/themes/stone-stomper/theme.json: Syntax error in /Users/asad-dc/Local Sites/stone-stomper/app/public/wp-includes/functions.php on line 6121
[11-Sep-2025 16:49:19 UTC] PHP Notice:  wp_json_file_decode(): Error when decoding a JSON file at path /Users/asad-dc/Local Sites/stone-stomper/app/public/wp-content/themes/stone-stomper/theme.json: Syntax error in /Users/asad-dc/Local Sites/stone-stomper/app/public/wp-includes/functions.php on line 6121
[11-Sep-2025 16:49:19 UTC] PHP Warning:  Undefined variable $whmc_svaevluft in /Users/asad-dc/Local Sites/stone-stomper/app/public/wp-content/plugins/mini-cart-for-woocommerce/inc/class-whmc_cart.php on line 205
[11-Sep-2025 16:49:19 UTC] PHP Deprecated:  html_entity_decode(): Passing null to parameter #1 ($string) of type string is deprecated in /Users/asad-dc/Local Sites/stone-stomper/app/public/wp-content/themes/stone-stomper/404.php on line 30
[11-Sep-2025 16:49:19 UTC] PHP Deprecated:  html_entity_decode(): Passing null to parameter #1 ($string) of type string is deprecated in /Users/asad-dc/Local Sites/stone-stomper/app/public/wp-content/themes/stone-stomper/404.php on line 32
[11-Sep-2025 17:28:30 UTC] PHP Notice:  wp_json_file_decode(): Error when decoding a JSON file at path /Users/asad-dc/Local Sites/stone-stomper/app/public/wp-content/themes/stone-stomper/theme.json: Syntax error in /Users/asad-dc/Local Sites/stone-stomper/app/public/wp-includes/functions.php on line 6121
[11-Sep-2025 17:28:30 UTC] PHP Notice:  wp_json_file_decode(): Error when decoding a JSON file at path /Users/asad-dc/Local Sites/stone-stomper/app/public/wp-content/themes/stone-stomper/theme.json: Syntax error in /Users/asad-dc/Local Sites/stone-stomper/app/public/wp-includes/functions.php on line 6121
[11-Sep-2025 17:28:30 UTC] PHP Warning:  Undefined variable $whmc_svaevluft in /Users/asad-dc/Local Sites/stone-stomper/app/public/wp-content/plugins/mini-cart-for-woocommerce/inc/class-whmc_cart.php on line 205
[11-Sep-2025 17:28:31 UTC] PHP Notice:  wp_json_file_decode(): Error when decoding a JSON file at path /Users/asad-dc/Local Sites/stone-stomper/app/public/wp-content/themes/stone-stomper/theme.json: Syntax error in /Users/asad-dc/Local Sites/stone-stomper/app/public/wp-includes/functions.php on line 6121
[11-Sep-2025 17:28:31 UTC] PHP Notice:  wp_json_file_decode(): Error when decoding a JSON file at path /Users/asad-dc/Local Sites/stone-stomper/app/public/wp-content/themes/stone-stomper/theme.json: Syntax error in /Users/asad-dc/Local Sites/stone-stomper/app/public/wp-includes/functions.php on line 6121
[11-Sep-2025 17:28:31 UTC] PHP Warning:  Undefined variable $whmc_svaevluft in /Users/asad-dc/Local Sites/stone-stomper/app/public/wp-content/plugins/mini-cart-for-woocommerce/inc/class-whmc_cart.php on line 205
[11-Sep-2025 17:28:31 UTC] PHP Deprecated:  html_entity_decode(): Passing null to parameter #1 ($string) of type string is deprecated in /Users/asad-dc/Local Sites/stone-stomper/app/public/wp-content/themes/stone-stomper/404.php on line 30
[11-Sep-2025 17:28:31 UTC] PHP Deprecated:  html_entity_decode(): Passing null to parameter #1 ($string) of type string is deprecated in /Users/asad-dc/Local Sites/stone-stomper/app/public/wp-content/themes/stone-stomper/404.php on line 32
[11-Sep-2025 17:28:34 UTC] PHP Notice:  wp_json_file_decode(): Error when decoding a JSON file at path /Users/asad-dc/Local Sites/stone-stomper/app/public/wp-content/themes/stone-stomper/theme.json: Syntax error in /Users/asad-dc/Local Sites/stone-stomper/app/public/wp-includes/functions.php on line 6121
[11-Sep-2025 17:28:34 UTC] PHP Notice:  wp_json_file_decode(): Error when decoding a JSON file at path /Users/asad-dc/Local Sites/stone-stomper/app/public/wp-content/themes/stone-stomper/theme.json: Syntax error in /Users/asad-dc/Local Sites/stone-stomper/app/public/wp-includes/functions.php on line 6121
[11-Sep-2025 17:28:34 UTC] PHP Warning:  Undefined variable $whmc_svaevluft in /Users/asad-dc/Local Sites/stone-stomper/app/public/wp-content/plugins/mini-cart-for-woocommerce/inc/class-whmc_cart.php on line 205
[11-Sep-2025 17:28:34 UTC] PHP Notice:  wp_json_file_decode(): Error when decoding a JSON file at path /Users/asad-dc/Local Sites/stone-stomper/app/public/wp-content/themes/stone-stomper/theme.json: Syntax error in /Users/asad-dc/Local Sites/stone-stomper/app/public/wp-includes/functions.php on line 6121
[11-Sep-2025 17:28:34 UTC] PHP Notice:  wp_json_file_decode(): Error when decoding a JSON file at path /Users/asad-dc/Local Sites/stone-stomper/app/public/wp-content/themes/stone-stomper/theme.json: Syntax error in /Users/asad-dc/Local Sites/stone-stomper/app/public/wp-includes/functions.php on line 6121
[11-Sep-2025 17:28:35 UTC] PHP Warning:  Undefined variable $whmc_svaevluft in /Users/asad-dc/Local Sites/stone-stomper/app/public/wp-content/plugins/mini-cart-for-woocommerce/inc/class-whmc_cart.php on line 205
[11-Sep-2025 17:28:35 UTC] PHP Deprecated:  html_entity_decode(): Passing null to parameter #1 ($string) of type string is deprecated in /Users/asad-dc/Local Sites/stone-stomper/app/public/wp-content/themes/stone-stomper/404.php on line 30
[11-Sep-2025 17:28:35 UTC] PHP Deprecated:  html_entity_decode(): Passing null to parameter #1 ($string) of type string is deprecated in /Users/asad-dc/Local Sites/stone-stomper/app/public/wp-content/themes/stone-stomper/404.php on line 32
[11-Sep-2025 17:28:35 UTC] PHP Warning:  Array to string conversion in /Users/asad-dc/Local Sites/stone-stomper/app/public/wp-includes/formatting.php on line 1096
[11-Sep-2025 17:28:35 UTC] PHP Warning:  Array to string conversion in /Users/asad-dc/Local Sites/stone-stomper/app/public/wp-includes/formatting.php on line 1096
[11-Sep-2025 17:28:35 UTC] PHP Notice:  wp_json_file_decode(): Error when decoding a JSON file at path /Users/asad-dc/Local Sites/stone-stomper/app/public/wp-content/themes/stone-stomper/theme.json: Syntax error in /Users/asad-dc/Local Sites/stone-stomper/app/public/wp-includes/functions.php on line 6121
[11-Sep-2025 17:28:35 UTC] PHP Notice:  wp_json_file_decode(): Error when decoding a JSON file at path /Users/asad-dc/Local Sites/stone-stomper/app/public/wp-content/themes/stone-stomper/theme.json: Syntax error in /Users/asad-dc/Local Sites/stone-stomper/app/public/wp-includes/functions.php on line 6121
[11-Sep-2025 17:28:35 UTC] PHP Warning:  Undefined variable $whmc_svaevluft in /Users/asad-dc/Local Sites/stone-stomper/app/public/wp-content/plugins/mini-cart-for-woocommerce/inc/class-whmc_cart.php on line 205
[11-Sep-2025 17:28:35 UTC] PHP Warning:  Array to string conversion in /Users/asad-dc/Local Sites/stone-stomper/app/public/wp-includes/formatting.php on line 1096
[11-Sep-2025 17:28:36 UTC] PHP Notice:  wp_json_file_decode(): Error when decoding a JSON file at path /Users/asad-dc/Local Sites/stone-stomper/app/public/wp-content/themes/stone-stomper/theme.json: Syntax error in /Users/asad-dc/Local Sites/stone-stomper/app/public/wp-includes/functions.php on line 6121
[11-Sep-2025 17:28:36 UTC] PHP Notice:  wp_json_file_decode(): Error when decoding a JSON file at path /Users/asad-dc/Local Sites/stone-stomper/app/public/wp-content/themes/stone-stomper/theme.json: Syntax error in /Users/asad-dc/Local Sites/stone-stomper/app/public/wp-includes/functions.php on line 6121
[11-Sep-2025 17:28:36 UTC] PHP Warning:  Undefined variable $whmc_svaevluft in /Users/asad-dc/Local Sites/stone-stomper/app/public/wp-content/plugins/mini-cart-for-woocommerce/inc/class-whmc_cart.php on line 205
[11-Sep-2025 17:28:36 UTC] PHP Warning:  Array to string conversion in /Users/asad-dc/Local Sites/stone-stomper/app/public/wp-includes/formatting.php on line 1096
[11-Sep-2025 17:28:37 UTC] PHP Notice:  wp_json_file_decode(): Error when decoding a JSON file at path /Users/asad-dc/Local Sites/stone-stomper/app/public/wp-content/themes/stone-stomper/theme.json: Syntax error in /Users/asad-dc/Local Sites/stone-stomper/app/public/wp-includes/functions.php on line 6121
[11-Sep-2025 17:28:37 UTC] PHP Notice:  wp_json_file_decode(): Error when decoding a JSON file at path /Users/asad-dc/Local Sites/stone-stomper/app/public/wp-content/themes/stone-stomper/theme.json: Syntax error in /Users/asad-dc/Local Sites/stone-stomper/app/public/wp-includes/functions.php on line 6121
[11-Sep-2025 17:28:37 UTC] PHP Warning:  Undefined variable $whmc_svaevluft in /Users/asad-dc/Local Sites/stone-stomper/app/public/wp-content/plugins/mini-cart-for-woocommerce/inc/class-whmc_cart.php on line 205
[11-Sep-2025 17:28:37 UTC] PHP Deprecated:  html_entity_decode(): Passing null to parameter #1 ($string) of type string is deprecated in /Users/asad-dc/Local Sites/stone-stomper/app/public/wp-content/themes/stone-stomper/404.php on line 30
[11-Sep-2025 17:28:37 UTC] PHP Deprecated:  html_entity_decode(): Passing null to parameter #1 ($string) of type string is deprecated in /Users/asad-dc/Local Sites/stone-stomper/app/public/wp-content/themes/stone-stomper/404.php on line 32
[11-Sep-2025 17:28:37 UTC] PHP Warning:  Array to string conversion in /Users/asad-dc/Local Sites/stone-stomper/app/public/wp-includes/formatting.php on line 1096
[11-Sep-2025 17:28:38 UTC] PHP Notice:  wp_json_file_decode(): Error when decoding a JSON file at path /Users/asad-dc/Local Sites/stone-stomper/app/public/wp-content/themes/stone-stomper/theme.json: Syntax error in /Users/asad-dc/Local Sites/stone-stomper/app/public/wp-includes/functions.php on line 6121
[11-Sep-2025 17:28:38 UTC] PHP Notice:  wp_json_file_decode(): Error when decoding a JSON file at path /Users/asad-dc/Local Sites/stone-stomper/app/public/wp-content/themes/stone-stomper/theme.json: Syntax error in /Users/asad-dc/Local Sites/stone-stomper/app/public/wp-includes/functions.php on line 6121
[11-Sep-2025 17:28:38 UTC] PHP Warning:  Undefined variable $whmc_svaevluft in /Users/asad-dc/Local Sites/stone-stomper/app/public/wp-content/plugins/mini-cart-for-woocommerce/inc/class-whmc_cart.php on line 205
[11-Sep-2025 17:28:38 UTC] PHP Warning:  Array to string conversion in /Users/asad-dc/Local Sites/stone-stomper/app/public/wp-includes/formatting.php on line 1096
[11-Sep-2025 17:28:40 UTC] PHP Notice:  wp_json_file_decode(): Error when decoding a JSON file at path /Users/asad-dc/Local Sites/stone-stomper/app/public/wp-content/themes/stone-stomper/theme.json: Syntax error in /Users/asad-dc/Local Sites/stone-stomper/app/public/wp-includes/functions.php on line 6121
[11-Sep-2025 17:28:40 UTC] PHP Notice:  wp_json_file_decode(): Error when decoding a JSON file at path /Users/asad-dc/Local Sites/stone-stomper/app/public/wp-content/themes/stone-stomper/theme.json: Syntax error in /Users/asad-dc/Local Sites/stone-stomper/app/public/wp-includes/functions.php on line 6121
[11-Sep-2025 17:28:40 UTC] PHP Warning:  Undefined variable $whmc_svaevluft in /Users/asad-dc/Local Sites/stone-stomper/app/public/wp-content/plugins/mini-cart-for-woocommerce/inc/class-whmc_cart.php on line 205
[11-Sep-2025 17:28:40 UTC] PHP Deprecated:  html_entity_decode(): Passing null to parameter #1 ($string) of type string is deprecated in /Users/asad-dc/Local Sites/stone-stomper/app/public/wp-content/themes/stone-stomper/404.php on line 30
[11-Sep-2025 17:28:40 UTC] PHP Deprecated:  html_entity_decode(): Passing null to parameter #1 ($string) of type string is deprecated in /Users/asad-dc/Local Sites/stone-stomper/app/public/wp-content/themes/stone-stomper/404.php on line 32
[11-Sep-2025 17:28:40 UTC] PHP Warning:  Array to string conversion in /Users/asad-dc/Local Sites/stone-stomper/app/public/wp-includes/formatting.php on line 1096
[11-Sep-2025 17:28:57 UTC] PHP Notice:  wp_json_file_decode(): Error when decoding a JSON file at path /Users/asad-dc/Local Sites/stone-stomper/app/public/wp-content/themes/stone-stomper/theme.json: Syntax error in /Users/asad-dc/Local Sites/stone-stomper/app/public/wp-includes/functions.php on line 6121
[11-Sep-2025 17:28:57 UTC] PHP Notice:  wp_json_file_decode(): Error when decoding a JSON file at path /Users/asad-dc/Local Sites/stone-stomper/app/public/wp-content/themes/stone-stomper/theme.json: Syntax error in /Users/asad-dc/Local Sites/stone-stomper/app/public/wp-includes/functions.php on line 6121
[11-Sep-2025 17:28:57 UTC] PHP Warning:  Undefined variable $whmc_svaevluft in /Users/asad-dc/Local Sites/stone-stomper/app/public/wp-content/plugins/mini-cart-for-woocommerce/inc/class-whmc_cart.php on line 205
[11-Sep-2025 17:28:58 UTC] PHP Notice:  wp_json_file_decode(): Error when decoding a JSON file at path /Users/asad-dc/Local Sites/stone-stomper/app/public/wp-content/themes/stone-stomper/theme.json: Syntax error in /Users/asad-dc/Local Sites/stone-stomper/app/public/wp-includes/functions.php on line 6121
[11-Sep-2025 17:28:58 UTC] PHP Notice:  wp_json_file_decode(): Error when decoding a JSON file at path /Users/asad-dc/Local Sites/stone-stomper/app/public/wp-content/themes/stone-stomper/theme.json: Syntax error in /Users/asad-dc/Local Sites/stone-stomper/app/public/wp-includes/functions.php on line 6121
[11-Sep-2025 17:28:58 UTC] PHP Warning:  Undefined variable $whmc_svaevluft in /Users/asad-dc/Local Sites/stone-stomper/app/public/wp-content/plugins/mini-cart-for-woocommerce/inc/class-whmc_cart.php on line 205
[11-Sep-2025 17:28:58 UTC] PHP Deprecated:  html_entity_decode(): Passing null to parameter #1 ($string) of type string is deprecated in /Users/asad-dc/Local Sites/stone-stomper/app/public/wp-content/themes/stone-stomper/404.php on line 30
[11-Sep-2025 17:28:58 UTC] PHP Deprecated:  html_entity_decode(): Passing null to parameter #1 ($string) of type string is deprecated in /Users/asad-dc/Local Sites/stone-stomper/app/public/wp-content/themes/stone-stomper/404.php on line 32
[11-Sep-2025 17:30:12 UTC] PHP Notice:  wp_json_file_decode(): Error when decoding a JSON file at path /Users/asad-dc/Local Sites/stone-stomper/app/public/wp-content/themes/stone-stomper/theme.json: Syntax error in /Users/asad-dc/Local Sites/stone-stomper/app/public/wp-includes/functions.php on line 6121
[11-Sep-2025 17:30:12 UTC] PHP Notice:  wp_json_file_decode(): Error when decoding a JSON file at path /Users/asad-dc/Local Sites/stone-stomper/app/public/wp-content/themes/stone-stomper/theme.json: Syntax error in /Users/asad-dc/Local Sites/stone-stomper/app/public/wp-includes/functions.php on line 6121
[11-Sep-2025 17:30:12 UTC] PHP Warning:  Undefined variable $whmc_svaevluft in /Users/asad-dc/Local Sites/stone-stomper/app/public/wp-content/plugins/mini-cart-for-woocommerce/inc/class-whmc_cart.php on line 205
[11-Sep-2025 17:30:13 UTC] PHP Notice:  wp_json_file_decode(): Error when decoding a JSON file at path /Users/asad-dc/Local Sites/stone-stomper/app/public/wp-content/themes/stone-stomper/theme.json: Syntax error in /Users/asad-dc/Local Sites/stone-stomper/app/public/wp-includes/functions.php on line 6121
[11-Sep-2025 17:30:14 UTC] PHP Notice:  wp_json_file_decode(): Error when decoding a JSON file at path /Users/asad-dc/Local Sites/stone-stomper/app/public/wp-content/themes/stone-stomper/theme.json: Syntax error in /Users/asad-dc/Local Sites/stone-stomper/app/public/wp-includes/functions.php on line 6121
[11-Sep-2025 17:30:14 UTC] PHP Warning:  Undefined variable $whmc_svaevluft in /Users/asad-dc/Local Sites/stone-stomper/app/public/wp-content/plugins/mini-cart-for-woocommerce/inc/class-whmc_cart.php on line 205
[11-Sep-2025 17:30:14 UTC] PHP Deprecated:  html_entity_decode(): Passing null to parameter #1 ($string) of type string is deprecated in /Users/asad-dc/Local Sites/stone-stomper/app/public/wp-content/themes/stone-stomper/404.php on line 30
[11-Sep-2025 17:30:14 UTC] PHP Deprecated:  html_entity_decode(): Passing null to parameter #1 ($string) of type string is deprecated in /Users/asad-dc/Local Sites/stone-stomper/app/public/wp-content/themes/stone-stomper/404.php on line 32
[11-Sep-2025 17:30:19 UTC] PHP Notice:  wp_json_file_decode(): Error when decoding a JSON file at path /Users/asad-dc/Local Sites/stone-stomper/app/public/wp-content/themes/stone-stomper/theme.json: Syntax error in /Users/asad-dc/Local Sites/stone-stomper/app/public/wp-includes/functions.php on line 6121
[11-Sep-2025 17:30:19 UTC] PHP Notice:  wp_json_file_decode(): Error when decoding a JSON file at path /Users/asad-dc/Local Sites/stone-stomper/app/public/wp-content/themes/stone-stomper/theme.json: Syntax error in /Users/asad-dc/Local Sites/stone-stomper/app/public/wp-includes/functions.php on line 6121
[11-Sep-2025 17:30:19 UTC] PHP Warning:  Undefined variable $whmc_svaevluft in /Users/asad-dc/Local Sites/stone-stomper/app/public/wp-content/plugins/mini-cart-for-woocommerce/inc/class-whmc_cart.php on line 205
[11-Sep-2025 17:30:19 UTC] PHP Notice:  wp_json_file_decode(): Error when decoding a JSON file at path /Users/asad-dc/Local Sites/stone-stomper/app/public/wp-content/themes/stone-stomper/theme.json: Syntax error in /Users/asad-dc/Local Sites/stone-stomper/app/public/wp-includes/functions.php on line 6121
[11-Sep-2025 17:30:19 UTC] PHP Notice:  wp_json_file_decode(): Error when decoding a JSON file at path /Users/asad-dc/Local Sites/stone-stomper/app/public/wp-content/themes/stone-stomper/theme.json: Syntax error in /Users/asad-dc/Local Sites/stone-stomper/app/public/wp-includes/functions.php on line 6121
[11-Sep-2025 17:30:19 UTC] PHP Warning:  Undefined variable $whmc_svaevluft in /Users/asad-dc/Local Sites/stone-stomper/app/public/wp-content/plugins/mini-cart-for-woocommerce/inc/class-whmc_cart.php on line 205
[11-Sep-2025 17:30:20 UTC] PHP Notice:  wp_json_file_decode(): Error when decoding a JSON file at path /Users/asad-dc/Local Sites/stone-stomper/app/public/wp-content/themes/stone-stomper/theme.json: Syntax error in /Users/asad-dc/Local Sites/stone-stomper/app/public/wp-includes/functions.php on line 6121
[11-Sep-2025 17:30:20 UTC] PHP Notice:  wp_json_file_decode(): Error when decoding a JSON file at path /Users/asad-dc/Local Sites/stone-stomper/app/public/wp-content/themes/stone-stomper/theme.json: Syntax error in /Users/asad-dc/Local Sites/stone-stomper/app/public/wp-includes/functions.php on line 6121
[11-Sep-2025 17:30:20 UTC] PHP Warning:  Undefined variable $whmc_svaevluft in /Users/asad-dc/Local Sites/stone-stomper/app/public/wp-content/plugins/mini-cart-for-woocommerce/inc/class-whmc_cart.php on line 205
[11-Sep-2025 17:30:20 UTC] PHP Deprecated:  html_entity_decode(): Passing null to parameter #1 ($string) of type string is deprecated in /Users/asad-dc/Local Sites/stone-stomper/app/public/wp-content/themes/stone-stomper/404.php on line 30
[11-Sep-2025 17:30:20 UTC] PHP Deprecated:  html_entity_decode(): Passing null to parameter #1 ($string) of type string is deprecated in /Users/asad-dc/Local Sites/stone-stomper/app/public/wp-content/themes/stone-stomper/404.php on line 32
[11-Sep-2025 17:30:23 UTC] PHP Notice:  wp_json_file_decode(): Error when decoding a JSON file at path /Users/asad-dc/Local Sites/stone-stomper/app/public/wp-content/themes/stone-stomper/theme.json: Syntax error in /Users/asad-dc/Local Sites/stone-stomper/app/public/wp-includes/functions.php on line 6121
[11-Sep-2025 17:30:23 UTC] PHP Notice:  wp_json_file_decode(): Error when decoding a JSON file at path /Users/asad-dc/Local Sites/stone-stomper/app/public/wp-content/themes/stone-stomper/theme.json: Syntax error in /Users/asad-dc/Local Sites/stone-stomper/app/public/wp-includes/functions.php on line 6121
[11-Sep-2025 17:30:23 UTC] PHP Warning:  Undefined variable $whmc_svaevluft in /Users/asad-dc/Local Sites/stone-stomper/app/public/wp-content/plugins/mini-cart-for-woocommerce/inc/class-whmc_cart.php on line 205
[11-Sep-2025 17:30:23 UTC] PHP Notice:  wp_json_file_decode(): Error when decoding a JSON file at path /Users/asad-dc/Local Sites/stone-stomper/app/public/wp-content/themes/stone-stomper/theme.json: Syntax error in /Users/asad-dc/Local Sites/stone-stomper/app/public/wp-includes/functions.php on line 6121
[11-Sep-2025 17:30:23 UTC] PHP Notice:  wp_json_file_decode(): Error when decoding a JSON file at path /Users/asad-dc/Local Sites/stone-stomper/app/public/wp-content/themes/stone-stomper/theme.json: Syntax error in /Users/asad-dc/Local Sites/stone-stomper/app/public/wp-includes/functions.php on line 6121
[11-Sep-2025 17:30:23 UTC] PHP Warning:  Undefined variable $whmc_svaevluft in /Users/asad-dc/Local Sites/stone-stomper/app/public/wp-content/plugins/mini-cart-for-woocommerce/inc/class-whmc_cart.php on line 205
[11-Sep-2025 17:30:23 UTC] PHP Deprecated:  html_entity_decode(): Passing null to parameter #1 ($string) of type string is deprecated in /Users/asad-dc/Local Sites/stone-stomper/app/public/wp-content/themes/stone-stomper/404.php on line 30
[11-Sep-2025 17:30:23 UTC] PHP Deprecated:  html_entity_decode(): Passing null to parameter #1 ($string) of type string is deprecated in /Users/asad-dc/Local Sites/stone-stomper/app/public/wp-content/themes/stone-stomper/404.php on line 32
[11-Sep-2025 17:30:23 UTC] PHP Warning:  Array to string conversion in /Users/asad-dc/Local Sites/stone-stomper/app/public/wp-includes/formatting.php on line 1096
[11-Sep-2025 17:30:23 UTC] PHP Warning:  Array to string conversion in /Users/asad-dc/Local Sites/stone-stomper/app/public/wp-includes/formatting.php on line 1096
[11-Sep-2025 17:30:23 UTC] PHP Notice:  wp_json_file_decode(): Error when decoding a JSON file at path /Users/asad-dc/Local Sites/stone-stomper/app/public/wp-content/themes/stone-stomper/theme.json: Syntax error in /Users/asad-dc/Local Sites/stone-stomper/app/public/wp-includes/functions.php on line 6121
[11-Sep-2025 17:30:23 UTC] PHP Notice:  wp_json_file_decode(): Error when decoding a JSON file at path /Users/asad-dc/Local Sites/stone-stomper/app/public/wp-content/themes/stone-stomper/theme.json: Syntax error in /Users/asad-dc/Local Sites/stone-stomper/app/public/wp-includes/functions.php on line 6121
[11-Sep-2025 17:30:23 UTC] PHP Warning:  Undefined variable $whmc_svaevluft in /Users/asad-dc/Local Sites/stone-stomper/app/public/wp-content/plugins/mini-cart-for-woocommerce/inc/class-whmc_cart.php on line 205
[11-Sep-2025 17:30:24 UTC] PHP Warning:  Array to string conversion in /Users/asad-dc/Local Sites/stone-stomper/app/public/wp-includes/formatting.php on line 1096
[11-Sep-2025 17:30:24 UTC] PHP Notice:  wp_json_file_decode(): Error when decoding a JSON file at path /Users/asad-dc/Local Sites/stone-stomper/app/public/wp-content/themes/stone-stomper/theme.json: Syntax error in /Users/asad-dc/Local Sites/stone-stomper/app/public/wp-includes/functions.php on line 6121
[11-Sep-2025 17:30:24 UTC] PHP Notice:  wp_json_file_decode(): Error when decoding a JSON file at path /Users/asad-dc/Local Sites/stone-stomper/app/public/wp-content/themes/stone-stomper/theme.json: Syntax error in /Users/asad-dc/Local Sites/stone-stomper/app/public/wp-includes/functions.php on line 6121
[11-Sep-2025 17:30:24 UTC] PHP Warning:  Undefined variable $whmc_svaevluft in /Users/asad-dc/Local Sites/stone-stomper/app/public/wp-content/plugins/mini-cart-for-woocommerce/inc/class-whmc_cart.php on line 205
[11-Sep-2025 17:30:24 UTC] PHP Deprecated:  html_entity_decode(): Passing null to parameter #1 ($string) of type string is deprecated in /Users/asad-dc/Local Sites/stone-stomper/app/public/wp-content/themes/stone-stomper/404.php on line 30
[11-Sep-2025 17:30:24 UTC] PHP Deprecated:  html_entity_decode(): Passing null to parameter #1 ($string) of type string is deprecated in /Users/asad-dc/Local Sites/stone-stomper/app/public/wp-content/themes/stone-stomper/404.php on line 32
[11-Sep-2025 17:30:24 UTC] PHP Warning:  Array to string conversion in /Users/asad-dc/Local Sites/stone-stomper/app/public/wp-includes/formatting.php on line 1096
[11-Sep-2025 17:30:30 UTC] PHP Notice:  wp_json_file_decode(): Error when decoding a JSON file at path /Users/asad-dc/Local Sites/stone-stomper/app/public/wp-content/themes/stone-stomper/theme.json: Syntax error in /Users/asad-dc/Local Sites/stone-stomper/app/public/wp-includes/functions.php on line 6121
[11-Sep-2025 17:30:30 UTC] PHP Notice:  wp_json_file_decode(): Error when decoding a JSON file at path /Users/asad-dc/Local Sites/stone-stomper/app/public/wp-content/themes/stone-stomper/theme.json: Syntax error in /Users/asad-dc/Local Sites/stone-stomper/app/public/wp-includes/functions.php on line 6121
[11-Sep-2025 17:30:30 UTC] PHP Warning:  Undefined variable $whmc_svaevluft in /Users/asad-dc/Local Sites/stone-stomper/app/public/wp-content/plugins/mini-cart-for-woocommerce/inc/class-whmc_cart.php on line 205
[11-Sep-2025 17:30:30 UTC] PHP Warning:  Array to string conversion in /Users/asad-dc/Local Sites/stone-stomper/app/public/wp-includes/formatting.php on line 1096
[11-Sep-2025 17:30:31 UTC] PHP Notice:  wp_json_file_decode(): Error when decoding a JSON file at path /Users/asad-dc/Local Sites/stone-stomper/app/public/wp-content/themes/stone-stomper/theme.json: Syntax error in /Users/asad-dc/Local Sites/stone-stomper/app/public/wp-includes/functions.php on line 6121
[11-Sep-2025 17:30:31 UTC] PHP Notice:  wp_json_file_decode(): Error when decoding a JSON file at path /Users/asad-dc/Local Sites/stone-stomper/app/public/wp-content/themes/stone-stomper/theme.json: Syntax error in /Users/asad-dc/Local Sites/stone-stomper/app/public/wp-includes/functions.php on line 6121
[11-Sep-2025 17:30:31 UTC] PHP Warning:  Undefined variable $whmc_svaevluft in /Users/asad-dc/Local Sites/stone-stomper/app/public/wp-content/plugins/mini-cart-for-woocommerce/inc/class-whmc_cart.php on line 205
[11-Sep-2025 17:30:31 UTC] PHP Deprecated:  html_entity_decode(): Passing null to parameter #1 ($string) of type string is deprecated in /Users/asad-dc/Local Sites/stone-stomper/app/public/wp-content/themes/stone-stomper/404.php on line 30
[11-Sep-2025 17:30:31 UTC] PHP Deprecated:  html_entity_decode(): Passing null to parameter #1 ($string) of type string is deprecated in /Users/asad-dc/Local Sites/stone-stomper/app/public/wp-content/themes/stone-stomper/404.php on line 32
[11-Sep-2025 17:30:31 UTC] PHP Warning:  Array to string conversion in /Users/asad-dc/Local Sites/stone-stomper/app/public/wp-includes/formatting.php on line 1096
[11-Sep-2025 17:30:47 UTC] PHP Notice:  wp_json_file_decode(): Error when decoding a JSON file at path /Users/asad-dc/Local Sites/stone-stomper/app/public/wp-content/themes/stone-stomper/theme.json: Syntax error in /Users/asad-dc/Local Sites/stone-stomper/app/public/wp-includes/functions.php on line 6121
[11-Sep-2025 17:30:47 UTC] PHP Notice:  wp_json_file_decode(): Error when decoding a JSON file at path /Users/asad-dc/Local Sites/stone-stomper/app/public/wp-content/themes/stone-stomper/theme.json: Syntax error in /Users/asad-dc/Local Sites/stone-stomper/app/public/wp-includes/functions.php on line 6121
[11-Sep-2025 17:30:47 UTC] PHP Warning:  Undefined variable $whmc_svaevluft in /Users/asad-dc/Local Sites/stone-stomper/app/public/wp-content/plugins/mini-cart-for-woocommerce/inc/class-whmc_cart.php on line 205
[11-Sep-2025 17:30:49 UTC] PHP Notice:  wp_json_file_decode(): Error when decoding a JSON file at path /Users/asad-dc/Local Sites/stone-stomper/app/public/wp-content/themes/stone-stomper/theme.json: Syntax error in /Users/asad-dc/Local Sites/stone-stomper/app/public/wp-includes/functions.php on line 6121
[11-Sep-2025 17:30:49 UTC] PHP Notice:  wp_json_file_decode(): Error when decoding a JSON file at path /Users/asad-dc/Local Sites/stone-stomper/app/public/wp-content/themes/stone-stomper/theme.json: Syntax error in /Users/asad-dc/Local Sites/stone-stomper/app/public/wp-includes/functions.php on line 6121
[11-Sep-2025 17:30:49 UTC] PHP Warning:  Undefined variable $whmc_svaevluft in /Users/asad-dc/Local Sites/stone-stomper/app/public/wp-content/plugins/mini-cart-for-woocommerce/inc/class-whmc_cart.php on line 205
[11-Sep-2025 17:30:49 UTC] PHP Deprecated:  html_entity_decode(): Passing null to parameter #1 ($string) of type string is deprecated in /Users/asad-dc/Local Sites/stone-stomper/app/public/wp-content/themes/stone-stomper/404.php on line 30
[11-Sep-2025 17:30:49 UTC] PHP Deprecated:  html_entity_decode(): Passing null to parameter #1 ($string) of type string is deprecated in /Users/asad-dc/Local Sites/stone-stomper/app/public/wp-content/themes/stone-stomper/404.php on line 32
[11-Sep-2025 17:33:04 UTC] PHP Notice:  wp_json_file_decode(): Error when decoding a JSON file at path /Users/asad-dc/Local Sites/stone-stomper/app/public/wp-content/themes/stone-stomper/theme.json: Syntax error in /Users/asad-dc/Local Sites/stone-stomper/app/public/wp-includes/functions.php on line 6121
[11-Sep-2025 17:33:04 UTC] PHP Notice:  wp_json_file_decode(): Error when decoding a JSON file at path /Users/asad-dc/Local Sites/stone-stomper/app/public/wp-content/themes/stone-stomper/theme.json: Syntax error in /Users/asad-dc/Local Sites/stone-stomper/app/public/wp-includes/functions.php on line 6121
[11-Sep-2025 17:33:04 UTC] PHP Warning:  Undefined variable $whmc_svaevluft in /Users/asad-dc/Local Sites/stone-stomper/app/public/wp-content/plugins/mini-cart-for-woocommerce/inc/class-whmc_cart.php on line 205
[11-Sep-2025 17:33:06 UTC] PHP Notice:  wp_json_file_decode(): Error when decoding a JSON file at path /Users/asad-dc/Local Sites/stone-stomper/app/public/wp-content/themes/stone-stomper/theme.json: Syntax error in /Users/asad-dc/Local Sites/stone-stomper/app/public/wp-includes/functions.php on line 6121
[11-Sep-2025 17:33:06 UTC] PHP Notice:  wp_json_file_decode(): Error when decoding a JSON file at path /Users/asad-dc/Local Sites/stone-stomper/app/public/wp-content/themes/stone-stomper/theme.json: Syntax error in /Users/asad-dc/Local Sites/stone-stomper/app/public/wp-includes/functions.php on line 6121
[11-Sep-2025 17:33:06 UTC] PHP Warning:  Undefined variable $whmc_svaevluft in /Users/asad-dc/Local Sites/stone-stomper/app/public/wp-content/plugins/mini-cart-for-woocommerce/inc/class-whmc_cart.php on line 205
[11-Sep-2025 17:33:06 UTC] PHP Deprecated:  html_entity_decode(): Passing null to parameter #1 ($string) of type string is deprecated in /Users/asad-dc/Local Sites/stone-stomper/app/public/wp-content/themes/stone-stomper/404.php on line 30
[11-Sep-2025 17:33:06 UTC] PHP Deprecated:  html_entity_decode(): Passing null to parameter #1 ($string) of type string is deprecated in /Users/asad-dc/Local Sites/stone-stomper/app/public/wp-content/themes/stone-stomper/404.php on line 32
[11-Sep-2025 17:33:09 UTC] PHP Notice:  wp_json_file_decode(): Error when decoding a JSON file at path /Users/asad-dc/Local Sites/stone-stomper/app/public/wp-content/themes/stone-stomper/theme.json: Syntax error in /Users/asad-dc/Local Sites/stone-stomper/app/public/wp-includes/functions.php on line 6121
[11-Sep-2025 17:33:09 UTC] PHP Notice:  wp_json_file_decode(): Error when decoding a JSON file at path /Users/asad-dc/Local Sites/stone-stomper/app/public/wp-content/themes/stone-stomper/theme.json: Syntax error in /Users/asad-dc/Local Sites/stone-stomper/app/public/wp-includes/functions.php on line 6121
[11-Sep-2025 17:33:09 UTC] PHP Warning:  Undefined variable $whmc_svaevluft in /Users/asad-dc/Local Sites/stone-stomper/app/public/wp-content/plugins/mini-cart-for-woocommerce/inc/class-whmc_cart.php on line 205
[11-Sep-2025 17:33:09 UTC] PHP Notice:  wp_json_file_decode(): Error when decoding a JSON file at path /Users/asad-dc/Local Sites/stone-stomper/app/public/wp-content/themes/stone-stomper/theme.json: Syntax error in /Users/asad-dc/Local Sites/stone-stomper/app/public/wp-includes/functions.php on line 6121
[11-Sep-2025 17:33:09 UTC] PHP Notice:  wp_json_file_decode(): Error when decoding a JSON file at path /Users/asad-dc/Local Sites/stone-stomper/app/public/wp-content/themes/stone-stomper/theme.json: Syntax error in /Users/asad-dc/Local Sites/stone-stomper/app/public/wp-includes/functions.php on line 6121
[11-Sep-2025 17:33:09 UTC] PHP Warning:  Undefined variable $whmc_svaevluft in /Users/asad-dc/Local Sites/stone-stomper/app/public/wp-content/plugins/mini-cart-for-woocommerce/inc/class-whmc_cart.php on line 205
[11-Sep-2025 17:33:09 UTC] PHP Deprecated:  html_entity_decode(): Passing null to parameter #1 ($string) of type string is deprecated in /Users/asad-dc/Local Sites/stone-stomper/app/public/wp-content/themes/stone-stomper/404.php on line 30
[11-Sep-2025 17:33:09 UTC] PHP Deprecated:  html_entity_decode(): Passing null to parameter #1 ($string) of type string is deprecated in /Users/asad-dc/Local Sites/stone-stomper/app/public/wp-content/themes/stone-stomper/404.php on line 32
[11-Sep-2025 17:33:09 UTC] PHP Warning:  Array to string conversion in /Users/asad-dc/Local Sites/stone-stomper/app/public/wp-includes/formatting.php on line 1096
[11-Sep-2025 17:33:09 UTC] PHP Warning:  Array to string conversion in /Users/asad-dc/Local Sites/stone-stomper/app/public/wp-includes/formatting.php on line 1096
[11-Sep-2025 17:33:10 UTC] PHP Notice:  wp_json_file_decode(): Error when decoding a JSON file at path /Users/asad-dc/Local Sites/stone-stomper/app/public/wp-content/themes/stone-stomper/theme.json: Syntax error in /Users/asad-dc/Local Sites/stone-stomper/app/public/wp-includes/functions.php on line 6121
[11-Sep-2025 17:33:10 UTC] PHP Notice:  wp_json_file_decode(): Error when decoding a JSON file at path /Users/asad-dc/Local Sites/stone-stomper/app/public/wp-content/themes/stone-stomper/theme.json: Syntax error in /Users/asad-dc/Local Sites/stone-stomper/app/public/wp-includes/functions.php on line 6121
[11-Sep-2025 17:33:10 UTC] PHP Warning:  Undefined variable $whmc_svaevluft in /Users/asad-dc/Local Sites/stone-stomper/app/public/wp-content/plugins/mini-cart-for-woocommerce/inc/class-whmc_cart.php on line 205
[11-Sep-2025 17:33:10 UTC] PHP Warning:  Array to string conversion in /Users/asad-dc/Local Sites/stone-stomper/app/public/wp-includes/formatting.php on line 1096
[11-Sep-2025 17:33:11 UTC] PHP Notice:  wp_json_file_decode(): Error when decoding a JSON file at path /Users/asad-dc/Local Sites/stone-stomper/app/public/wp-content/themes/stone-stomper/theme.json: Syntax error in /Users/asad-dc/Local Sites/stone-stomper/app/public/wp-includes/functions.php on line 6121
[11-Sep-2025 17:33:11 UTC] PHP Notice:  wp_json_file_decode(): Error when decoding a JSON file at path /Users/asad-dc/Local Sites/stone-stomper/app/public/wp-content/themes/stone-stomper/theme.json: Syntax error in /Users/asad-dc/Local Sites/stone-stomper/app/public/wp-includes/functions.php on line 6121
[11-Sep-2025 17:33:11 UTC] PHP Warning:  Undefined variable $whmc_svaevluft in /Users/asad-dc/Local Sites/stone-stomper/app/public/wp-content/plugins/mini-cart-for-woocommerce/inc/class-whmc_cart.php on line 205
[11-Sep-2025 17:33:11 UTC] PHP Deprecated:  html_entity_decode(): Passing null to parameter #1 ($string) of type string is deprecated in /Users/asad-dc/Local Sites/stone-stomper/app/public/wp-content/themes/stone-stomper/404.php on line 30
[11-Sep-2025 17:33:11 UTC] PHP Deprecated:  html_entity_decode(): Passing null to parameter #1 ($string) of type string is deprecated in /Users/asad-dc/Local Sites/stone-stomper/app/public/wp-content/themes/stone-stomper/404.php on line 32
[11-Sep-2025 17:33:11 UTC] PHP Warning:  Array to string conversion in /Users/asad-dc/Local Sites/stone-stomper/app/public/wp-includes/formatting.php on line 1096
[11-Sep-2025 17:33:16 UTC] PHP Notice:  wp_json_file_decode(): Error when decoding a JSON file at path /Users/asad-dc/Local Sites/stone-stomper/app/public/wp-content/themes/stone-stomper/theme.json: Syntax error in /Users/asad-dc/Local Sites/stone-stomper/app/public/wp-includes/functions.php on line 6121
[11-Sep-2025 17:33:16 UTC] PHP Notice:  wp_json_file_decode(): Error when decoding a JSON file at path /Users/asad-dc/Local Sites/stone-stomper/app/public/wp-content/themes/stone-stomper/theme.json: Syntax error in /Users/asad-dc/Local Sites/stone-stomper/app/public/wp-includes/functions.php on line 6121
[11-Sep-2025 17:33:16 UTC] PHP Warning:  Undefined variable $whmc_svaevluft in /Users/asad-dc/Local Sites/stone-stomper/app/public/wp-content/plugins/mini-cart-for-woocommerce/inc/class-whmc_cart.php on line 205
[11-Sep-2025 17:33:17 UTC] PHP Warning:  Array to string conversion in /Users/asad-dc/Local Sites/stone-stomper/app/public/wp-includes/formatting.php on line 1096
[11-Sep-2025 17:33:18 UTC] PHP Notice:  wp_json_file_decode(): Error when decoding a JSON file at path /Users/asad-dc/Local Sites/stone-stomper/app/public/wp-content/themes/stone-stomper/theme.json: Syntax error in /Users/asad-dc/Local Sites/stone-stomper/app/public/wp-includes/functions.php on line 6121
[11-Sep-2025 17:33:18 UTC] PHP Notice:  wp_json_file_decode(): Error when decoding a JSON file at path /Users/asad-dc/Local Sites/stone-stomper/app/public/wp-content/themes/stone-stomper/theme.json: Syntax error in /Users/asad-dc/Local Sites/stone-stomper/app/public/wp-includes/functions.php on line 6121
[11-Sep-2025 17:33:18 UTC] PHP Warning:  Undefined variable $whmc_svaevluft in /Users/asad-dc/Local Sites/stone-stomper/app/public/wp-content/plugins/mini-cart-for-woocommerce/inc/class-whmc_cart.php on line 205
[11-Sep-2025 17:33:18 UTC] PHP Deprecated:  html_entity_decode(): Passing null to parameter #1 ($string) of type string is deprecated in /Users/asad-dc/Local Sites/stone-stomper/app/public/wp-content/themes/stone-stomper/404.php on line 30
[11-Sep-2025 17:33:18 UTC] PHP Deprecated:  html_entity_decode(): Passing null to parameter #1 ($string) of type string is deprecated in /Users/asad-dc/Local Sites/stone-stomper/app/public/wp-content/themes/stone-stomper/404.php on line 32
[11-Sep-2025 17:33:18 UTC] PHP Warning:  Array to string conversion in /Users/asad-dc/Local Sites/stone-stomper/app/public/wp-includes/formatting.php on line 1096
[11-Sep-2025 17:33:23 UTC] owerewrew
[11-Sep-2025 17:33:24 UTC] PHP Notice:  wp_json_file_decode(): Error when decoding a JSON file at path /Users/asad-dc/Local Sites/stone-stomper/app/public/wp-content/themes/stone-stomper/theme.json: Syntax error in /Users/asad-dc/Local Sites/stone-stomper/app/public/wp-includes/functions.php on line 6121
[11-Sep-2025 17:33:24 UTC] PHP Notice:  wp_json_file_decode(): Error when decoding a JSON file at path /Users/asad-dc/Local Sites/stone-stomper/app/public/wp-content/themes/stone-stomper/theme.json: Syntax error in /Users/asad-dc/Local Sites/stone-stomper/app/public/wp-includes/functions.php on line 6121
[11-Sep-2025 17:33:24 UTC] PHP Warning:  Undefined variable $whmc_svaevluft in /Users/asad-dc/Local Sites/stone-stomper/app/public/wp-content/plugins/mini-cart-for-woocommerce/inc/class-whmc_cart.php on line 205
[11-Sep-2025 17:33:27 UTC] PHP Notice:  wp_json_file_decode(): Error when decoding a JSON file at path /Users/asad-dc/Local Sites/stone-stomper/app/public/wp-content/themes/stone-stomper/theme.json: Syntax error in /Users/asad-dc/Local Sites/stone-stomper/app/public/wp-includes/functions.php on line 6121
[11-Sep-2025 17:33:27 UTC] PHP Notice:  wp_json_file_decode(): Error when decoding a JSON file at path /Users/asad-dc/Local Sites/stone-stomper/app/public/wp-content/themes/stone-stomper/theme.json: Syntax error in /Users/asad-dc/Local Sites/stone-stomper/app/public/wp-includes/functions.php on line 6121
[11-Sep-2025 17:33:27 UTC] PHP Warning:  Undefined variable $whmc_svaevluft in /Users/asad-dc/Local Sites/stone-stomper/app/public/wp-content/plugins/mini-cart-for-woocommerce/inc/class-whmc_cart.php on line 205
[11-Sep-2025 17:33:27 UTC] PHP Deprecated:  html_entity_decode(): Passing null to parameter #1 ($string) of type string is deprecated in /Users/asad-dc/Local Sites/stone-stomper/app/public/wp-content/themes/stone-stomper/404.php on line 30
[11-Sep-2025 17:33:27 UTC] PHP Deprecated:  html_entity_decode(): Passing null to parameter #1 ($string) of type string is deprecated in /Users/asad-dc/Local Sites/stone-stomper/app/public/wp-content/themes/stone-stomper/404.php on line 32
[11-Sep-2025 17:34:56 UTC] PHP Notice:  wp_json_file_decode(): Error when decoding a JSON file at path /Users/asad-dc/Local Sites/stone-stomper/app/public/wp-content/themes/stone-stomper/theme.json: Syntax error in /Users/asad-dc/Local Sites/stone-stomper/app/public/wp-includes/functions.php on line 6121
[11-Sep-2025 17:34:56 UTC] PHP Notice:  wp_json_file_decode(): Error when decoding a JSON file at path /Users/asad-dc/Local Sites/stone-stomper/app/public/wp-content/themes/stone-stomper/theme.json: Syntax error in /Users/asad-dc/Local Sites/stone-stomper/app/public/wp-includes/functions.php on line 6121
[11-Sep-2025 17:34:56 UTC] PHP Warning:  Undefined variable $whmc_svaevluft in /Users/asad-dc/Local Sites/stone-stomper/app/public/wp-content/plugins/mini-cart-for-woocommerce/inc/class-whmc_cart.php on line 205
[11-Sep-2025 17:34:57 UTC] PHP Notice:  wp_json_file_decode(): Error when decoding a JSON file at path /Users/asad-dc/Local Sites/stone-stomper/app/public/wp-content/themes/stone-stomper/theme.json: Syntax error in /Users/asad-dc/Local Sites/stone-stomper/app/public/wp-includes/functions.php on line 6121
[11-Sep-2025 17:34:57 UTC] PHP Notice:  wp_json_file_decode(): Error when decoding a JSON file at path /Users/asad-dc/Local Sites/stone-stomper/app/public/wp-content/themes/stone-stomper/theme.json: Syntax error in /Users/asad-dc/Local Sites/stone-stomper/app/public/wp-includes/functions.php on line 6121
[11-Sep-2025 17:34:57 UTC] PHP Warning:  Undefined variable $whmc_svaevluft in /Users/asad-dc/Local Sites/stone-stomper/app/public/wp-content/plugins/mini-cart-for-woocommerce/inc/class-whmc_cart.php on line 205
[11-Sep-2025 17:34:57 UTC] PHP Deprecated:  html_entity_decode(): Passing null to parameter #1 ($string) of type string is deprecated in /Users/asad-dc/Local Sites/stone-stomper/app/public/wp-content/themes/stone-stomper/404.php on line 30
[11-Sep-2025 17:34:57 UTC] PHP Deprecated:  html_entity_decode(): Passing null to parameter #1 ($string) of type string is deprecated in /Users/asad-dc/Local Sites/stone-stomper/app/public/wp-content/themes/stone-stomper/404.php on line 32
[11-Sep-2025 17:39:13 UTC] PHP Notice:  wp_json_file_decode(): Error when decoding a JSON file at path /Users/asad-dc/Local Sites/stone-stomper/app/public/wp-content/themes/stone-stomper/theme.json: Syntax error in /Users/asad-dc/Local Sites/stone-stomper/app/public/wp-includes/functions.php on line 6121
[11-Sep-2025 17:39:13 UTC] PHP Notice:  wp_json_file_decode(): Error when decoding a JSON file at path /Users/asad-dc/Local Sites/stone-stomper/app/public/wp-content/themes/stone-stomper/theme.json: Syntax error in /Users/asad-dc/Local Sites/stone-stomper/app/public/wp-includes/functions.php on line 6121
[11-Sep-2025 17:39:13 UTC] PHP Warning:  Undefined variable $whmc_svaevluft in /Users/asad-dc/Local Sites/stone-stomper/app/public/wp-content/plugins/mini-cart-for-woocommerce/inc/class-whmc_cart.php on line 205
[11-Sep-2025 17:39:14 UTC] PHP Warning:  Array to string conversion in /Users/asad-dc/Local Sites/stone-stomper/app/public/wp-includes/formatting.php on line 1096
[11-Sep-2025 17:39:14 UTC] PHP Notice:  wp_json_file_decode(): Error when decoding a JSON file at path /Users/asad-dc/Local Sites/stone-stomper/app/public/wp-content/themes/stone-stomper/theme.json: Syntax error in /Users/asad-dc/Local Sites/stone-stomper/app/public/wp-includes/functions.php on line 6121
[11-Sep-2025 17:39:14 UTC] PHP Notice:  wp_json_file_decode(): Error when decoding a JSON file at path /Users/asad-dc/Local Sites/stone-stomper/app/public/wp-content/themes/stone-stomper/theme.json: Syntax error in /Users/asad-dc/Local Sites/stone-stomper/app/public/wp-includes/functions.php on line 6121
[11-Sep-2025 17:39:14 UTC] PHP Warning:  Undefined variable $whmc_svaevluft in /Users/asad-dc/Local Sites/stone-stomper/app/public/wp-content/plugins/mini-cart-for-woocommerce/inc/class-whmc_cart.php on line 205
[11-Sep-2025 17:39:14 UTC] PHP Deprecated:  html_entity_decode(): Passing null to parameter #1 ($string) of type string is deprecated in /Users/asad-dc/Local Sites/stone-stomper/app/public/wp-content/themes/stone-stomper/404.php on line 30
[11-Sep-2025 17:39:14 UTC] PHP Deprecated:  html_entity_decode(): Passing null to parameter #1 ($string) of type string is deprecated in /Users/asad-dc/Local Sites/stone-stomper/app/public/wp-content/themes/stone-stomper/404.php on line 32
[11-Sep-2025 17:39:14 UTC] PHP Warning:  Array to string conversion in /Users/asad-dc/Local Sites/stone-stomper/app/public/wp-includes/formatting.php on line 1096
[11-Sep-2025 17:39:14 UTC] PHP Notice:  wp_json_file_decode(): Error when decoding a JSON file at path /Users/asad-dc/Local Sites/stone-stomper/app/public/wp-content/themes/stone-stomper/theme.json: Syntax error in /Users/asad-dc/Local Sites/stone-stomper/app/public/wp-includes/functions.php on line 6121
[11-Sep-2025 17:39:14 UTC] PHP Notice:  wp_json_file_decode(): Error when decoding a JSON file at path /Users/asad-dc/Local Sites/stone-stomper/app/public/wp-content/themes/stone-stomper/theme.json: Syntax error in /Users/asad-dc/Local Sites/stone-stomper/app/public/wp-includes/functions.php on line 6121
[11-Sep-2025 17:39:14 UTC] PHP Warning:  Undefined variable $whmc_svaevluft in /Users/asad-dc/Local Sites/stone-stomper/app/public/wp-content/plugins/mini-cart-for-woocommerce/inc/class-whmc_cart.php on line 205
[11-Sep-2025 17:39:14 UTC] PHP Warning:  Array to string conversion in /Users/asad-dc/Local Sites/stone-stomper/app/public/wp-includes/formatting.php on line 1096
[11-Sep-2025 17:39:15 UTC] PHP Notice:  wp_json_file_decode(): Error when decoding a JSON file at path /Users/asad-dc/Local Sites/stone-stomper/app/public/wp-content/themes/stone-stomper/theme.json: Syntax error in /Users/asad-dc/Local Sites/stone-stomper/app/public/wp-includes/functions.php on line 6121
[11-Sep-2025 17:39:15 UTC] PHP Notice:  wp_json_file_decode(): Error when decoding a JSON file at path /Users/asad-dc/Local Sites/stone-stomper/app/public/wp-content/themes/stone-stomper/theme.json: Syntax error in /Users/asad-dc/Local Sites/stone-stomper/app/public/wp-includes/functions.php on line 6121
[11-Sep-2025 17:39:15 UTC] PHP Warning:  Undefined variable $whmc_svaevluft in /Users/asad-dc/Local Sites/stone-stomper/app/public/wp-content/plugins/mini-cart-for-woocommerce/inc/class-whmc_cart.php on line 205
[11-Sep-2025 17:39:15 UTC] PHP Warning:  Array to string conversion in /Users/asad-dc/Local Sites/stone-stomper/app/public/wp-includes/formatting.php on line 1096
[11-Sep-2025 17:39:16 UTC] PHP Notice:  wp_json_file_decode(): Error when decoding a JSON file at path /Users/asad-dc/Local Sites/stone-stomper/app/public/wp-content/themes/stone-stomper/theme.json: Syntax error in /Users/asad-dc/Local Sites/stone-stomper/app/public/wp-includes/functions.php on line 6121
[11-Sep-2025 17:39:16 UTC] PHP Notice:  wp_json_file_decode(): Error when decoding a JSON file at path /Users/asad-dc/Local Sites/stone-stomper/app/public/wp-content/themes/stone-stomper/theme.json: Syntax error in /Users/asad-dc/Local Sites/stone-stomper/app/public/wp-includes/functions.php on line 6121
[11-Sep-2025 17:39:16 UTC] PHP Warning:  Undefined variable $whmc_svaevluft in /Users/asad-dc/Local Sites/stone-stomper/app/public/wp-content/plugins/mini-cart-for-woocommerce/inc/class-whmc_cart.php on line 205
[11-Sep-2025 17:39:16 UTC] PHP Deprecated:  html_entity_decode(): Passing null to parameter #1 ($string) of type string is deprecated in /Users/asad-dc/Local Sites/stone-stomper/app/public/wp-content/themes/stone-stomper/404.php on line 30
[11-Sep-2025 17:39:16 UTC] PHP Deprecated:  html_entity_decode(): Passing null to parameter #1 ($string) of type string is deprecated in /Users/asad-dc/Local Sites/stone-stomper/app/public/wp-content/themes/stone-stomper/404.php on line 32
[11-Sep-2025 17:39:16 UTC] PHP Warning:  Array to string conversion in /Users/asad-dc/Local Sites/stone-stomper/app/public/wp-includes/formatting.php on line 1096
[11-Sep-2025 17:39:17 UTC] PHP Notice:  wp_json_file_decode(): Error when decoding a JSON file at path /Users/asad-dc/Local Sites/stone-stomper/app/public/wp-content/themes/stone-stomper/theme.json: Syntax error in /Users/asad-dc/Local Sites/stone-stomper/app/public/wp-includes/functions.php on line 6121
[11-Sep-2025 17:39:17 UTC] PHP Notice:  wp_json_file_decode(): Error when decoding a JSON file at path /Users/asad-dc/Local Sites/stone-stomper/app/public/wp-content/themes/stone-stomper/theme.json: Syntax error in /Users/asad-dc/Local Sites/stone-stomper/app/public/wp-includes/functions.php on line 6121
[11-Sep-2025 17:39:17 UTC] PHP Warning:  Undefined variable $whmc_svaevluft in /Users/asad-dc/Local Sites/stone-stomper/app/public/wp-content/plugins/mini-cart-for-woocommerce/inc/class-whmc_cart.php on line 205
[11-Sep-2025 17:39:17 UTC] PHP Warning:  Array to string conversion in /Users/asad-dc/Local Sites/stone-stomper/app/public/wp-includes/formatting.php on line 1096
[11-Sep-2025 17:39:18 UTC] PHP Notice:  wp_json_file_decode(): Error when decoding a JSON file at path /Users/asad-dc/Local Sites/stone-stomper/app/public/wp-content/themes/stone-stomper/theme.json: Syntax error in /Users/asad-dc/Local Sites/stone-stomper/app/public/wp-includes/functions.php on line 6121
[11-Sep-2025 17:39:18 UTC] PHP Notice:  wp_json_file_decode(): Error when decoding a JSON file at path /Users/asad-dc/Local Sites/stone-stomper/app/public/wp-content/themes/stone-stomper/theme.json: Syntax error in /Users/asad-dc/Local Sites/stone-stomper/app/public/wp-includes/functions.php on line 6121
[11-Sep-2025 17:39:18 UTC] PHP Warning:  Undefined variable $whmc_svaevluft in /Users/asad-dc/Local Sites/stone-stomper/app/public/wp-content/plugins/mini-cart-for-woocommerce/inc/class-whmc_cart.php on line 205
[11-Sep-2025 17:39:18 UTC] PHP Deprecated:  html_entity_decode(): Passing null to parameter #1 ($string) of type string is deprecated in /Users/asad-dc/Local Sites/stone-stomper/app/public/wp-content/themes/stone-stomper/404.php on line 30
[11-Sep-2025 17:39:18 UTC] PHP Deprecated:  html_entity_decode(): Passing null to parameter #1 ($string) of type string is deprecated in /Users/asad-dc/Local Sites/stone-stomper/app/public/wp-content/themes/stone-stomper/404.php on line 32
[11-Sep-2025 17:39:18 UTC] PHP Warning:  Array to string conversion in /Users/asad-dc/Local Sites/stone-stomper/app/public/wp-includes/formatting.php on line 1096
[11-Sep-2025 17:39:40 UTC] PHP Notice:  wp_json_file_decode(): Error when decoding a JSON file at path /Users/asad-dc/Local Sites/stone-stomper/app/public/wp-content/themes/stone-stomper/theme.json: Syntax error in /Users/asad-dc/Local Sites/stone-stomper/app/public/wp-includes/functions.php on line 6121
[11-Sep-2025 17:39:40 UTC] PHP Notice:  wp_json_file_decode(): Error when decoding a JSON file at path /Users/asad-dc/Local Sites/stone-stomper/app/public/wp-content/themes/stone-stomper/theme.json: Syntax error in /Users/asad-dc/Local Sites/stone-stomper/app/public/wp-includes/functions.php on line 6121
[11-Sep-2025 17:39:40 UTC] PHP Warning:  Undefined variable $whmc_svaevluft in /Users/asad-dc/Local Sites/stone-stomper/app/public/wp-content/plugins/mini-cart-for-woocommerce/inc/class-whmc_cart.php on line 205
[11-Sep-2025 17:39:41 UTC] PHP Notice:  wp_json_file_decode(): Error when decoding a JSON file at path /Users/asad-dc/Local Sites/stone-stomper/app/public/wp-content/themes/stone-stomper/theme.json: Syntax error in /Users/asad-dc/Local Sites/stone-stomper/app/public/wp-includes/functions.php on line 6121
[11-Sep-2025 17:39:41 UTC] PHP Notice:  wp_json_file_decode(): Error when decoding a JSON file at path /Users/asad-dc/Local Sites/stone-stomper/app/public/wp-content/themes/stone-stomper/theme.json: Syntax error in /Users/asad-dc/Local Sites/stone-stomper/app/public/wp-includes/functions.php on line 6121
[11-Sep-2025 17:39:41 UTC] PHP Warning:  Undefined variable $whmc_svaevluft in /Users/asad-dc/Local Sites/stone-stomper/app/public/wp-content/plugins/mini-cart-for-woocommerce/inc/class-whmc_cart.php on line 205
[11-Sep-2025 17:39:41 UTC] PHP Deprecated:  html_entity_decode(): Passing null to parameter #1 ($string) of type string is deprecated in /Users/asad-dc/Local Sites/stone-stomper/app/public/wp-content/themes/stone-stomper/404.php on line 30
[11-Sep-2025 17:39:41 UTC] PHP Deprecated:  html_entity_decode(): Passing null to parameter #1 ($string) of type string is deprecated in /Users/asad-dc/Local Sites/stone-stomper/app/public/wp-content/themes/stone-stomper/404.php on line 32
[11-Sep-2025 17:40:41 UTC] PHP Notice:  wp_json_file_decode(): Error when decoding a JSON file at path /Users/asad-dc/Local Sites/stone-stomper/app/public/wp-content/themes/stone-stomper/theme.json: Syntax error in /Users/asad-dc/Local Sites/stone-stomper/app/public/wp-includes/functions.php on line 6121
[11-Sep-2025 17:40:41 UTC] PHP Notice:  wp_json_file_decode(): Error when decoding a JSON file at path /Users/asad-dc/Local Sites/stone-stomper/app/public/wp-content/themes/stone-stomper/theme.json: Syntax error in /Users/asad-dc/Local Sites/stone-stomper/app/public/wp-includes/functions.php on line 6121
[11-Sep-2025 17:40:41 UTC] PHP Warning:  Undefined variable $whmc_svaevluft in /Users/asad-dc/Local Sites/stone-stomper/app/public/wp-content/plugins/mini-cart-for-woocommerce/inc/class-whmc_cart.php on line 205
[11-Sep-2025 17:40:43 UTC] PHP Notice:  wp_json_file_decode(): Error when decoding a JSON file at path /Users/asad-dc/Local Sites/stone-stomper/app/public/wp-content/themes/stone-stomper/theme.json: Syntax error in /Users/asad-dc/Local Sites/stone-stomper/app/public/wp-includes/functions.php on line 6121
[11-Sep-2025 17:40:43 UTC] PHP Notice:  wp_json_file_decode(): Error when decoding a JSON file at path /Users/asad-dc/Local Sites/stone-stomper/app/public/wp-content/themes/stone-stomper/theme.json: Syntax error in /Users/asad-dc/Local Sites/stone-stomper/app/public/wp-includes/functions.php on line 6121
[11-Sep-2025 17:40:43 UTC] PHP Warning:  Undefined variable $whmc_svaevluft in /Users/asad-dc/Local Sites/stone-stomper/app/public/wp-content/plugins/mini-cart-for-woocommerce/inc/class-whmc_cart.php on line 205
[11-Sep-2025 17:40:43 UTC] PHP Deprecated:  html_entity_decode(): Passing null to parameter #1 ($string) of type string is deprecated in /Users/asad-dc/Local Sites/stone-stomper/app/public/wp-content/themes/stone-stomper/404.php on line 30
[11-Sep-2025 17:40:43 UTC] PHP Deprecated:  html_entity_decode(): Passing null to parameter #1 ($string) of type string is deprecated in /Users/asad-dc/Local Sites/stone-stomper/app/public/wp-content/themes/stone-stomper/404.php on line 32
[11-Sep-2025 17:40:44 UTC] PHP Notice:  wp_json_file_decode(): Error when decoding a JSON file at path /Users/asad-dc/Local Sites/stone-stomper/app/public/wp-content/themes/stone-stomper/theme.json: Syntax error in /Users/asad-dc/Local Sites/stone-stomper/app/public/wp-includes/functions.php on line 6121
[11-Sep-2025 17:40:44 UTC] PHP Notice:  wp_json_file_decode(): Error when decoding a JSON file at path /Users/asad-dc/Local Sites/stone-stomper/app/public/wp-content/themes/stone-stomper/theme.json: Syntax error in /Users/asad-dc/Local Sites/stone-stomper/app/public/wp-includes/functions.php on line 6121
[11-Sep-2025 17:40:44 UTC] PHP Warning:  Undefined variable $whmc_svaevluft in /Users/asad-dc/Local Sites/stone-stomper/app/public/wp-content/plugins/mini-cart-for-woocommerce/inc/class-whmc_cart.php on line 205
[11-Sep-2025 17:40:45 UTC] PHP Notice:  wp_json_file_decode(): Error when decoding a JSON file at path /Users/asad-dc/Local Sites/stone-stomper/app/public/wp-content/themes/stone-stomper/theme.json: Syntax error in /Users/asad-dc/Local Sites/stone-stomper/app/public/wp-includes/functions.php on line 6121
[11-Sep-2025 17:40:45 UTC] PHP Notice:  wp_json_file_decode(): Error when decoding a JSON file at path /Users/asad-dc/Local Sites/stone-stomper/app/public/wp-content/themes/stone-stomper/theme.json: Syntax error in /Users/asad-dc/Local Sites/stone-stomper/app/public/wp-includes/functions.php on line 6121
[11-Sep-2025 17:40:45 UTC] PHP Warning:  Undefined variable $whmc_svaevluft in /Users/asad-dc/Local Sites/stone-stomper/app/public/wp-content/plugins/mini-cart-for-woocommerce/inc/class-whmc_cart.php on line 205
[11-Sep-2025 17:40:45 UTC] PHP Deprecated:  html_entity_decode(): Passing null to parameter #1 ($string) of type string is deprecated in /Users/asad-dc/Local Sites/stone-stomper/app/public/wp-content/themes/stone-stomper/404.php on line 30
[11-Sep-2025 17:40:45 UTC] PHP Deprecated:  html_entity_decode(): Passing null to parameter #1 ($string) of type string is deprecated in /Users/asad-dc/Local Sites/stone-stomper/app/public/wp-content/themes/stone-stomper/404.php on line 32
[11-Sep-2025 17:40:51 UTC] PHP Notice:  wp_json_file_decode(): Error when decoding a JSON file at path /Users/asad-dc/Local Sites/stone-stomper/app/public/wp-content/themes/stone-stomper/theme.json: Syntax error in /Users/asad-dc/Local Sites/stone-stomper/app/public/wp-includes/functions.php on line 6121
[11-Sep-2025 17:40:51 UTC] PHP Notice:  wp_json_file_decode(): Error when decoding a JSON file at path /Users/asad-dc/Local Sites/stone-stomper/app/public/wp-content/themes/stone-stomper/theme.json: Syntax error in /Users/asad-dc/Local Sites/stone-stomper/app/public/wp-includes/functions.php on line 6121
[11-Sep-2025 17:40:51 UTC] PHP Warning:  Undefined variable $whmc_svaevluft in /Users/asad-dc/Local Sites/stone-stomper/app/public/wp-content/plugins/mini-cart-for-woocommerce/inc/class-whmc_cart.php on line 205
[11-Sep-2025 17:40:51 UTC] PHP Notice:  wp_json_file_decode(): Error when decoding a JSON file at path /Users/asad-dc/Local Sites/stone-stomper/app/public/wp-content/themes/stone-stomper/theme.json: Syntax error in /Users/asad-dc/Local Sites/stone-stomper/app/public/wp-includes/functions.php on line 6121
[11-Sep-2025 17:40:51 UTC] PHP Notice:  wp_json_file_decode(): Error when decoding a JSON file at path /Users/asad-dc/Local Sites/stone-stomper/app/public/wp-content/themes/stone-stomper/theme.json: Syntax error in /Users/asad-dc/Local Sites/stone-stomper/app/public/wp-includes/functions.php on line 6121
[11-Sep-2025 17:40:51 UTC] PHP Warning:  Undefined variable $whmc_svaevluft in /Users/asad-dc/Local Sites/stone-stomper/app/public/wp-content/plugins/mini-cart-for-woocommerce/inc/class-whmc_cart.php on line 205
[11-Sep-2025 17:40:51 UTC] PHP Deprecated:  html_entity_decode(): Passing null to parameter #1 ($string) of type string is deprecated in /Users/asad-dc/Local Sites/stone-stomper/app/public/wp-content/themes/stone-stomper/404.php on line 30
[11-Sep-2025 17:40:51 UTC] PHP Deprecated:  html_entity_decode(): Passing null to parameter #1 ($string) of type string is deprecated in /Users/asad-dc/Local Sites/stone-stomper/app/public/wp-content/themes/stone-stomper/404.php on line 32
[11-Sep-2025 17:40:51 UTC] PHP Warning:  Array to string conversion in /Users/asad-dc/Local Sites/stone-stomper/app/public/wp-includes/formatting.php on line 1096
[11-Sep-2025 17:40:51 UTC] PHP Warning:  Array to string conversion in /Users/asad-dc/Local Sites/stone-stomper/app/public/wp-includes/formatting.php on line 1096
[11-Sep-2025 17:40:51 UTC] PHP Notice:  wp_json_file_decode(): Error when decoding a JSON file at path /Users/asad-dc/Local Sites/stone-stomper/app/public/wp-content/themes/stone-stomper/theme.json: Syntax error in /Users/asad-dc/Local Sites/stone-stomper/app/public/wp-includes/functions.php on line 6121
[11-Sep-2025 17:40:51 UTC] PHP Notice:  wp_json_file_decode(): Error when decoding a JSON file at path /Users/asad-dc/Local Sites/stone-stomper/app/public/wp-content/themes/stone-stomper/theme.json: Syntax error in /Users/asad-dc/Local Sites/stone-stomper/app/public/wp-includes/functions.php on line 6121
[11-Sep-2025 17:40:51 UTC] PHP Warning:  Undefined variable $whmc_svaevluft in /Users/asad-dc/Local Sites/stone-stomper/app/public/wp-content/plugins/mini-cart-for-woocommerce/inc/class-whmc_cart.php on line 205
[11-Sep-2025 17:40:51 UTC] PHP Warning:  Array to string conversion in /Users/asad-dc/Local Sites/stone-stomper/app/public/wp-includes/formatting.php on line 1096
[11-Sep-2025 17:40:52 UTC] PHP Notice:  wp_json_file_decode(): Error when decoding a JSON file at path /Users/asad-dc/Local Sites/stone-stomper/app/public/wp-content/themes/stone-stomper/theme.json: Syntax error in /Users/asad-dc/Local Sites/stone-stomper/app/public/wp-includes/functions.php on line 6121
[11-Sep-2025 17:40:52 UTC] PHP Notice:  wp_json_file_decode(): Error when decoding a JSON file at path /Users/asad-dc/Local Sites/stone-stomper/app/public/wp-content/themes/stone-stomper/theme.json: Syntax error in /Users/asad-dc/Local Sites/stone-stomper/app/public/wp-includes/functions.php on line 6121
[11-Sep-2025 17:40:52 UTC] PHP Warning:  Undefined variable $whmc_svaevluft in /Users/asad-dc/Local Sites/stone-stomper/app/public/wp-content/plugins/mini-cart-for-woocommerce/inc/class-whmc_cart.php on line 205
[11-Sep-2025 17:40:52 UTC] PHP Deprecated:  html_entity_decode(): Passing null to parameter #1 ($string) of type string is deprecated in /Users/asad-dc/Local Sites/stone-stomper/app/public/wp-content/themes/stone-stomper/404.php on line 30
[11-Sep-2025 17:40:52 UTC] PHP Deprecated:  html_entity_decode(): Passing null to parameter #1 ($string) of type string is deprecated in /Users/asad-dc/Local Sites/stone-stomper/app/public/wp-content/themes/stone-stomper/404.php on line 32
[11-Sep-2025 17:40:52 UTC] PHP Warning:  Array to string conversion in /Users/asad-dc/Local Sites/stone-stomper/app/public/wp-includes/formatting.php on line 1096
[11-Sep-2025 17:40:53 UTC] PHP Notice:  wp_json_file_decode(): Error when decoding a JSON file at path /Users/asad-dc/Local Sites/stone-stomper/app/public/wp-content/themes/stone-stomper/theme.json: Syntax error in /Users/asad-dc/Local Sites/stone-stomper/app/public/wp-includes/functions.php on line 6121
[11-Sep-2025 17:40:53 UTC] PHP Notice:  wp_json_file_decode(): Error when decoding a JSON file at path /Users/asad-dc/Local Sites/stone-stomper/app/public/wp-content/themes/stone-stomper/theme.json: Syntax error in /Users/asad-dc/Local Sites/stone-stomper/app/public/wp-includes/functions.php on line 6121
[11-Sep-2025 17:40:53 UTC] PHP Warning:  Undefined variable $whmc_svaevluft in /Users/asad-dc/Local Sites/stone-stomper/app/public/wp-content/plugins/mini-cart-for-woocommerce/inc/class-whmc_cart.php on line 205
[11-Sep-2025 17:40:53 UTC] PHP Warning:  Array to string conversion in /Users/asad-dc/Local Sites/stone-stomper/app/public/wp-includes/formatting.php on line 1096
[11-Sep-2025 17:40:55 UTC] PHP Notice:  wp_json_file_decode(): Error when decoding a JSON file at path /Users/asad-dc/Local Sites/stone-stomper/app/public/wp-content/themes/stone-stomper/theme.json: Syntax error in /Users/asad-dc/Local Sites/stone-stomper/app/public/wp-includes/functions.php on line 6121
[11-Sep-2025 17:40:55 UTC] PHP Notice:  wp_json_file_decode(): Error when decoding a JSON file at path /Users/asad-dc/Local Sites/stone-stomper/app/public/wp-content/themes/stone-stomper/theme.json: Syntax error in /Users/asad-dc/Local Sites/stone-stomper/app/public/wp-includes/functions.php on line 6121
[11-Sep-2025 17:40:55 UTC] PHP Warning:  Undefined variable $whmc_svaevluft in /Users/asad-dc/Local Sites/stone-stomper/app/public/wp-content/plugins/mini-cart-for-woocommerce/inc/class-whmc_cart.php on line 205
[11-Sep-2025 17:40:55 UTC] PHP Deprecated:  html_entity_decode(): Passing null to parameter #1 ($string) of type string is deprecated in /Users/asad-dc/Local Sites/stone-stomper/app/public/wp-content/themes/stone-stomper/404.php on line 30
[11-Sep-2025 17:40:55 UTC] PHP Deprecated:  html_entity_decode(): Passing null to parameter #1 ($string) of type string is deprecated in /Users/asad-dc/Local Sites/stone-stomper/app/public/wp-content/themes/stone-stomper/404.php on line 32
[11-Sep-2025 17:40:55 UTC] PHP Warning:  Array to string conversion in /Users/asad-dc/Local Sites/stone-stomper/app/public/wp-includes/formatting.php on line 1096
[11-Sep-2025 17:40:59 UTC] PHP Notice:  wp_json_file_decode(): Error when decoding a JSON file at path /Users/asad-dc/Local Sites/stone-stomper/app/public/wp-content/themes/stone-stomper/theme.json: Syntax error in /Users/asad-dc/Local Sites/stone-stomper/app/public/wp-includes/functions.php on line 6121
[11-Sep-2025 17:40:59 UTC] PHP Notice:  wp_json_file_decode(): Error when decoding a JSON file at path /Users/asad-dc/Local Sites/stone-stomper/app/public/wp-content/themes/stone-stomper/theme.json: Syntax error in /Users/asad-dc/Local Sites/stone-stomper/app/public/wp-includes/functions.php on line 6121
[11-Sep-2025 17:40:59 UTC] PHP Warning:  Undefined variable $whmc_svaevluft in /Users/asad-dc/Local Sites/stone-stomper/app/public/wp-content/plugins/mini-cart-for-woocommerce/inc/class-whmc_cart.php on line 205
[11-Sep-2025 17:41:02 UTC] PHP Notice:  wp_json_file_decode(): Error when decoding a JSON file at path /Users/asad-dc/Local Sites/stone-stomper/app/public/wp-content/themes/stone-stomper/theme.json: Syntax error in /Users/asad-dc/Local Sites/stone-stomper/app/public/wp-includes/functions.php on line 6121
[11-Sep-2025 17:41:03 UTC] PHP Notice:  wp_json_file_decode(): Error when decoding a JSON file at path /Users/asad-dc/Local Sites/stone-stomper/app/public/wp-content/themes/stone-stomper/theme.json: Syntax error in /Users/asad-dc/Local Sites/stone-stomper/app/public/wp-includes/functions.php on line 6121
[11-Sep-2025 17:41:03 UTC] PHP Warning:  Undefined variable $whmc_svaevluft in /Users/asad-dc/Local Sites/stone-stomper/app/public/wp-content/plugins/mini-cart-for-woocommerce/inc/class-whmc_cart.php on line 205
[11-Sep-2025 17:41:03 UTC] PHP Deprecated:  html_entity_decode(): Passing null to parameter #1 ($string) of type string is deprecated in /Users/asad-dc/Local Sites/stone-stomper/app/public/wp-content/themes/stone-stomper/404.php on line 30
[11-Sep-2025 17:41:03 UTC] PHP Deprecated:  html_entity_decode(): Passing null to parameter #1 ($string) of type string is deprecated in /Users/asad-dc/Local Sites/stone-stomper/app/public/wp-content/themes/stone-stomper/404.php on line 32
[11-Sep-2025 17:41:54 UTC] PHP Notice:  wp_json_file_decode(): Error when decoding a JSON file at path /Users/asad-dc/Local Sites/stone-stomper/app/public/wp-content/themes/stone-stomper/theme.json: Syntax error in /Users/asad-dc/Local Sites/stone-stomper/app/public/wp-includes/functions.php on line 6121
[11-Sep-2025 17:41:54 UTC] PHP Notice:  wp_json_file_decode(): Error when decoding a JSON file at path /Users/asad-dc/Local Sites/stone-stomper/app/public/wp-content/themes/stone-stomper/theme.json: Syntax error in /Users/asad-dc/Local Sites/stone-stomper/app/public/wp-includes/functions.php on line 6121
[11-Sep-2025 17:41:54 UTC] PHP Warning:  Undefined variable $whmc_svaevluft in /Users/asad-dc/Local Sites/stone-stomper/app/public/wp-content/plugins/mini-cart-for-woocommerce/inc/class-whmc_cart.php on line 205
[11-Sep-2025 17:41:59 UTC] PHP Notice:  wp_json_file_decode(): Error when decoding a JSON file at path /Users/asad-dc/Local Sites/stone-stomper/app/public/wp-content/themes/stone-stomper/theme.json: Syntax error in /Users/asad-dc/Local Sites/stone-stomper/app/public/wp-includes/functions.php on line 6121
[11-Sep-2025 17:41:59 UTC] PHP Notice:  wp_json_file_decode(): Error when decoding a JSON file at path /Users/asad-dc/Local Sites/stone-stomper/app/public/wp-content/themes/stone-stomper/theme.json: Syntax error in /Users/asad-dc/Local Sites/stone-stomper/app/public/wp-includes/functions.php on line 6121
[11-Sep-2025 17:41:59 UTC] PHP Warning:  Undefined variable $whmc_svaevluft in /Users/asad-dc/Local Sites/stone-stomper/app/public/wp-content/plugins/mini-cart-for-woocommerce/inc/class-whmc_cart.php on line 205
[11-Sep-2025 17:42:03 UTC] PHP Notice:  wp_json_file_decode(): Error when decoding a JSON file at path /Users/asad-dc/Local Sites/stone-stomper/app/public/wp-content/themes/stone-stomper/theme.json: Syntax error in /Users/asad-dc/Local Sites/stone-stomper/app/public/wp-includes/functions.php on line 6121
[11-Sep-2025 17:42:03 UTC] PHP Notice:  wp_json_file_decode(): Error when decoding a JSON file at path /Users/asad-dc/Local Sites/stone-stomper/app/public/wp-content/themes/stone-stomper/theme.json: Syntax error in /Users/asad-dc/Local Sites/stone-stomper/app/public/wp-includes/functions.php on line 6121
[11-Sep-2025 17:42:03 UTC] PHP Warning:  Undefined variable $whmc_svaevluft in /Users/asad-dc/Local Sites/stone-stomper/app/public/wp-content/plugins/mini-cart-for-woocommerce/inc/class-whmc_cart.php on line 205
[11-Sep-2025 17:42:03 UTC] PHP Warning:  Array to string conversion in /Users/asad-dc/Local Sites/stone-stomper/app/public/wp-includes/formatting.php on line 1096
[11-Sep-2025 17:42:03 UTC] PHP Notice:  wp_json_file_decode(): Error when decoding a JSON file at path /Users/asad-dc/Local Sites/stone-stomper/app/public/wp-content/themes/stone-stomper/theme.json: Syntax error in /Users/asad-dc/Local Sites/stone-stomper/app/public/wp-includes/functions.php on line 6121
[11-Sep-2025 17:42:03 UTC] PHP Notice:  wp_json_file_decode(): Error when decoding a JSON file at path /Users/asad-dc/Local Sites/stone-stomper/app/public/wp-content/themes/stone-stomper/theme.json: Syntax error in /Users/asad-dc/Local Sites/stone-stomper/app/public/wp-includes/functions.php on line 6121
[11-Sep-2025 17:42:03 UTC] PHP Warning:  Undefined variable $whmc_svaevluft in /Users/asad-dc/Local Sites/stone-stomper/app/public/wp-content/plugins/mini-cart-for-woocommerce/inc/class-whmc_cart.php on line 205
[11-Sep-2025 17:42:03 UTC] PHP Warning:  Array to string conversion in /Users/asad-dc/Local Sites/stone-stomper/app/public/wp-includes/formatting.php on line 1096
[11-Sep-2025 17:42:05 UTC] PHP Notice:  wp_json_file_decode(): Error when decoding a JSON file at path /Users/asad-dc/Local Sites/stone-stomper/app/public/wp-content/themes/stone-stomper/theme.json: Syntax error in /Users/asad-dc/Local Sites/stone-stomper/app/public/wp-includes/functions.php on line 6121
[11-Sep-2025 17:42:05 UTC] PHP Notice:  wp_json_file_decode(): Error when decoding a JSON file at path /Users/asad-dc/Local Sites/stone-stomper/app/public/wp-content/themes/stone-stomper/theme.json: Syntax error in /Users/asad-dc/Local Sites/stone-stomper/app/public/wp-includes/functions.php on line 6121
[11-Sep-2025 17:42:05 UTC] PHP Warning:  Undefined variable $whmc_svaevluft in /Users/asad-dc/Local Sites/stone-stomper/app/public/wp-content/plugins/mini-cart-for-woocommerce/inc/class-whmc_cart.php on line 205
[11-Sep-2025 17:42:06 UTC] PHP Warning:  Array to string conversion in /Users/asad-dc/Local Sites/stone-stomper/app/public/wp-includes/formatting.php on line 1096
[11-Sep-2025 17:42:16 UTC] PHP Notice:  wp_json_file_decode(): Error when decoding a JSON file at path /Users/asad-dc/Local Sites/stone-stomper/app/public/wp-content/themes/stone-stomper/theme.json: Syntax error in /Users/asad-dc/Local Sites/stone-stomper/app/public/wp-includes/functions.php on line 6121
[11-Sep-2025 17:42:16 UTC] PHP Notice:  wp_json_file_decode(): Error when decoding a JSON file at path /Users/asad-dc/Local Sites/stone-stomper/app/public/wp-content/themes/stone-stomper/theme.json: Syntax error in /Users/asad-dc/Local Sites/stone-stomper/app/public/wp-includes/functions.php on line 6121
[11-Sep-2025 17:42:16 UTC] PHP Warning:  Undefined variable $whmc_svaevluft in /Users/asad-dc/Local Sites/stone-stomper/app/public/wp-content/plugins/mini-cart-for-woocommerce/inc/class-whmc_cart.php on line 205
[11-Sep-2025 17:42:53 UTC] PHP Notice:  wp_json_file_decode(): Error when decoding a JSON file at path /Users/asad-dc/Local Sites/stone-stomper/app/public/wp-content/themes/stone-stomper/theme.json: Syntax error in /Users/asad-dc/Local Sites/stone-stomper/app/public/wp-includes/functions.php on line 6121
[11-Sep-2025 17:42:53 UTC] PHP Notice:  wp_json_file_decode(): Error when decoding a JSON file at path /Users/asad-dc/Local Sites/stone-stomper/app/public/wp-content/themes/stone-stomper/theme.json: Syntax error in /Users/asad-dc/Local Sites/stone-stomper/app/public/wp-includes/functions.php on line 6121
[11-Sep-2025 17:42:53 UTC] PHP Warning:  Undefined variable $whmc_svaevluft in /Users/asad-dc/Local Sites/stone-stomper/app/public/wp-content/plugins/mini-cart-for-woocommerce/inc/class-whmc_cart.php on line 205
[11-Sep-2025 17:43:00 UTC] PHP Notice:  wp_json_file_decode(): Error when decoding a JSON file at path /Users/asad-dc/Local Sites/stone-stomper/app/public/wp-content/themes/stone-stomper/theme.json: Syntax error in /Users/asad-dc/Local Sites/stone-stomper/app/public/wp-includes/functions.php on line 6121
[11-Sep-2025 17:43:00 UTC] PHP Notice:  wp_json_file_decode(): Error when decoding a JSON file at path /Users/asad-dc/Local Sites/stone-stomper/app/public/wp-content/themes/stone-stomper/theme.json: Syntax error in /Users/asad-dc/Local Sites/stone-stomper/app/public/wp-includes/functions.php on line 6121
[11-Sep-2025 17:43:00 UTC] PHP Warning:  Undefined variable $whmc_svaevluft in /Users/asad-dc/Local Sites/stone-stomper/app/public/wp-content/plugins/mini-cart-for-woocommerce/inc/class-whmc_cart.php on line 205
[11-Sep-2025 17:43:05 UTC] PHP Notice:  wp_json_file_decode(): Error when decoding a JSON file at path /Users/asad-dc/Local Sites/stone-stomper/app/public/wp-content/themes/stone-stomper/theme.json: Syntax error in /Users/asad-dc/Local Sites/stone-stomper/app/public/wp-includes/functions.php on line 6121
[11-Sep-2025 17:43:05 UTC] PHP Notice:  wp_json_file_decode(): Error when decoding a JSON file at path /Users/asad-dc/Local Sites/stone-stomper/app/public/wp-content/themes/stone-stomper/theme.json: Syntax error in /Users/asad-dc/Local Sites/stone-stomper/app/public/wp-includes/functions.php on line 6121
[11-Sep-2025 17:43:05 UTC] PHP Warning:  Undefined variable $whmc_svaevluft in /Users/asad-dc/Local Sites/stone-stomper/app/public/wp-content/plugins/mini-cart-for-woocommerce/inc/class-whmc_cart.php on line 205
[11-Sep-2025 17:43:06 UTC] PHP Warning:  Array to string conversion in /Users/asad-dc/Local Sites/stone-stomper/app/public/wp-includes/formatting.php on line 1096
[11-Sep-2025 17:43:06 UTC] PHP Notice:  wp_json_file_decode(): Error when decoding a JSON file at path /Users/asad-dc/Local Sites/stone-stomper/app/public/wp-content/themes/stone-stomper/theme.json: Syntax error in /Users/asad-dc/Local Sites/stone-stomper/app/public/wp-includes/functions.php on line 6121
[11-Sep-2025 17:43:06 UTC] PHP Notice:  wp_json_file_decode(): Error when decoding a JSON file at path /Users/asad-dc/Local Sites/stone-stomper/app/public/wp-content/themes/stone-stomper/theme.json: Syntax error in /Users/asad-dc/Local Sites/stone-stomper/app/public/wp-includes/functions.php on line 6121
[11-Sep-2025 17:43:06 UTC] PHP Warning:  Undefined variable $whmc_svaevluft in /Users/asad-dc/Local Sites/stone-stomper/app/public/wp-content/plugins/mini-cart-for-woocommerce/inc/class-whmc_cart.php on line 205
[11-Sep-2025 17:43:06 UTC] PHP Warning:  Array to string conversion in /Users/asad-dc/Local Sites/stone-stomper/app/public/wp-includes/formatting.php on line 1096
[11-Sep-2025 17:43:08 UTC] PHP Notice:  wp_json_file_decode(): Error when decoding a JSON file at path /Users/asad-dc/Local Sites/stone-stomper/app/public/wp-content/themes/stone-stomper/theme.json: Syntax error in /Users/asad-dc/Local Sites/stone-stomper/app/public/wp-includes/functions.php on line 6121
[11-Sep-2025 17:43:08 UTC] PHP Notice:  wp_json_file_decode(): Error when decoding a JSON file at path /Users/asad-dc/Local Sites/stone-stomper/app/public/wp-content/themes/stone-stomper/theme.json: Syntax error in /Users/asad-dc/Local Sites/stone-stomper/app/public/wp-includes/functions.php on line 6121
[11-Sep-2025 17:43:08 UTC] PHP Warning:  Undefined variable $whmc_svaevluft in /Users/asad-dc/Local Sites/stone-stomper/app/public/wp-content/plugins/mini-cart-for-woocommerce/inc/class-whmc_cart.php on line 205
[11-Sep-2025 17:43:09 UTC] PHP Warning:  Array to string conversion in /Users/asad-dc/Local Sites/stone-stomper/app/public/wp-includes/formatting.php on line 1096
[11-Sep-2025 17:43:20 UTC] checked order
[11-Sep-2025 17:43:20 UTC] PHP Notice:  wp_json_file_decode(): Error when decoding a JSON file at path /Users/asad-dc/Local Sites/stone-stomper/app/public/wp-content/themes/stone-stomper/theme.json: Syntax error in /Users/asad-dc/Local Sites/stone-stomper/app/public/wp-includes/functions.php on line 6121
[11-Sep-2025 17:43:20 UTC] PHP Notice:  wp_json_file_decode(): Error when decoding a JSON file at path /Users/asad-dc/Local Sites/stone-stomper/app/public/wp-content/themes/stone-stomper/theme.json: Syntax error in /Users/asad-dc/Local Sites/stone-stomper/app/public/wp-includes/functions.php on line 6121
[11-Sep-2025 17:43:20 UTC] PHP Warning:  Undefined variable $whmc_svaevluft in /Users/asad-dc/Local Sites/stone-stomper/app/public/wp-content/plugins/mini-cart-for-woocommerce/inc/class-whmc_cart.php on line 205
[11-Sep-2025 17:44:04 UTC] PHP Notice:  wp_json_file_decode(): Error when decoding a JSON file at path /Users/asad-dc/Local Sites/stone-stomper/app/public/wp-content/themes/stone-stomper/theme.json: Syntax error in /Users/asad-dc/Local Sites/stone-stomper/app/public/wp-includes/functions.php on line 6121
[11-Sep-2025 17:44:04 UTC] PHP Notice:  wp_json_file_decode(): Error when decoding a JSON file at path /Users/asad-dc/Local Sites/stone-stomper/app/public/wp-content/themes/stone-stomper/theme.json: Syntax error in /Users/asad-dc/Local Sites/stone-stomper/app/public/wp-includes/functions.php on line 6121
[11-Sep-2025 17:44:04 UTC] PHP Warning:  Undefined variable $whmc_svaevluft in /Users/asad-dc/Local Sites/stone-stomper/app/public/wp-content/plugins/mini-cart-for-woocommerce/inc/class-whmc_cart.php on line 205
[11-Sep-2025 17:44:07 UTC] PHP Notice:  wp_json_file_decode(): Error when decoding a JSON file at path /Users/asad-dc/Local Sites/stone-stomper/app/public/wp-content/themes/stone-stomper/theme.json: Syntax error in /Users/asad-dc/Local Sites/stone-stomper/app/public/wp-includes/functions.php on line 6121
[11-Sep-2025 17:44:07 UTC] PHP Notice:  wp_json_file_decode(): Error when decoding a JSON file at path /Users/asad-dc/Local Sites/stone-stomper/app/public/wp-content/themes/stone-stomper/theme.json: Syntax error in /Users/asad-dc/Local Sites/stone-stomper/app/public/wp-includes/functions.php on line 6121
[11-Sep-2025 17:44:07 UTC] PHP Warning:  Undefined variable $whmc_svaevluft in /Users/asad-dc/Local Sites/stone-stomper/app/public/wp-content/plugins/mini-cart-for-woocommerce/inc/class-whmc_cart.php on line 205
[11-Sep-2025 17:44:10 UTC] PHP Notice:  wp_json_file_decode(): Error when decoding a JSON file at path /Users/asad-dc/Local Sites/stone-stomper/app/public/wp-content/themes/stone-stomper/theme.json: Syntax error in /Users/asad-dc/Local Sites/stone-stomper/app/public/wp-includes/functions.php on line 6121
[11-Sep-2025 17:44:10 UTC] PHP Notice:  wp_json_file_decode(): Error when decoding a JSON file at path /Users/asad-dc/Local Sites/stone-stomper/app/public/wp-content/themes/stone-stomper/theme.json: Syntax error in /Users/asad-dc/Local Sites/stone-stomper/app/public/wp-includes/functions.php on line 6121
[11-Sep-2025 17:44:10 UTC] PHP Warning:  Undefined variable $whmc_svaevluft in /Users/asad-dc/Local Sites/stone-stomper/app/public/wp-content/plugins/mini-cart-for-woocommerce/inc/class-whmc_cart.php on line 205
[11-Sep-2025 17:44:11 UTC] PHP Warning:  Undefined variable $child_terms in /Users/asad-dc/Local Sites/stone-stomper/app/public/wp-content/themes/stone-stomper/includes/classes/code/class-wp-theme-ajax.php on line 277
[11-Sep-2025 17:44:11 UTC] PHP Warning:  Undefined variable $year in /Users/asad-dc/Local Sites/stone-stomper/app/public/wp-content/themes/stone-stomper/includes/classes/code/class-wp-theme-ajax.php on line 280
[11-Sep-2025 17:44:17 UTC] PHP Warning:  Undefined variable $year in /Users/asad-dc/Local Sites/stone-stomper/app/public/wp-content/themes/stone-stomper/includes/classes/code/class-wp-theme-ajax.php on line 280
[11-Sep-2025 17:44:24 UTC] PHP Warning:  Undefined variable $sts_var_factory_stoneguard_image_id in /Users/asad-dc/Local Sites/stone-stomper/app/public/wp-content/themes/stone-stomper/includes/classes/code/class-wp-theme-ajax.php on line 375
[11-Sep-2025 17:44:24 UTC] PHP Warning:  Undefined variable $sts_var_caravan_toolbox_width in /Users/asad-dc/Local Sites/stone-stomper/app/public/wp-content/themes/stone-stomper/includes/classes/code/class-wp-theme-ajax.php on line 394
[11-Sep-2025 17:44:24 UTC] PHP Warning:  Undefined variable $sts_var_caravan_toolbox_height in /Users/asad-dc/Local Sites/stone-stomper/app/public/wp-content/themes/stone-stomper/includes/classes/code/class-wp-theme-ajax.php on line 395
[11-Sep-2025 17:44:35 UTC] PHP Notice:  wp_json_file_decode(): Error when decoding a JSON file at path /Users/asad-dc/Local Sites/stone-stomper/app/public/wp-content/themes/stone-stomper/theme.json: Syntax error in /Users/asad-dc/Local Sites/stone-stomper/app/public/wp-includes/functions.php on line 6121
[11-Sep-2025 17:44:35 UTC] PHP Notice:  wp_json_file_decode(): Error when decoding a JSON file at path /Users/asad-dc/Local Sites/stone-stomper/app/public/wp-content/themes/stone-stomper/theme.json: Syntax error in /Users/asad-dc/Local Sites/stone-stomper/app/public/wp-includes/functions.php on line 6121
[11-Sep-2025 17:44:35 UTC] PHP Warning:  Undefined variable $whmc_svaevluft in /Users/asad-dc/Local Sites/stone-stomper/app/public/wp-content/plugins/mini-cart-for-woocommerce/inc/class-whmc_cart.php on line 205
[11-Sep-2025 17:44:35 UTC] PHP Warning:  Array to string conversion in /Users/asad-dc/Local Sites/stone-stomper/app/public/wp-includes/formatting.php on line 1096
[11-Sep-2025 17:44:35 UTC] PHP Warning:  Array to string conversion in /Users/asad-dc/Local Sites/stone-stomper/app/public/wp-includes/formatting.php on line 1096
[11-Sep-2025 17:44:36 UTC] PHP Notice:  wp_json_file_decode(): Error when decoding a JSON file at path /Users/asad-dc/Local Sites/stone-stomper/app/public/wp-content/themes/stone-stomper/theme.json: Syntax error in /Users/asad-dc/Local Sites/stone-stomper/app/public/wp-includes/functions.php on line 6121
[11-Sep-2025 17:44:36 UTC] PHP Notice:  wp_json_file_decode(): Error when decoding a JSON file at path /Users/asad-dc/Local Sites/stone-stomper/app/public/wp-content/themes/stone-stomper/theme.json: Syntax error in /Users/asad-dc/Local Sites/stone-stomper/app/public/wp-includes/functions.php on line 6121
[11-Sep-2025 17:44:36 UTC] PHP Warning:  Undefined variable $whmc_svaevluft in /Users/asad-dc/Local Sites/stone-stomper/app/public/wp-content/plugins/mini-cart-for-woocommerce/inc/class-whmc_cart.php on line 205
[11-Sep-2025 17:44:36 UTC] PHP Warning:  Array to string conversion in /Users/asad-dc/Local Sites/stone-stomper/app/public/wp-includes/formatting.php on line 1096
[11-Sep-2025 17:44:36 UTC] PHP Warning:  Array to string conversion in /Users/asad-dc/Local Sites/stone-stomper/app/public/wp-includes/formatting.php on line 1096
[11-Sep-2025 17:45:00 UTC] PHP Notice:  wp_json_file_decode(): Error when decoding a JSON file at path /Users/asad-dc/Local Sites/stone-stomper/app/public/wp-content/themes/stone-stomper/theme.json: Syntax error in /Users/asad-dc/Local Sites/stone-stomper/app/public/wp-includes/functions.php on line 6121
[11-Sep-2025 17:45:00 UTC] PHP Notice:  wp_json_file_decode(): Error when decoding a JSON file at path /Users/asad-dc/Local Sites/stone-stomper/app/public/wp-content/themes/stone-stomper/theme.json: Syntax error in /Users/asad-dc/Local Sites/stone-stomper/app/public/wp-includes/functions.php on line 6121
[11-Sep-2025 17:45:00 UTC] PHP Warning:  Undefined variable $whmc_svaevluft in /Users/asad-dc/Local Sites/stone-stomper/app/public/wp-content/plugins/mini-cart-for-woocommerce/inc/class-whmc_cart.php on line 205
[11-Sep-2025 17:45:01 UTC] PHP Warning:  Array to string conversion in /Users/asad-dc/Local Sites/stone-stomper/app/public/wp-includes/formatting.php on line 1096
[11-Sep-2025 17:45:01 UTC] PHP Warning:  Array to string conversion in /Users/asad-dc/Local Sites/stone-stomper/app/public/wp-includes/formatting.php on line 1096
[11-Sep-2025 17:45:10 UTC] checked order
[11-Sep-2025 17:45:10 UTC] Automattic\WooCommerce\Admin\Overrides\Order Object
(
    [id:protected] => 396
    [data:protected] => Array
        (
            [parent_id] => 0
            [status] => pending
            [currency] => USD
            [version] => 10.1.2
            [prices_include_tax] => 
            [date_created] => WC_DateTime Object
                (
                    [utc_offset:protected] => 0
                    [date] => 2025-09-11 17:44:36.000000
                    [timezone_type] => 1
                    [timezone] => +00:00
                )

            [date_modified] => WC_DateTime Object
                (
                    [utc_offset:protected] => 0
                    [date] => 2025-09-11 17:45:10.000000
                    [timezone_type] => 1
                    [timezone] => +00:00
                )

            [discount_total] => 0
            [discount_tax] => 0
            [shipping_total] => 75
            [shipping_tax] => 0
            [cart_tax] => 0
            [total] => 930
            [total_tax] => 0
            [customer_id] => 1
            [order_key] => wc_order_oEHy0qIi7lbHz
            [billing] => Array
                (
                    [first_name] => fgdg
                    [last_name] => dfgdfgdfg
                    [company] => 
                    [address_1] => dfgdfg
                    [address_2] => 
                    [city] => fghfgh
                    [state] => PB
                    [postcode] => 35470
                    [country] => PK
                    [email] => asad@devcause.com
                    [phone] => 
                )

            [shipping] => Array
                (
                    [first_name] => fgdg
                    [last_name] => dfgdfgdfg
                    [company] => 
                    [address_1] => dfgdfg
                    [address_2] => 
                    [city] => fghfgh
                    [state] => PB
                    [postcode] => 35470
                    [country] => PK
                    [phone] => 
                )

            [payment_method] => cod
            [payment_method_title] => Cash on delivery
            [transaction_id] => 
            [customer_ip_address] => ::1
            [customer_user_agent] => Mozilla/5.0 (Macintosh; Intel Mac OS X 10_15_7) AppleWebKit/537.36 (KHTML, like Gecko) Chrome/140.0.0.0 Safari/537.36
            [created_via] => store-api
            [customer_note] => 
            [date_completed] => 
            [date_paid] => 
            [cart_hash] => 389800999c74fde9c7713880a5491b95
            [order_stock_reduced] => 
            [download_permissions_granted] => 
            [new_order_email_sent] => 
            [recorded_sales] => 
            [recorded_coupon_usage_counts] => 
        )

    [changes:protected] => Array
        (
        )

    [object_read:protected] => 1
    [object_type:protected] => order
    [extra_data:protected] => Array
        (
        )

    [default_data:protected] => Array
        (
            [parent_id] => 0
            [status] => 
            [currency] => 
            [version] => 
            [prices_include_tax] => 
            [date_created] => 
            [date_modified] => 
            [discount_total] => 0
            [discount_tax] => 0
            [shipping_total] => 0
            [shipping_tax] => 0
            [cart_tax] => 0
            [total] => 0
            [total_tax] => 0
            [customer_id] => 0
            [order_key] => 
            [billing] => Array
                (
                    [first_name] => 
                    [last_name] => 
                    [company] => 
                    [address_1] => 
                    [address_2] => 
                    [city] => 
                    [state] => 
                    [postcode] => 
                    [country] => 
                    [email] => 
                    [phone] => 
                )

            [shipping] => Array
                (
                    [first_name] => 
                    [last_name] => 
                    [company] => 
                    [address_1] => 
                    [address_2] => 
                    [city] => 
                    [state] => 
                    [postcode] => 
                    [country] => 
                    [phone] => 
                )

            [payment_method] => 
            [payment_method_title] => 
            [transaction_id] => 
            [customer_ip_address] => 
            [customer_user_agent] => 
            [created_via] => 
            [customer_note] => 
            [date_completed] => 
            [date_paid] => 
            [cart_hash] => 
            [order_stock_reduced] => 
            [download_permissions_granted] => 
            [new_order_email_sent] => 
            [recorded_sales] => 
            [recorded_coupon_usage_counts] => 
        )

    [data_store:protected] => WC_Data_Store Object
        (
            [instance:WC_Data_Store:private] => Automattic\WooCommerce\Internal\DataStores\Orders\OrdersTableDataStore Object
                (
                    [meta_type:protected] => post
                    [object_id_field_for_meta:protected] => 
                    [internal_meta_keys:protected] => Array
                        (
                            [0] => _parent_id
                            [1] => _status
                            [2] => _currency
                            [3] => _version
                            [4] => _prices_include_tax
                            [5] => _date_created
                            [6] => _date_modified
                            [7] => _discount_total
                            [8] => _discount_tax
                            [9] => _shipping_total
                            [10] => _shipping_tax
                            [11] => _cart_tax
                            [12] => _total
                            [13] => _total_tax
                            [14] => _customer_id
                            [15] => _order_key
                            [16] => _billing
                            [17] => _shipping
                            [18] => _payment_method
                            [19] => _payment_method_title
                            [20] => _transaction_id
                            [21] => _customer_ip_address
                            [22] => _customer_user_agent
                            [23] => _created_via
                            [24] => _customer_note
                            [25] => _date_completed
                            [26] => _date_paid
                            [27] => _cart_hash
                            [28] => _order_stock_reduced
                            [29] => _download_permissions_granted
                            [30] => _new_order_email_sent
                            [31] => _recorded_sales
                            [32] => _recorded_coupon_usage_counts
                            [66] => _customer_user
                            [67] => _order_currency
                            [68] => _billing_first_name
                            [69] => _billing_last_name
                            [70] => _billing_company
                            [71] => _billing_address_1
                            [72] => _billing_address_2
                            [73] => _billing_city
                            [74] => _billing_state
                            [75] => _billing_postcode
                            [76] => _billing_country
                            [77] => _billing_email
                            [78] => _billing_phone
                            [79] => _shipping_first_name
                            [80] => _shipping_last_name
                            [81] => _shipping_company
                            [82] => _shipping_address_1
                            [83] => _shipping_address_2
                            [84] => _shipping_city
                            [85] => _shipping_state
                            [86] => _shipping_postcode
                            [87] => _shipping_country
                            [88] => _shipping_phone
                            [89] => _completed_date
                            [90] => _paid_date
                            [91] => _edit_last
                            [92] => _cart_discount
                            [93] => _cart_discount_tax
                            [94] => _order_shipping
                            [95] => _order_shipping_tax
                            [96] => _order_tax
                            [97] => _order_total
                            [98] => _order_version
                            [99] => _payment_tokens
                            [100] => _billing_address_index
                            [101] => _shipping_address_index
                        )

                    [must_exist_meta_keys:protected] => Array
                        (
                        )

                    [internal_data_store_key_getters:protected] => Array
                        (
                        )

                    [ephemeral_meta_keys:protected] => Array
                        (
                            [0] => _edit_lock
                        )

                    [data_store_meta:protected] => Automattic\WooCommerce\Internal\DataStores\Orders\OrdersTableDataStoreMeta Object
                        (
                        )

                    [database_util:protected] => Automattic\WooCommerce\Internal\Utilities\DatabaseUtil Object
                        (
                        )

                    [cpt_data_store:Automattic\WooCommerce\Internal\DataStores\Orders\OrdersTableDataStore:private] => 
                    [error_logger:Automattic\WooCommerce\Internal\DataStores\Orders\OrdersTableDataStore:private] => WC_Logger Object
                        (
                            [handlers:protected] => 
                            [threshold:protected] => 
                        )

                    [orders_table_name:Automattic\WooCommerce\Internal\DataStores\Orders\OrdersTableDataStore:private] => wp_wc_orders
                    [legacy_proxy:Automattic\WooCommerce\Internal\DataStores\Orders\OrdersTableDataStore:private] => Automattic\WooCommerce\Proxies\LegacyProxy Object
                        (
                        )

                    [order_column_mapping:protected] => Array
                        (
                            [id] => Array
                                (
                                    [type] => int
                                    [name] => id
                                )

                            [status] => Array
                                (
                                    [type] => string
                                    [name] => status
                                )

                            [type] => Array
                                (
                                    [type] => string
                                    [name] => type
                                )

                            [currency] => Array
                                (
                                    [type] => string
                                    [name] => currency
                                )

                            [tax_amount] => Array
                                (
                                    [type] => decimal
                                    [name] => cart_tax
                                )

                            [total_amount] => Array
                                (
                                    [type] => decimal
                                    [name] => total
                                )

                            [customer_id] => Array
                                (
                                    [type] => int
                                    [name] => customer_id
                                )

                            [billing_email] => Array
                                (
                                    [type] => string
                                    [name] => billing_email
                                )

                            [date_created_gmt] => Array
                                (
                                    [type] => date
                                    [name] => date_created
                                )

                            [date_updated_gmt] => Array
                                (
                                    [type] => date
                                    [name] => date_modified
                                )

                            [parent_order_id] => Array
                                (
                                    [type] => int
                                    [name] => parent_id
                                )

                            [payment_method] => Array
                                (
                                    [type] => string
                                    [name] => payment_method
                                )

                            [payment_method_title] => Array
                                (
                                    [type] => string
                                    [name] => payment_method_title
                                )

                            [ip_address] => Array
                                (
                                    [type] => string
                                    [name] => customer_ip_address
                                )

                            [transaction_id] => Array
                                (
                                    [type] => string
                                    [name] => transaction_id
                                )

                            [user_agent] => Array
                                (
                                    [type] => string
                                    [name] => customer_user_agent
                                )

                            [customer_note] => Array
                                (
                                    [type] => string
                                    [name] => customer_note
                                )

                        )

                    [billing_address_column_mapping:protected] => Array
                        (
                            [id] => Array
                                (
                                    [type] => int
                                )

                            [order_id] => Array
                                (
                                    [type] => int
                                )

                            [address_type] => Array
                                (
                                    [type] => string
                                )

                            [first_name] => Array
                                (
                                    [type] => string
                                    [name] => billing_first_name
                                )

                            [last_name] => Array
                                (
                                    [type] => string
                                    [name] => billing_last_name
                                )

                            [company] => Array
                                (
                                    [type] => string
                                    [name] => billing_company
                                )

                            [address_1] => Array
                                (
                                    [type] => string
                                    [name] => billing_address_1
                                )

                            [address_2] => Array
                                (
                                    [type] => string
                                    [name] => billing_address_2
                                )

                            [city] => Array
                                (
                                    [type] => string
                                    [name] => billing_city
                                )

                            [state] => Array
                                (
                                    [type] => string
                                    [name] => billing_state
                                )

                            [postcode] => Array
                                (
                                    [type] => string
                                    [name] => billing_postcode
                                )

                            [country] => Array
                                (
                                    [type] => string
                                    [name] => billing_country
                                )

                            [email] => Array
                                (
                                    [type] => string
                                    [name] => billing_email
                                )

                            [phone] => Array
                                (
                                    [type] => string
                                    [name] => billing_phone
                                )

                        )

                    [shipping_address_column_mapping:protected] => Array
                        (
                            [id] => Array
                                (
                                    [type] => int
                                )

                            [order_id] => Array
                                (
                                    [type] => int
                                )

                            [address_type] => Array
                                (
                                    [type] => string
                                )

                            [first_name] => Array
                                (
                                    [type] => string
                                    [name] => shipping_first_name
                                )

                            [last_name] => Array
                                (
                                    [type] => string
                                    [name] => shipping_last_name
                                )

                            [company] => Array
                                (
                                    [type] => string
                                    [name] => shipping_company
                                )

                            [address_1] => Array
                                (
                                    [type] => string
                                    [name] => shipping_address_1
                                )

                            [address_2] => Array
                                (
                                    [type] => string
                                    [name] => shipping_address_2
                                )

                            [city] => Array
                                (
                                    [type] => string
                                    [name] => shipping_city
                                )

                            [state] => Array
                                (
                                    [type] => string
                                    [name] => shipping_state
                                )

                            [postcode] => Array
                                (
                                    [type] => string
                                    [name] => shipping_postcode
                                )

                            [country] => Array
                                (
                                    [type] => string
                                    [name] => shipping_country
                                )

                            [email] => Array
                                (
                                    [type] => string
                                )

                            [phone] => Array
                                (
                                    [type] => string
                                    [name] => shipping_phone
                                )

                        )

                    [operational_data_column_mapping:protected] => Array
                        (
                            [id] => Array
                                (
                                    [type] => int
                                )

                            [order_id] => Array
                                (
                                    [type] => int
                                )

                            [created_via] => Array
                                (
                                    [type] => string
                                    [name] => created_via
                                )

                            [woocommerce_version] => Array
                                (
                                    [type] => string
                                    [name] => version
                                )

                            [prices_include_tax] => Array
                                (
                                    [type] => bool
                                    [name] => prices_include_tax
                                )

                            [coupon_usages_are_counted] => Array
                                (
                                    [type] => bool
                                    [name] => recorded_coupon_usage_counts
                                )

                            [download_permission_granted] => Array
                                (
                                    [type] => bool
                                    [name] => download_permissions_granted
                                )

                            [cart_hash] => Array
                                (
                                    [type] => string
                                    [name] => cart_hash
                                )

                            [new_order_email_sent] => Array
                                (
                                    [type] => bool
                                    [name] => new_order_email_sent
                                )

                            [order_key] => Array
                                (
                                    [type] => string
                                    [name] => order_key
                                )

                            [order_stock_reduced] => Array
                                (
                                    [type] => bool
                                    [name] => order_stock_reduced
                                )

                            [date_paid_gmt] => Array
                                (
                                    [type] => date
                                    [name] => date_paid
                                )

                            [date_completed_gmt] => Array
                                (
                                    [type] => date
                                    [name] => date_completed
                                )

                            [shipping_tax_amount] => Array
                                (
                                    [type] => decimal
                                    [name] => shipping_tax
                                )

                            [shipping_total_amount] => Array
                                (
                                    [type] => decimal
                                    [name] => shipping_total
                                )

                            [discount_tax_amount] => Array
                                (
                                    [type] => decimal
                                    [name] => discount_tax
                                )

                            [discount_total_amount] => Array
                                (
                                    [type] => decimal
                                    [name] => discount_total
                                )

                            [recorded_sales] => Array
                                (
                                    [type] => bool
                                    [name] => recorded_sales
                                )

                        )

                    [all_order_column_mapping:Automattic\WooCommerce\Internal\DataStores\Orders\OrdersTableDataStore:private] => Array
                        (
                            [orders] => Array
                                (
                                    [id] => Array
                                        (
                                            [type] => int
                                            [name] => id
                                        )

                                    [status] => Array
                                        (
                                            [type] => string
                                            [name] => status
                                        )

                                    [type] => Array
                                        (
                                            [type] => string
                                            [name] => type
                                        )

                                    [currency] => Array
                                        (
                                            [type] => string
                                            [name] => currency
                                        )

                                    [tax_amount] => Array
                                        (
                                            [type] => decimal
                                            [name] => cart_tax
                                        )

                                    [total_amount] => Array
                                        (
                                            [type] => decimal
                                            [name] => total
                                        )

                                    [customer_id] => Array
                                        (
                                            [type] => int
                                            [name] => customer_id
                                        )

                                    [billing_email] => Array
                                        (
                                            [type] => string
                                            [name] => billing_email
                                        )

                                    [date_created_gmt] => Array
                                        (
                                            [type] => date
                                            [name] => date_created
                                        )

                                    [date_updated_gmt] => Array
                                        (
                                            [type] => date
                                            [name] => date_modified
                                        )

                                    [parent_order_id] => Array
                                        (
                                            [type] => int
                                            [name] => parent_id
                                        )

                                    [payment_method] => Array
                                        (
                                            [type] => string
                                            [name] => payment_method
                                        )

                                    [payment_method_title] => Array
                                        (
                                            [type] => string
                                            [name] => payment_method_title
                                        )

                                    [ip_address] => Array
                                        (
                                            [type] => string
                                            [name] => customer_ip_address
                                        )

                                    [transaction_id] => Array
                                        (
                                            [type] => string
                                            [name] => transaction_id
                                        )

                                    [user_agent] => Array
                                        (
                                            [type] => string
                                            [name] => customer_user_agent
                                        )

                                    [customer_note] => Array
                                        (
                                            [type] => string
                                            [name] => customer_note
                                        )

                                )

                            [billing_address] => Array
                                (
                                    [id] => Array
                                        (
                                            [type] => int
                                        )

                                    [order_id] => Array
                                        (
                                            [type] => int
                                        )

                                    [address_type] => Array
                                        (
                                            [type] => string
                                        )

                                    [first_name] => Array
                                        (
                                            [type] => string
                                            [name] => billing_first_name
                                        )

                                    [last_name] => Array
                                        (
                                            [type] => string
                                            [name] => billing_last_name
                                        )

                                    [company] => Array
                                        (
                                            [type] => string
                                            [name] => billing_company
                                        )

                                    [address_1] => Array
                                        (
                                            [type] => string
                                            [name] => billing_address_1
                                        )

                                    [address_2] => Array
                                        (
                                            [type] => string
                                            [name] => billing_address_2
                                        )

                                    [city] => Array
                                        (
                                            [type] => string
                                            [name] => billing_city
                                        )

                                    [state] => Array
                                        (
                                            [type] => string
                                            [name] => billing_state
                                        )

                                    [postcode] => Array
                                        (
                                            [type] => string
                                            [name] => billing_postcode
                                        )

                                    [country] => Array
                                        (
                                            [type] => string
                                            [name] => billing_country
                                        )

                                    [email] => Array
                                        (
                                            [type] => string
                                            [name] => billing_email
                                        )

                                    [phone] => Array
                                        (
                                            [type] => string
                                            [name] => billing_phone
                                        )

                                )

                            [shipping_address] => Array
                                (
                                    [id] => Array
                                        (
                                            [type] => int
                                        )

                                    [order_id] => Array
                                        (
                                            [type] => int
                                        )

                                    [address_type] => Array
                                        (
                                            [type] => string
                                        )

                                    [first_name] => Array
                                        (
                                            [type] => string
                                            [name] => shipping_first_name
                                        )

                                    [last_name] => Array
                                        (
                                            [type] => string
                                            [name] => shipping_last_name
                                        )

                                    [company] => Array
                                        (
                                            [type] => string
                                            [name] => shipping_company
                                        )

                                    [address_1] => Array
                                        (
                                            [type] => string
                                            [name] => shipping_address_1
                                        )

                                    [address_2] => Array
                                        (
                                            [type] => string
                                            [name] => shipping_address_2
                                        )

                                    [city] => Array
                                        (
                                            [type] => string
                                            [name] => shipping_city
                                        )

                                    [state] => Array
                                        (
                                            [type] => string
                                            [name] => shipping_state
                                        )

                                    [postcode] => Array
                                        (
                                            [type] => string
                                            [name] => shipping_postcode
                                        )

                                    [country] => Array
                                        (
                                            [type] => string
                                            [name] => shipping_country
                                        )

                                    [email] => Array
                                        (
                                            [type] => string
                                        )

                                    [phone] => Array
                                        (
                                            [type] => string
                                            [name] => shipping_phone
                                        )

                                )

                            [operational_data] => Array
                                (
                                    [id] => Array
                                        (
                                            [type] => int
                                        )

                                    [order_id] => Array
                                        (
                                            [type] => int
                                        )

                                    [created_via] => Array
                                        (
                                            [type] => string
                                            [name] => created_via
                                        )

                                    [woocommerce_version] => Array
                                        (
                                            [type] => string
                                            [name] => version
                                        )

                                    [prices_include_tax] => Array
                                        (
                                            [type] => bool
                                            [name] => prices_include_tax
                                        )

                                    [coupon_usages_are_counted] => Array
                                        (
                                            [type] => bool
                                            [name] => recorded_coupon_usage_counts
                                        )

                                    [download_permission_granted] => Array
                                        (
                                            [type] => bool
                                            [name] => download_permissions_granted
                                        )

                                    [cart_hash] => Array
                                        (
                                            [type] => string
                                            [name] => cart_hash
                                        )

                                    [new_order_email_sent] => Array
                                        (
                                            [type] => bool
                                            [name] => new_order_email_sent
                                        )

                                    [order_key] => Array
                                        (
                                            [type] => string
                                            [name] => order_key
                                        )

                                    [order_stock_reduced] => Array
                                        (
                                            [type] => bool
                                            [name] => order_stock_reduced
                                        )

                                    [date_paid_gmt] => Array
                                        (
                                            [type] => date
                                            [name] => date_paid
                                        )

                                    [date_completed_gmt] => Array
                                        (
                                            [type] => date
                                            [name] => date_completed
                                        )

                                    [shipping_tax_amount] => Array
                                        (
                                            [type] => decimal
                                            [name] => shipping_tax
                                        )

                                    [shipping_total_amount] => Array
                                        (
                                            [type] => decimal
                                            [name] => shipping_total
                                        )

                                    [discount_tax_amount] => Array
                                        (
                                            [type] => decimal
                                            [name] => discount_tax
                                        )

                                    [discount_total_amount] => Array
                                        (
                                            [type] => decimal
                                            [name] => discount_total
                                        )

                                    [recorded_sales] => Array
                                        (
                                            [type] => bool
                                            [name] => recorded_sales
                                        )

                                )

                        )

                )

            [stores:WC_Data_Store:private] => Array
                (
                    [coupon] => WC_Coupon_Data_Store_CPT
                    [customer] => WC_Customer_Data_Store
                    [customer-download] => WC_Customer_Download_Data_Store
                    [customer-download-log] => WC_Customer_Download_Log_Data_Store
                    [customer-session] => WC_Customer_Data_Store_Session
                    [order] => WC_Order_Data_Store_CPT
                    [order-refund] => WC_Order_Refund_Data_Store_CPT
                    [order-item] => WC_Order_Item_Data_Store
                    [order-item-coupon] => WC_Order_Item_Coupon_Data_Store
                    [order-item-fee] => WC_Order_Item_Fee_Data_Store
                    [order-item-product] => WC_Order_Item_Product_Data_Store
                    [order-item-shipping] => WC_Order_Item_Shipping_Data_Store
                    [order-item-tax] => WC_Order_Item_Tax_Data_Store
                    [payment-token] => WC_Payment_Token_Data_Store
                    [product] => WC_Product_Data_Store_CPT
                    [product-grouped] => WC_Product_Grouped_Data_Store_CPT
                    [product-variable] => WC_Product_Variable_Data_Store_CPT
                    [product-variation] => WC_Product_Variation_Data_Store_CPT
                    [shipping-zone] => WC_Shipping_Zone_Data_Store
                    [webhook] => WC_Webhook_Data_Store
                    [report-revenue-stats] => Automattic\WooCommerce\Admin\API\Reports\Orders\Stats\DataStore
                    [report-orders] => Automattic\WooCommerce\Admin\API\Reports\Orders\DataStore
                    [report-orders-stats] => Automattic\WooCommerce\Admin\API\Reports\Orders\Stats\DataStore
                    [report-products] => Automattic\WooCommerce\Admin\API\Reports\Products\DataStore
                    [report-variations] => Automattic\WooCommerce\Admin\API\Reports\Variations\DataStore
                    [report-products-stats] => Automattic\WooCommerce\Admin\API\Reports\Products\Stats\DataStore
                    [report-variations-stats] => Automattic\WooCommerce\Admin\API\Reports\Variations\Stats\DataStore
                    [report-categories] => Automattic\WooCommerce\Admin\API\Reports\Categories\DataStore
                    [report-taxes] => Automattic\WooCommerce\Admin\API\Reports\Taxes\DataStore
                    [report-taxes-stats] => Automattic\WooCommerce\Admin\API\Reports\Taxes\Stats\DataStore
                    [report-coupons] => Automattic\WooCommerce\Admin\API\Reports\Coupons\DataStore
                    [report-coupons-stats] => Automattic\WooCommerce\Admin\API\Reports\Coupons\Stats\DataStore
                    [report-downloads] => Automattic\WooCommerce\Admin\API\Reports\Downloads\DataStore
                    [report-downloads-stats] => Automattic\WooCommerce\Admin\API\Reports\Downloads\Stats\DataStore
                    [admin-note] => Automattic\WooCommerce\Admin\Notes\DataStore
                    [report-customers] => Automattic\WooCommerce\Admin\API\Reports\Customers\DataStore
                    [report-customers-stats] => Automattic\WooCommerce\Admin\API\Reports\Customers\Stats\DataStore
                    [report-stock-stats] => Automattic\WooCommerce\Admin\API\Reports\Stock\Stats\DataStore
                )

            [current_class_name:WC_Data_Store:private] => Automattic\WooCommerce\Internal\DataStores\Orders\OrdersTableDataStore
            [object_type:WC_Data_Store:private] => order
        )

    [cache_group:protected] => orders
    [meta_data:protected] => Array
        (
            [0] => WC_Meta_Data Object
                (
                    [current_data:protected] => Array
                        (
                            [id] => 567
                            [key] => _billing_address_index
                            [value] => fgdg dfgdfgdfg  dfgdfg  fghfgh PB 35470 PK asad@devcause.com 
                        )

                    [data:protected] => Array
                        (
                            [id] => 567
                            [key] => _billing_address_index
                            [value] => fgdg dfgdfgdfg  dfgdfg  fghfgh PB 35470 PK asad@devcause.com 
                        )

                )

            [1] => WC_Meta_Data Object
                (
                    [current_data:protected] => Array
                        (
                            [id] => 568
                            [key] => _shipping_address_index
                            [value] => fgdg dfgdfgdfg  dfgdfg  fghfgh PB 35470 PK 
                        )

                    [data:protected] => Array
                        (
                            [id] => 568
                            [key] => _shipping_address_index
                            [value] => fgdg dfgdfgdfg  dfgdfg  fghfgh PB 35470 PK 
                        )

                )

            [2] => WC_Meta_Data Object
                (
                    [current_data:protected] => Array
                        (
                            [id] => 563
                            [key] => _coupons_hash
                            [value] => d751713988987e9331980363e24189ce
                        )

                    [data:protected] => Array
                        (
                            [id] => 563
                            [key] => _coupons_hash
                            [value] => d751713988987e9331980363e24189ce
                        )

                )

            [3] => WC_Meta_Data Object
                (
                    [current_data:protected] => Array
                        (
                            [id] => 564
                            [key] => _fees_hash
                            [value] => d751713988987e9331980363e24189ce
                        )

                    [data:protected] => Array
                        (
                            [id] => 564
                            [key] => _fees_hash
                            [value] => d751713988987e9331980363e24189ce
                        )

                )

            [4] => WC_Meta_Data Object
                (
                    [current_data:protected] => Array
                        (
                            [id] => 562
                            [key] => _shipping_hash
                            [value] => 4136ceb1da11986a39b8ee5f3f38b80b
                        )

                    [data:protected] => Array
                        (
                            [id] => 562
                            [key] => _shipping_hash
                            [value] => 4136ceb1da11986a39b8ee5f3f38b80b
                        )

                )

            [5] => WC_Meta_Data Object
                (
                    [current_data:protected] => Array
                        (
                            [id] => 565
                            [key] => _taxes_hash
                            [value] => d751713988987e9331980363e24189ce
                        )

                    [data:protected] => Array
                        (
                            [id] => 565
                            [key] => _taxes_hash
                            [value] => d751713988987e9331980363e24189ce
                        )

                )

            [6] => WC_Meta_Data Object
                (
                    [current_data:protected] => Array
                        (
                            [id] => 577
                            [key] => _wc_order_attribution_device_type
                            [value] => Desktop
                        )

                    [data:protected] => Array
                        (
                            [id] => 577
                            [key] => _wc_order_attribution_device_type
                            [value] => Desktop
                        )

                )

            [7] => WC_Meta_Data Object
                (
                    [current_data:protected] => Array
                        (
                            [id] => 570
                            [key] => _wc_order_attribution_referrer
                            [value] => http://localhost:10068/wp-admin/
                        )

                    [data:protected] => Array
                        (
                            [id] => 570
                            [key] => _wc_order_attribution_referrer
                            [value] => http://localhost:10068/wp-admin/
                        )

                )

            [8] => WC_Meta_Data Object
                (
                    [current_data:protected] => Array
                        (
                            [id] => 575
                            [key] => _wc_order_attribution_session_count
                            [value] => 3
                        )

                    [data:protected] => Array
                        (
                            [id] => 575
                            [key] => _wc_order_attribution_session_count
                            [value] => 3
                        )

                )

            [9] => WC_Meta_Data Object
                (
                    [current_data:protected] => Array
                        (
                            [id] => 572
                            [key] => _wc_order_attribution_session_entry
                            [value] => http://localhost:10068/
                        )

                    [data:protected] => Array
                        (
                            [id] => 572
                            [key] => _wc_order_attribution_session_entry
                            [value] => http://localhost:10068/
                        )

                )

            [10] => WC_Meta_Data Object
                (
                    [current_data:protected] => Array
                        (
                            [id] => 574
                            [key] => _wc_order_attribution_session_pages
                            [value] => 37
                        )

                    [data:protected] => Array
                        (
                            [id] => 574
                            [key] => _wc_order_attribution_session_pages
                            [value] => 37
                        )

                )

            [11] => WC_Meta_Data Object
                (
                    [current_data:protected] => Array
                        (
                            [id] => 573
                            [key] => _wc_order_attribution_session_start_time
                            [value] => 2025-09-11 13:30:27
                        )

                    [data:protected] => Array
                        (
                            [id] => 573
                            [key] => _wc_order_attribution_session_start_time
                            [value] => 2025-09-11 13:30:27
                        )

                )

            [12] => WC_Meta_Data Object
                (
                    [current_data:protected] => Array
                        (
                            [id] => 569
                            [key] => _wc_order_attribution_source_type
                            [value] => typein
                        )

                    [data:protected] => Array
                        (
                            [id] => 569
                            [key] => _wc_order_attribution_source_type
                            [value] => typein
                        )

                )

            [13] => WC_Meta_Data Object
                (
                    [current_data:protected] => Array
                        (
                            [id] => 576
                            [key] => _wc_order_attribution_user_agent
                            [value] => Mozilla/5.0 (Macintosh; Intel Mac OS X 10_15_7) AppleWebKit/537.36 (KHTML, like Gecko) Chrome/140.0.0.0 Safari/537.36
                        )

                    [data:protected] => Array
                        (
                            [id] => 576
                            [key] => _wc_order_attribution_user_agent
                            [value] => Mozilla/5.0 (Macintosh; Intel Mac OS X 10_15_7) AppleWebKit/537.36 (KHTML, like Gecko) Chrome/140.0.0.0 Safari/537.36
                        )

                )

            [14] => WC_Meta_Data Object
                (
                    [current_data:protected] => Array
                        (
                            [id] => 571
                            [key] => _wc_order_attribution_utm_source
                            [value] => (direct)
                        )

                    [data:protected] => Array
                        (
                            [id] => 571
                            [key] => _wc_order_attribution_utm_source
                            [value] => (direct)
                        )

                )

            [15] => WC_Meta_Data Object
                (
                    [current_data:protected] => Array
                        (
                            [id] => 566
                            [key] => is_vat_exempt
                            [value] => no
                        )

                    [data:protected] => Array
                        (
                            [id] => 566
                            [key] => is_vat_exempt
                            [value] => no
                        )

                )

        )

    [legacy_datastore_props:protected] => Array
        (
            [0] => _recorded_sales
            [1] => _recorded_coupon_usage_counts
            [2] => _download_permissions_granted
            [3] => _order_stock_reduced
            [4] => _new_order_email_sent
        )

    [items:protected] => Array
        (
        )

    [items_to_delete:protected] => Array
        (
        )

    [data_store_name:protected] => order
    [item_types_to_group:protected] => Array
        (
            [line_item] => line_items
            [tax] => tax_lines
            [shipping] => shipping_lines
            [fee] => fee_lines
            [coupon] => coupon_lines
        )

    [status_transition:protected] => 
    [refunds] => Array
        (
        )

    [refunded_line_items:protected] => 
    [customer_id] => 
)

[11-Sep-2025 17:45:11 UTC] PHP Notice:  wp_json_file_decode(): Error when decoding a JSON file at path /Users/asad-dc/Local Sites/stone-stomper/app/public/wp-content/themes/stone-stomper/theme.json: Syntax error in /Users/asad-dc/Local Sites/stone-stomper/app/public/wp-includes/functions.php on line 6121
[11-Sep-2025 17:45:11 UTC] PHP Notice:  wp_json_file_decode(): Error when decoding a JSON file at path /Users/asad-dc/Local Sites/stone-stomper/app/public/wp-content/themes/stone-stomper/theme.json: Syntax error in /Users/asad-dc/Local Sites/stone-stomper/app/public/wp-includes/functions.php on line 6121
[11-Sep-2025 17:45:11 UTC] PHP Warning:  Undefined variable $whmc_svaevluft in /Users/asad-dc/Local Sites/stone-stomper/app/public/wp-content/plugins/mini-cart-for-woocommerce/inc/class-whmc_cart.php on line 205
[11-Sep-2025 17:50:32 UTC] PHP Notice:  wp_json_file_decode(): Error when decoding a JSON file at path /Users/asad-dc/Local Sites/stone-stomper/app/public/wp-content/themes/stone-stomper/theme.json: Syntax error in /Users/asad-dc/Local Sites/stone-stomper/app/public/wp-includes/functions.php on line 6121
[11-Sep-2025 17:50:32 UTC] PHP Notice:  wp_json_file_decode(): Error when decoding a JSON file at path /Users/asad-dc/Local Sites/stone-stomper/app/public/wp-content/themes/stone-stomper/theme.json: Syntax error in /Users/asad-dc/Local Sites/stone-stomper/app/public/wp-includes/functions.php on line 6121
[11-Sep-2025 17:50:32 UTC] PHP Warning:  Undefined variable $whmc_svaevluft in /Users/asad-dc/Local Sites/stone-stomper/app/public/wp-content/plugins/mini-cart-for-woocommerce/inc/class-whmc_cart.php on line 205
[11-Sep-2025 17:51:23 UTC] PHP Notice:  wp_json_file_decode(): Error when decoding a JSON file at path /Users/asad-dc/Local Sites/stone-stomper/app/public/wp-content/themes/stone-stomper/theme.json: Syntax error in /Users/asad-dc/Local Sites/stone-stomper/app/public/wp-includes/functions.php on line 6121
[11-Sep-2025 17:51:23 UTC] PHP Notice:  wp_json_file_decode(): Error when decoding a JSON file at path /Users/asad-dc/Local Sites/stone-stomper/app/public/wp-content/themes/stone-stomper/theme.json: Syntax error in /Users/asad-dc/Local Sites/stone-stomper/app/public/wp-includes/functions.php on line 6121
[11-Sep-2025 17:51:23 UTC] PHP Warning:  Undefined variable $whmc_svaevluft in /Users/asad-dc/Local Sites/stone-stomper/app/public/wp-content/plugins/mini-cart-for-woocommerce/inc/class-whmc_cart.php on line 205
[11-Sep-2025 17:51:26 UTC] PHP Notice:  wp_json_file_decode(): Error when decoding a JSON file at path /Users/asad-dc/Local Sites/stone-stomper/app/public/wp-content/themes/stone-stomper/theme.json: Syntax error in /Users/asad-dc/Local Sites/stone-stomper/app/public/wp-includes/functions.php on line 6121
[11-Sep-2025 17:51:26 UTC] PHP Notice:  wp_json_file_decode(): Error when decoding a JSON file at path /Users/asad-dc/Local Sites/stone-stomper/app/public/wp-content/themes/stone-stomper/theme.json: Syntax error in /Users/asad-dc/Local Sites/stone-stomper/app/public/wp-includes/functions.php on line 6121
[11-Sep-2025 17:51:26 UTC] PHP Warning:  Undefined variable $whmc_svaevluft in /Users/asad-dc/Local Sites/stone-stomper/app/public/wp-content/plugins/mini-cart-for-woocommerce/inc/class-whmc_cart.php on line 205
[11-Sep-2025 17:51:27 UTC] PHP Warning:  Undefined variable $child_terms in /Users/asad-dc/Local Sites/stone-stomper/app/public/wp-content/themes/stone-stomper/includes/classes/code/class-wp-theme-ajax.php on line 277
[11-Sep-2025 17:51:27 UTC] PHP Warning:  Undefined variable $year in /Users/asad-dc/Local Sites/stone-stomper/app/public/wp-content/themes/stone-stomper/includes/classes/code/class-wp-theme-ajax.php on line 280
[11-Sep-2025 17:51:34 UTC] PHP Warning:  Undefined variable $year in /Users/asad-dc/Local Sites/stone-stomper/app/public/wp-content/themes/stone-stomper/includes/classes/code/class-wp-theme-ajax.php on line 280
[11-Sep-2025 17:51:42 UTC] PHP Warning:  Undefined variable $sts_var_factory_stoneguard_image_id in /Users/asad-dc/Local Sites/stone-stomper/app/public/wp-content/themes/stone-stomper/includes/classes/code/class-wp-theme-ajax.php on line 375
[11-Sep-2025 17:51:42 UTC] PHP Warning:  Undefined variable $sts_var_caravan_toolbox_width in /Users/asad-dc/Local Sites/stone-stomper/app/public/wp-content/themes/stone-stomper/includes/classes/code/class-wp-theme-ajax.php on line 394
[11-Sep-2025 17:51:42 UTC] PHP Warning:  Undefined variable $sts_var_caravan_toolbox_height in /Users/asad-dc/Local Sites/stone-stomper/app/public/wp-content/themes/stone-stomper/includes/classes/code/class-wp-theme-ajax.php on line 395
[11-Sep-2025 17:54:07 UTC] PHP Notice:  wp_json_file_decode(): Error when decoding a JSON file at path /Users/asad-dc/Local Sites/stone-stomper/app/public/wp-content/themes/stone-stomper/theme.json: Syntax error in /Users/asad-dc/Local Sites/stone-stomper/app/public/wp-includes/functions.php on line 6121
[11-Sep-2025 17:54:07 UTC] PHP Notice:  wp_json_file_decode(): Error when decoding a JSON file at path /Users/asad-dc/Local Sites/stone-stomper/app/public/wp-content/themes/stone-stomper/theme.json: Syntax error in /Users/asad-dc/Local Sites/stone-stomper/app/public/wp-includes/functions.php on line 6121
[11-Sep-2025 17:54:07 UTC] PHP Warning:  Undefined variable $whmc_svaevluft in /Users/asad-dc/Local Sites/stone-stomper/app/public/wp-content/plugins/mini-cart-for-woocommerce/inc/class-whmc_cart.php on line 205
[11-Sep-2025 17:54:07 UTC] PHP Warning:  Array to string conversion in /Users/asad-dc/Local Sites/stone-stomper/app/public/wp-includes/formatting.php on line 1096
[11-Sep-2025 17:54:08 UTC] PHP Notice:  wp_json_file_decode(): Error when decoding a JSON file at path /Users/asad-dc/Local Sites/stone-stomper/app/public/wp-content/themes/stone-stomper/theme.json: Syntax error in /Users/asad-dc/Local Sites/stone-stomper/app/public/wp-includes/functions.php on line 6121
[11-Sep-2025 17:54:08 UTC] PHP Notice:  wp_json_file_decode(): Error when decoding a JSON file at path /Users/asad-dc/Local Sites/stone-stomper/app/public/wp-content/themes/stone-stomper/theme.json: Syntax error in /Users/asad-dc/Local Sites/stone-stomper/app/public/wp-includes/functions.php on line 6121
[11-Sep-2025 17:54:08 UTC] PHP Warning:  Undefined variable $whmc_svaevluft in /Users/asad-dc/Local Sites/stone-stomper/app/public/wp-content/plugins/mini-cart-for-woocommerce/inc/class-whmc_cart.php on line 205
[11-Sep-2025 17:54:08 UTC] PHP Warning:  Array to string conversion in /Users/asad-dc/Local Sites/stone-stomper/app/public/wp-includes/formatting.php on line 1096
[11-Sep-2025 17:54:11 UTC] PHP Notice:  wp_json_file_decode(): Error when decoding a JSON file at path /Users/asad-dc/Local Sites/stone-stomper/app/public/wp-content/themes/stone-stomper/theme.json: Syntax error in /Users/asad-dc/Local Sites/stone-stomper/app/public/wp-includes/functions.php on line 6121
[11-Sep-2025 17:54:11 UTC] PHP Notice:  wp_json_file_decode(): Error when decoding a JSON file at path /Users/asad-dc/Local Sites/stone-stomper/app/public/wp-content/themes/stone-stomper/theme.json: Syntax error in /Users/asad-dc/Local Sites/stone-stomper/app/public/wp-includes/functions.php on line 6121
[11-Sep-2025 17:54:11 UTC] PHP Warning:  Undefined variable $whmc_svaevluft in /Users/asad-dc/Local Sites/stone-stomper/app/public/wp-content/plugins/mini-cart-for-woocommerce/inc/class-whmc_cart.php on line 205
[11-Sep-2025 17:54:11 UTC] PHP Warning:  Array to string conversion in /Users/asad-dc/Local Sites/stone-stomper/app/public/wp-includes/formatting.php on line 1096
[11-Sep-2025 17:54:23 UTC] checked order
[11-Sep-2025 17:54:23 UTC] found single cookie
[11-Sep-2025 17:54:23 UTC] Automattic\WooCommerce\Admin\Overrides\Order Object
(
    [id:protected] => 398
    [data:protected] => Array
        (
            [parent_id] => 0
            [status] => pending
            [currency] => USD
            [version] => 10.1.2
            [prices_include_tax] => 
            [date_created] => WC_DateTime Object
                (
                    [utc_offset:protected] => 0
                    [date] => 2025-09-11 17:54:08.000000
                    [timezone_type] => 1
                    [timezone] => +00:00
                )

            [date_modified] => WC_DateTime Object
                (
                    [utc_offset:protected] => 0
                    [date] => 2025-09-11 17:54:23.000000
                    [timezone_type] => 1
                    [timezone] => +00:00
                )

            [discount_total] => 0
            [discount_tax] => 0
            [shipping_total] => 75
            [shipping_tax] => 0
            [cart_tax] => 0
            [total] => 900
            [total_tax] => 0
            [customer_id] => 1
            [order_key] => wc_order_aTmIrOrDsaR6H
            [billing] => Array
                (
                    [first_name] => fgdg
                    [last_name] => dfgdfgdfg
                    [company] => 
                    [address_1] => dfgdfg
                    [address_2] => 
                    [city] => fghfgh
                    [state] => PB
                    [postcode] => 35470
                    [country] => PK
                    [email] => asad@devcause.com
                    [phone] => 
                )

            [shipping] => Array
                (
                    [first_name] => fgdg
                    [last_name] => dfgdfgdfg
                    [company] => 
                    [address_1] => dfgdfg
                    [address_2] => 
                    [city] => fghfgh
                    [state] => PB
                    [postcode] => 35470
                    [country] => PK
                    [phone] => 
                )

            [payment_method] => cod
            [payment_method_title] => Cash on delivery
            [transaction_id] => 
            [customer_ip_address] => ::1
            [customer_user_agent] => Mozilla/5.0 (Macintosh; Intel Mac OS X 10_15_7) AppleWebKit/537.36 (KHTML, like Gecko) Chrome/140.0.0.0 Safari/537.36
            [created_via] => store-api
            [customer_note] => 
            [date_completed] => 
            [date_paid] => 
            [cart_hash] => 350af9244d0b10c3005173b79ac3511b
            [order_stock_reduced] => 
            [download_permissions_granted] => 
            [new_order_email_sent] => 
            [recorded_sales] => 
            [recorded_coupon_usage_counts] => 
        )

    [changes:protected] => Array
        (
        )

    [object_read:protected] => 1
    [object_type:protected] => order
    [extra_data:protected] => Array
        (
        )

    [default_data:protected] => Array
        (
            [parent_id] => 0
            [status] => 
            [currency] => 
            [version] => 
            [prices_include_tax] => 
            [date_created] => 
            [date_modified] => 
            [discount_total] => 0
            [discount_tax] => 0
            [shipping_total] => 0
            [shipping_tax] => 0
            [cart_tax] => 0
            [total] => 0
            [total_tax] => 0
            [customer_id] => 0
            [order_key] => 
            [billing] => Array
                (
                    [first_name] => 
                    [last_name] => 
                    [company] => 
                    [address_1] => 
                    [address_2] => 
                    [city] => 
                    [state] => 
                    [postcode] => 
                    [country] => 
                    [email] => 
                    [phone] => 
                )

            [shipping] => Array
                (
                    [first_name] => 
                    [last_name] => 
                    [company] => 
                    [address_1] => 
                    [address_2] => 
                    [city] => 
                    [state] => 
                    [postcode] => 
                    [country] => 
                    [phone] => 
                )

            [payment_method] => 
            [payment_method_title] => 
            [transaction_id] => 
            [customer_ip_address] => 
            [customer_user_agent] => 
            [created_via] => 
            [customer_note] => 
            [date_completed] => 
            [date_paid] => 
            [cart_hash] => 
            [order_stock_reduced] => 
            [download_permissions_granted] => 
            [new_order_email_sent] => 
            [recorded_sales] => 
            [recorded_coupon_usage_counts] => 
        )

    [data_store:protected] => WC_Data_Store Object
        (
            [instance:WC_Data_Store:private] => Automattic\WooCommerce\Internal\DataStores\Orders\OrdersTableDataStore Object
                (
                    [meta_type:protected] => post
                    [object_id_field_for_meta:protected] => 
                    [internal_meta_keys:protected] => Array
                        (
                            [0] => _parent_id
                            [1] => _status
                            [2] => _currency
                            [3] => _version
                            [4] => _prices_include_tax
                            [5] => _date_created
                            [6] => _date_modified
                            [7] => _discount_total
                            [8] => _discount_tax
                            [9] => _shipping_total
                            [10] => _shipping_tax
                            [11] => _cart_tax
                            [12] => _total
                            [13] => _total_tax
                            [14] => _customer_id
                            [15] => _order_key
                            [16] => _billing
                            [17] => _shipping
                            [18] => _payment_method
                            [19] => _payment_method_title
                            [20] => _transaction_id
                            [21] => _customer_ip_address
                            [22] => _customer_user_agent
                            [23] => _created_via
                            [24] => _customer_note
                            [25] => _date_completed
                            [26] => _date_paid
                            [27] => _cart_hash
                            [28] => _order_stock_reduced
                            [29] => _download_permissions_granted
                            [30] => _new_order_email_sent
                            [31] => _recorded_sales
                            [32] => _recorded_coupon_usage_counts
                            [66] => _customer_user
                            [67] => _order_currency
                            [68] => _billing_first_name
                            [69] => _billing_last_name
                            [70] => _billing_company
                            [71] => _billing_address_1
                            [72] => _billing_address_2
                            [73] => _billing_city
                            [74] => _billing_state
                            [75] => _billing_postcode
                            [76] => _billing_country
                            [77] => _billing_email
                            [78] => _billing_phone
                            [79] => _shipping_first_name
                            [80] => _shipping_last_name
                            [81] => _shipping_company
                            [82] => _shipping_address_1
                            [83] => _shipping_address_2
                            [84] => _shipping_city
                            [85] => _shipping_state
                            [86] => _shipping_postcode
                            [87] => _shipping_country
                            [88] => _shipping_phone
                            [89] => _completed_date
                            [90] => _paid_date
                            [91] => _edit_last
                            [92] => _cart_discount
                            [93] => _cart_discount_tax
                            [94] => _order_shipping
                            [95] => _order_shipping_tax
                            [96] => _order_tax
                            [97] => _order_total
                            [98] => _order_version
                            [99] => _payment_tokens
                            [100] => _billing_address_index
                            [101] => _shipping_address_index
                        )

                    [must_exist_meta_keys:protected] => Array
                        (
                        )

                    [internal_data_store_key_getters:protected] => Array
                        (
                        )

                    [ephemeral_meta_keys:protected] => Array
                        (
                            [0] => _edit_lock
                        )

                    [data_store_meta:protected] => Automattic\WooCommerce\Internal\DataStores\Orders\OrdersTableDataStoreMeta Object
                        (
                        )

                    [database_util:protected] => Automattic\WooCommerce\Internal\Utilities\DatabaseUtil Object
                        (
                        )

                    [cpt_data_store:Automattic\WooCommerce\Internal\DataStores\Orders\OrdersTableDataStore:private] => 
                    [error_logger:Automattic\WooCommerce\Internal\DataStores\Orders\OrdersTableDataStore:private] => WC_Logger Object
                        (
                            [handlers:protected] => 
                            [threshold:protected] => 
                        )

                    [orders_table_name:Automattic\WooCommerce\Internal\DataStores\Orders\OrdersTableDataStore:private] => wp_wc_orders
                    [legacy_proxy:Automattic\WooCommerce\Internal\DataStores\Orders\OrdersTableDataStore:private] => Automattic\WooCommerce\Proxies\LegacyProxy Object
                        (
                        )

                    [order_column_mapping:protected] => Array
                        (
                            [id] => Array
                                (
                                    [type] => int
                                    [name] => id
                                )

                            [status] => Array
                                (
                                    [type] => string
                                    [name] => status
                                )

                            [type] => Array
                                (
                                    [type] => string
                                    [name] => type
                                )

                            [currency] => Array
                                (
                                    [type] => string
                                    [name] => currency
                                )

                            [tax_amount] => Array
                                (
                                    [type] => decimal
                                    [name] => cart_tax
                                )

                            [total_amount] => Array
                                (
                                    [type] => decimal
                                    [name] => total
                                )

                            [customer_id] => Array
                                (
                                    [type] => int
                                    [name] => customer_id
                                )

                            [billing_email] => Array
                                (
                                    [type] => string
                                    [name] => billing_email
                                )

                            [date_created_gmt] => Array
                                (
                                    [type] => date
                                    [name] => date_created
                                )

                            [date_updated_gmt] => Array
                                (
                                    [type] => date
                                    [name] => date_modified
                                )

                            [parent_order_id] => Array
                                (
                                    [type] => int
                                    [name] => parent_id
                                )

                            [payment_method] => Array
                                (
                                    [type] => string
                                    [name] => payment_method
                                )

                            [payment_method_title] => Array
                                (
                                    [type] => string
                                    [name] => payment_method_title
                                )

                            [ip_address] => Array
                                (
                                    [type] => string
                                    [name] => customer_ip_address
                                )

                            [transaction_id] => Array
                                (
                                    [type] => string
                                    [name] => transaction_id
                                )

                            [user_agent] => Array
                                (
                                    [type] => string
                                    [name] => customer_user_agent
                                )

                            [customer_note] => Array
                                (
                                    [type] => string
                                    [name] => customer_note
                                )

                        )

                    [billing_address_column_mapping:protected] => Array
                        (
                            [id] => Array
                                (
                                    [type] => int
                                )

                            [order_id] => Array
                                (
                                    [type] => int
                                )

                            [address_type] => Array
                                (
                                    [type] => string
                                )

                            [first_name] => Array
                                (
                                    [type] => string
                                    [name] => billing_first_name
                                )

                            [last_name] => Array
                                (
                                    [type] => string
                                    [name] => billing_last_name
                                )

                            [company] => Array
                                (
                                    [type] => string
                                    [name] => billing_company
                                )

                            [address_1] => Array
                                (
                                    [type] => string
                                    [name] => billing_address_1
                                )

                            [address_2] => Array
                                (
                                    [type] => string
                                    [name] => billing_address_2
                                )

                            [city] => Array
                                (
                                    [type] => string
                                    [name] => billing_city
                                )

                            [state] => Array
                                (
                                    [type] => string
                                    [name] => billing_state
                                )

                            [postcode] => Array
                                (
                                    [type] => string
                                    [name] => billing_postcode
                                )

                            [country] => Array
                                (
                                    [type] => string
                                    [name] => billing_country
                                )

                            [email] => Array
                                (
                                    [type] => string
                                    [name] => billing_email
                                )

                            [phone] => Array
                                (
                                    [type] => string
                                    [name] => billing_phone
                                )

                        )

                    [shipping_address_column_mapping:protected] => Array
                        (
                            [id] => Array
                                (
                                    [type] => int
                                )

                            [order_id] => Array
                                (
                                    [type] => int
                                )

                            [address_type] => Array
                                (
                                    [type] => string
                                )

                            [first_name] => Array
                                (
                                    [type] => string
                                    [name] => shipping_first_name
                                )

                            [last_name] => Array
                                (
                                    [type] => string
                                    [name] => shipping_last_name
                                )

                            [company] => Array
                                (
                                    [type] => string
                                    [name] => shipping_company
                                )

                            [address_1] => Array
                                (
                                    [type] => string
                                    [name] => shipping_address_1
                                )

                            [address_2] => Array
                                (
                                    [type] => string
                                    [name] => shipping_address_2
                                )

                            [city] => Array
                                (
                                    [type] => string
                                    [name] => shipping_city
                                )

                            [state] => Array
                                (
                                    [type] => string
                                    [name] => shipping_state
                                )

                            [postcode] => Array
                                (
                                    [type] => string
                                    [name] => shipping_postcode
                                )

                            [country] => Array
                                (
                                    [type] => string
                                    [name] => shipping_country
                                )

                            [email] => Array
                                (
                                    [type] => string
                                )

                            [phone] => Array
                                (
                                    [type] => string
                                    [name] => shipping_phone
                                )

                        )

                    [operational_data_column_mapping:protected] => Array
                        (
                            [id] => Array
                                (
                                    [type] => int
                                )

                            [order_id] => Array
                                (
                                    [type] => int
                                )

                            [created_via] => Array
                                (
                                    [type] => string
                                    [name] => created_via
                                )

                            [woocommerce_version] => Array
                                (
                                    [type] => string
                                    [name] => version
                                )

                            [prices_include_tax] => Array
                                (
                                    [type] => bool
                                    [name] => prices_include_tax
                                )

                            [coupon_usages_are_counted] => Array
                                (
                                    [type] => bool
                                    [name] => recorded_coupon_usage_counts
                                )

                            [download_permission_granted] => Array
                                (
                                    [type] => bool
                                    [name] => download_permissions_granted
                                )

                            [cart_hash] => Array
                                (
                                    [type] => string
                                    [name] => cart_hash
                                )

                            [new_order_email_sent] => Array
                                (
                                    [type] => bool
                                    [name] => new_order_email_sent
                                )

                            [order_key] => Array
                                (
                                    [type] => string
                                    [name] => order_key
                                )

                            [order_stock_reduced] => Array
                                (
                                    [type] => bool
                                    [name] => order_stock_reduced
                                )

                            [date_paid_gmt] => Array
                                (
                                    [type] => date
                                    [name] => date_paid
                                )

                            [date_completed_gmt] => Array
                                (
                                    [type] => date
                                    [name] => date_completed
                                )

                            [shipping_tax_amount] => Array
                                (
                                    [type] => decimal
                                    [name] => shipping_tax
                                )

                            [shipping_total_amount] => Array
                                (
                                    [type] => decimal
                                    [name] => shipping_total
                                )

                            [discount_tax_amount] => Array
                                (
                                    [type] => decimal
                                    [name] => discount_tax
                                )

                            [discount_total_amount] => Array
                                (
                                    [type] => decimal
                                    [name] => discount_total
                                )

                            [recorded_sales] => Array
                                (
                                    [type] => bool
                                    [name] => recorded_sales
                                )

                        )

                    [all_order_column_mapping:Automattic\WooCommerce\Internal\DataStores\Orders\OrdersTableDataStore:private] => Array
                        (
                            [orders] => Array
                                (
                                    [id] => Array
                                        (
                                            [type] => int
                                            [name] => id
                                        )

                                    [status] => Array
                                        (
                                            [type] => string
                                            [name] => status
                                        )

                                    [type] => Array
                                        (
                                            [type] => string
                                            [name] => type
                                        )

                                    [currency] => Array
                                        (
                                            [type] => string
                                            [name] => currency
                                        )

                                    [tax_amount] => Array
                                        (
                                            [type] => decimal
                                            [name] => cart_tax
                                        )

                                    [total_amount] => Array
                                        (
                                            [type] => decimal
                                            [name] => total
                                        )

                                    [customer_id] => Array
                                        (
                                            [type] => int
                                            [name] => customer_id
                                        )

                                    [billing_email] => Array
                                        (
                                            [type] => string
                                            [name] => billing_email
                                        )

                                    [date_created_gmt] => Array
                                        (
                                            [type] => date
                                            [name] => date_created
                                        )

                                    [date_updated_gmt] => Array
                                        (
                                            [type] => date
                                            [name] => date_modified
                                        )

                                    [parent_order_id] => Array
                                        (
                                            [type] => int
                                            [name] => parent_id
                                        )

                                    [payment_method] => Array
                                        (
                                            [type] => string
                                            [name] => payment_method
                                        )

                                    [payment_method_title] => Array
                                        (
                                            [type] => string
                                            [name] => payment_method_title
                                        )

                                    [ip_address] => Array
                                        (
                                            [type] => string
                                            [name] => customer_ip_address
                                        )

                                    [transaction_id] => Array
                                        (
                                            [type] => string
                                            [name] => transaction_id
                                        )

                                    [user_agent] => Array
                                        (
                                            [type] => string
                                            [name] => customer_user_agent
                                        )

                                    [customer_note] => Array
                                        (
                                            [type] => string
                                            [name] => customer_note
                                        )

                                )

                            [billing_address] => Array
                                (
                                    [id] => Array
                                        (
                                            [type] => int
                                        )

                                    [order_id] => Array
                                        (
                                            [type] => int
                                        )

                                    [address_type] => Array
                                        (
                                            [type] => string
                                        )

                                    [first_name] => Array
                                        (
                                            [type] => string
                                            [name] => billing_first_name
                                        )

                                    [last_name] => Array
                                        (
                                            [type] => string
                                            [name] => billing_last_name
                                        )

                                    [company] => Array
                                        (
                                            [type] => string
                                            [name] => billing_company
                                        )

                                    [address_1] => Array
                                        (
                                            [type] => string
                                            [name] => billing_address_1
                                        )

                                    [address_2] => Array
                                        (
                                            [type] => string
                                            [name] => billing_address_2
                                        )

                                    [city] => Array
                                        (
                                            [type] => string
                                            [name] => billing_city
                                        )

                                    [state] => Array
                                        (
                                            [type] => string
                                            [name] => billing_state
                                        )

                                    [postcode] => Array
                                        (
                                            [type] => string
                                            [name] => billing_postcode
                                        )

                                    [country] => Array
                                        (
                                            [type] => string
                                            [name] => billing_country
                                        )

                                    [email] => Array
                                        (
                                            [type] => string
                                            [name] => billing_email
                                        )

                                    [phone] => Array
                                        (
                                            [type] => string
                                            [name] => billing_phone
                                        )

                                )

                            [shipping_address] => Array
                                (
                                    [id] => Array
                                        (
                                            [type] => int
                                        )

                                    [order_id] => Array
                                        (
                                            [type] => int
                                        )

                                    [address_type] => Array
                                        (
                                            [type] => string
                                        )

                                    [first_name] => Array
                                        (
                                            [type] => string
                                            [name] => shipping_first_name
                                        )

                                    [last_name] => Array
                                        (
                                            [type] => string
                                            [name] => shipping_last_name
                                        )

                                    [company] => Array
                                        (
                                            [type] => string
                                            [name] => shipping_company
                                        )

                                    [address_1] => Array
                                        (
                                            [type] => string
                                            [name] => shipping_address_1
                                        )

                                    [address_2] => Array
                                        (
                                            [type] => string
                                            [name] => shipping_address_2
                                        )

                                    [city] => Array
                                        (
                                            [type] => string
                                            [name] => shipping_city
                                        )

                                    [state] => Array
                                        (
                                            [type] => string
                                            [name] => shipping_state
                                        )

                                    [postcode] => Array
                                        (
                                            [type] => string
                                            [name] => shipping_postcode
                                        )

                                    [country] => Array
                                        (
                                            [type] => string
                                            [name] => shipping_country
                                        )

                                    [email] => Array
                                        (
                                            [type] => string
                                        )

                                    [phone] => Array
                                        (
                                            [type] => string
                                            [name] => shipping_phone
                                        )

                                )

                            [operational_data] => Array
                                (
                                    [id] => Array
                                        (
                                            [type] => int
                                        )

                                    [order_id] => Array
                                        (
                                            [type] => int
                                        )

                                    [created_via] => Array
                                        (
                                            [type] => string
                                            [name] => created_via
                                        )

                                    [woocommerce_version] => Array
                                        (
                                            [type] => string
                                            [name] => version
                                        )

                                    [prices_include_tax] => Array
                                        (
                                            [type] => bool
                                            [name] => prices_include_tax
                                        )

                                    [coupon_usages_are_counted] => Array
                                        (
                                            [type] => bool
                                            [name] => recorded_coupon_usage_counts
                                        )

                                    [download_permission_granted] => Array
                                        (
                                            [type] => bool
                                            [name] => download_permissions_granted
                                        )

                                    [cart_hash] => Array
                                        (
                                            [type] => string
                                            [name] => cart_hash
                                        )

                                    [new_order_email_sent] => Array
                                        (
                                            [type] => bool
                                            [name] => new_order_email_sent
                                        )

                                    [order_key] => Array
                                        (
                                            [type] => string
                                            [name] => order_key
                                        )

                                    [order_stock_reduced] => Array
                                        (
                                            [type] => bool
                                            [name] => order_stock_reduced
                                        )

                                    [date_paid_gmt] => Array
                                        (
                                            [type] => date
                                            [name] => date_paid
                                        )

                                    [date_completed_gmt] => Array
                                        (
                                            [type] => date
                                            [name] => date_completed
                                        )

                                    [shipping_tax_amount] => Array
                                        (
                                            [type] => decimal
                                            [name] => shipping_tax
                                        )

                                    [shipping_total_amount] => Array
                                        (
                                            [type] => decimal
                                            [name] => shipping_total
                                        )

                                    [discount_tax_amount] => Array
                                        (
                                            [type] => decimal
                                            [name] => discount_tax
                                        )

                                    [discount_total_amount] => Array
                                        (
                                            [type] => decimal
                                            [name] => discount_total
                                        )

                                    [recorded_sales] => Array
                                        (
                                            [type] => bool
                                            [name] => recorded_sales
                                        )

                                )

                        )

                )

            [stores:WC_Data_Store:private] => Array
                (
                    [coupon] => WC_Coupon_Data_Store_CPT
                    [customer] => WC_Customer_Data_Store
                    [customer-download] => WC_Customer_Download_Data_Store
                    [customer-download-log] => WC_Customer_Download_Log_Data_Store
                    [customer-session] => WC_Customer_Data_Store_Session
                    [order] => WC_Order_Data_Store_CPT
                    [order-refund] => WC_Order_Refund_Data_Store_CPT
                    [order-item] => WC_Order_Item_Data_Store
                    [order-item-coupon] => WC_Order_Item_Coupon_Data_Store
                    [order-item-fee] => WC_Order_Item_Fee_Data_Store
                    [order-item-product] => WC_Order_Item_Product_Data_Store
                    [order-item-shipping] => WC_Order_Item_Shipping_Data_Store
                    [order-item-tax] => WC_Order_Item_Tax_Data_Store
                    [payment-token] => WC_Payment_Token_Data_Store
                    [product] => WC_Product_Data_Store_CPT
                    [product-grouped] => WC_Product_Grouped_Data_Store_CPT
                    [product-variable] => WC_Product_Variable_Data_Store_CPT
                    [product-variation] => WC_Product_Variation_Data_Store_CPT
                    [shipping-zone] => WC_Shipping_Zone_Data_Store
                    [webhook] => WC_Webhook_Data_Store
                    [report-revenue-stats] => Automattic\WooCommerce\Admin\API\Reports\Orders\Stats\DataStore
                    [report-orders] => Automattic\WooCommerce\Admin\API\Reports\Orders\DataStore
                    [report-orders-stats] => Automattic\WooCommerce\Admin\API\Reports\Orders\Stats\DataStore
                    [report-products] => Automattic\WooCommerce\Admin\API\Reports\Products\DataStore
                    [report-variations] => Automattic\WooCommerce\Admin\API\Reports\Variations\DataStore
                    [report-products-stats] => Automattic\WooCommerce\Admin\API\Reports\Products\Stats\DataStore
                    [report-variations-stats] => Automattic\WooCommerce\Admin\API\Reports\Variations\Stats\DataStore
                    [report-categories] => Automattic\WooCommerce\Admin\API\Reports\Categories\DataStore
                    [report-taxes] => Automattic\WooCommerce\Admin\API\Reports\Taxes\DataStore
                    [report-taxes-stats] => Automattic\WooCommerce\Admin\API\Reports\Taxes\Stats\DataStore
                    [report-coupons] => Automattic\WooCommerce\Admin\API\Reports\Coupons\DataStore
                    [report-coupons-stats] => Automattic\WooCommerce\Admin\API\Reports\Coupons\Stats\DataStore
                    [report-downloads] => Automattic\WooCommerce\Admin\API\Reports\Downloads\DataStore
                    [report-downloads-stats] => Automattic\WooCommerce\Admin\API\Reports\Downloads\Stats\DataStore
                    [admin-note] => Automattic\WooCommerce\Admin\Notes\DataStore
                    [report-customers] => Automattic\WooCommerce\Admin\API\Reports\Customers\DataStore
                    [report-customers-stats] => Automattic\WooCommerce\Admin\API\Reports\Customers\Stats\DataStore
                    [report-stock-stats] => Automattic\WooCommerce\Admin\API\Reports\Stock\Stats\DataStore
                )

            [current_class_name:WC_Data_Store:private] => Automattic\WooCommerce\Internal\DataStores\Orders\OrdersTableDataStore
            [object_type:WC_Data_Store:private] => order
        )

    [cache_group:protected] => orders
    [meta_data:protected] => Array
        (
            [0] => WC_Meta_Data Object
                (
                    [current_data:protected] => Array
                        (
                            [id] => 583
                            [key] => _billing_address_index
                            [value] => fgdg dfgdfgdfg  dfgdfg  fghfgh PB 35470 PK asad@devcause.com 
                        )

                    [data:protected] => Array
                        (
                            [id] => 583
                            [key] => _billing_address_index
                            [value] => fgdg dfgdfgdfg  dfgdfg  fghfgh PB 35470 PK asad@devcause.com 
                        )

                )

            [1] => WC_Meta_Data Object
                (
                    [current_data:protected] => Array
                        (
                            [id] => 584
                            [key] => _shipping_address_index
                            [value] => fgdg dfgdfgdfg  dfgdfg  fghfgh PB 35470 PK 
                        )

                    [data:protected] => Array
                        (
                            [id] => 584
                            [key] => _shipping_address_index
                            [value] => fgdg dfgdfgdfg  dfgdfg  fghfgh PB 35470 PK 
                        )

                )

            [2] => WC_Meta_Data Object
                (
                    [current_data:protected] => Array
                        (
                            [id] => 579
                            [key] => _coupons_hash
                            [value] => d751713988987e9331980363e24189ce
                        )

                    [data:protected] => Array
                        (
                            [id] => 579
                            [key] => _coupons_hash
                            [value] => d751713988987e9331980363e24189ce
                        )

                )

            [3] => WC_Meta_Data Object
                (
                    [current_data:protected] => Array
                        (
                            [id] => 580
                            [key] => _fees_hash
                            [value] => d751713988987e9331980363e24189ce
                        )

                    [data:protected] => Array
                        (
                            [id] => 580
                            [key] => _fees_hash
                            [value] => d751713988987e9331980363e24189ce
                        )

                )

            [4] => WC_Meta_Data Object
                (
                    [current_data:protected] => Array
                        (
                            [id] => 578
                            [key] => _shipping_hash
                            [value] => 006df951c2544c5985a215c246606ef6
                        )

                    [data:protected] => Array
                        (
                            [id] => 578
                            [key] => _shipping_hash
                            [value] => 006df951c2544c5985a215c246606ef6
                        )

                )

            [5] => WC_Meta_Data Object
                (
                    [current_data:protected] => Array
                        (
                            [id] => 581
                            [key] => _taxes_hash
                            [value] => d751713988987e9331980363e24189ce
                        )

                    [data:protected] => Array
                        (
                            [id] => 581
                            [key] => _taxes_hash
                            [value] => d751713988987e9331980363e24189ce
                        )

                )

            [6] => WC_Meta_Data Object
                (
                    [current_data:protected] => Array
                        (
                            [id] => 593
                            [key] => _wc_order_attribution_device_type
                            [value] => Desktop
                        )

                    [data:protected] => Array
                        (
                            [id] => 593
                            [key] => _wc_order_attribution_device_type
                            [value] => Desktop
                        )

                )

            [7] => WC_Meta_Data Object
                (
                    [current_data:protected] => Array
                        (
                            [id] => 586
                            [key] => _wc_order_attribution_referrer
                            [value] => http://localhost:10068/wp-admin/
                        )

                    [data:protected] => Array
                        (
                            [id] => 586
                            [key] => _wc_order_attribution_referrer
                            [value] => http://localhost:10068/wp-admin/
                        )

                )

            [8] => WC_Meta_Data Object
                (
                    [current_data:protected] => Array
                        (
                            [id] => 591
                            [key] => _wc_order_attribution_session_count
                            [value] => 3
                        )

                    [data:protected] => Array
                        (
                            [id] => 591
                            [key] => _wc_order_attribution_session_count
                            [value] => 3
                        )

                )

            [9] => WC_Meta_Data Object
                (
                    [current_data:protected] => Array
                        (
                            [id] => 588
                            [key] => _wc_order_attribution_session_entry
                            [value] => http://localhost:10068/
                        )

                    [data:protected] => Array
                        (
                            [id] => 588
                            [key] => _wc_order_attribution_session_entry
                            [value] => http://localhost:10068/
                        )

                )

            [10] => WC_Meta_Data Object
                (
                    [current_data:protected] => Array
                        (
                            [id] => 590
                            [key] => _wc_order_attribution_session_pages
                            [value] => 43
                        )

                    [data:protected] => Array
                        (
                            [id] => 590
                            [key] => _wc_order_attribution_session_pages
                            [value] => 43
                        )

                )

            [11] => WC_Meta_Data Object
                (
                    [current_data:protected] => Array
                        (
                            [id] => 589
                            [key] => _wc_order_attribution_session_start_time
                            [value] => 2025-09-11 13:30:27
                        )

                    [data:protected] => Array
                        (
                            [id] => 589
                            [key] => _wc_order_attribution_session_start_time
                            [value] => 2025-09-11 13:30:27
                        )

                )

            [12] => WC_Meta_Data Object
                (
                    [current_data:protected] => Array
                        (
                            [id] => 585
                            [key] => _wc_order_attribution_source_type
                            [value] => typein
                        )

                    [data:protected] => Array
                        (
                            [id] => 585
                            [key] => _wc_order_attribution_source_type
                            [value] => typein
                        )

                )

            [13] => WC_Meta_Data Object
                (
                    [current_data:protected] => Array
                        (
                            [id] => 592
                            [key] => _wc_order_attribution_user_agent
                            [value] => Mozilla/5.0 (Macintosh; Intel Mac OS X 10_15_7) AppleWebKit/537.36 (KHTML, like Gecko) Chrome/140.0.0.0 Safari/537.36
                        )

                    [data:protected] => Array
                        (
                            [id] => 592
                            [key] => _wc_order_attribution_user_agent
                            [value] => Mozilla/5.0 (Macintosh; Intel Mac OS X 10_15_7) AppleWebKit/537.36 (KHTML, like Gecko) Chrome/140.0.0.0 Safari/537.36
                        )

                )

            [14] => WC_Meta_Data Object
                (
                    [current_data:protected] => Array
                        (
                            [id] => 587
                            [key] => _wc_order_attribution_utm_source
                            [value] => (direct)
                        )

                    [data:protected] => Array
                        (
                            [id] => 587
                            [key] => _wc_order_attribution_utm_source
                            [value] => (direct)
                        )

                )

            [15] => WC_Meta_Data Object
                (
                    [current_data:protected] => Array
                        (
                            [id] => 582
                            [key] => is_vat_exempt
                            [value] => no
                        )

                    [data:protected] => Array
                        (
                            [id] => 582
                            [key] => is_vat_exempt
                            [value] => no
                        )

                )

        )

    [legacy_datastore_props:protected] => Array
        (
            [0] => _recorded_sales
            [1] => _recorded_coupon_usage_counts
            [2] => _download_permissions_granted
            [3] => _order_stock_reduced
            [4] => _new_order_email_sent
        )

    [items:protected] => Array
        (
        )

    [items_to_delete:protected] => Array
        (
        )

    [data_store_name:protected] => order
    [item_types_to_group:protected] => Array
        (
            [line_item] => line_items
            [tax] => tax_lines
            [shipping] => shipping_lines
            [fee] => fee_lines
            [coupon] => coupon_lines
        )

    [status_transition:protected] => 
    [refunds] => Array
        (
        )

    [refunded_line_items:protected] => 
    [customer_id] => 
)

[11-Sep-2025 17:54:24 UTC] PHP Notice:  wp_json_file_decode(): Error when decoding a JSON file at path /Users/asad-dc/Local Sites/stone-stomper/app/public/wp-content/themes/stone-stomper/theme.json: Syntax error in /Users/asad-dc/Local Sites/stone-stomper/app/public/wp-includes/functions.php on line 6121
[11-Sep-2025 17:54:24 UTC] PHP Notice:  wp_json_file_decode(): Error when decoding a JSON file at path /Users/asad-dc/Local Sites/stone-stomper/app/public/wp-content/themes/stone-stomper/theme.json: Syntax error in /Users/asad-dc/Local Sites/stone-stomper/app/public/wp-includes/functions.php on line 6121
[11-Sep-2025 17:54:24 UTC] PHP Warning:  Undefined variable $whmc_svaevluft in /Users/asad-dc/Local Sites/stone-stomper/app/public/wp-content/plugins/mini-cart-for-woocommerce/inc/class-whmc_cart.php on line 205
[11-Sep-2025 17:54:25 UTC] PHP Notice:  wp_json_file_decode(): Error when decoding a JSON file at path /Users/asad-dc/Local Sites/stone-stomper/app/public/wp-content/themes/stone-stomper/theme.json: Syntax error in /Users/asad-dc/Local Sites/stone-stomper/app/public/wp-includes/functions.php on line 6121
[11-Sep-2025 17:54:25 UTC] PHP Notice:  wp_json_file_decode(): Error when decoding a JSON file at path /Users/asad-dc/Local Sites/stone-stomper/app/public/wp-content/themes/stone-stomper/theme.json: Syntax error in /Users/asad-dc/Local Sites/stone-stomper/app/public/wp-includes/functions.php on line 6121
[11-Sep-2025 17:54:25 UTC] PHP Warning:  Undefined variable $whmc_svaevluft in /Users/asad-dc/Local Sites/stone-stomper/app/public/wp-content/plugins/mini-cart-for-woocommerce/inc/class-whmc_cart.php on line 205
[11-Sep-2025 17:55:44 UTC] PHP Notice:  wp_json_file_decode(): Error when decoding a JSON file at path /Users/asad-dc/Local Sites/stone-stomper/app/public/wp-content/themes/stone-stomper/theme.json: Syntax error in /Users/asad-dc/Local Sites/stone-stomper/app/public/wp-includes/functions.php on line 6121
[11-Sep-2025 17:55:44 UTC] PHP Notice:  wp_json_file_decode(): Error when decoding a JSON file at path /Users/asad-dc/Local Sites/stone-stomper/app/public/wp-content/themes/stone-stomper/theme.json: Syntax error in /Users/asad-dc/Local Sites/stone-stomper/app/public/wp-includes/functions.php on line 6121
[11-Sep-2025 17:55:44 UTC] PHP Warning:  Undefined variable $whmc_svaevluft in /Users/asad-dc/Local Sites/stone-stomper/app/public/wp-content/plugins/mini-cart-for-woocommerce/inc/class-whmc_cart.php on line 205
[11-Sep-2025 17:55:48 UTC] PHP Notice:  wp_json_file_decode(): Error when decoding a JSON file at path /Users/asad-dc/Local Sites/stone-stomper/app/public/wp-content/themes/stone-stomper/theme.json: Syntax error in /Users/asad-dc/Local Sites/stone-stomper/app/public/wp-includes/functions.php on line 6121
[11-Sep-2025 17:55:48 UTC] PHP Notice:  wp_json_file_decode(): Error when decoding a JSON file at path /Users/asad-dc/Local Sites/stone-stomper/app/public/wp-content/themes/stone-stomper/theme.json: Syntax error in /Users/asad-dc/Local Sites/stone-stomper/app/public/wp-includes/functions.php on line 6121
[11-Sep-2025 17:55:48 UTC] PHP Warning:  Undefined variable $whmc_svaevluft in /Users/asad-dc/Local Sites/stone-stomper/app/public/wp-content/plugins/mini-cart-for-woocommerce/inc/class-whmc_cart.php on line 205
[11-Sep-2025 17:55:57 UTC] PHP Notice:  wp_json_file_decode(): Error when decoding a JSON file at path /Users/asad-dc/Local Sites/stone-stomper/app/public/wp-content/themes/stone-stomper/theme.json: Syntax error in /Users/asad-dc/Local Sites/stone-stomper/app/public/wp-includes/functions.php on line 6121
[11-Sep-2025 17:55:57 UTC] PHP Notice:  wp_json_file_decode(): Error when decoding a JSON file at path /Users/asad-dc/Local Sites/stone-stomper/app/public/wp-content/themes/stone-stomper/theme.json: Syntax error in /Users/asad-dc/Local Sites/stone-stomper/app/public/wp-includes/functions.php on line 6121
[11-Sep-2025 17:55:57 UTC] PHP Warning:  Undefined variable $whmc_svaevluft in /Users/asad-dc/Local Sites/stone-stomper/app/public/wp-content/plugins/mini-cart-for-woocommerce/inc/class-whmc_cart.php on line 205
[11-Sep-2025 17:55:58 UTC] PHP Warning:  Undefined variable $child_terms in /Users/asad-dc/Local Sites/stone-stomper/app/public/wp-content/themes/stone-stomper/includes/classes/code/class-wp-theme-ajax.php on line 277
[11-Sep-2025 17:55:58 UTC] PHP Warning:  Undefined variable $year in /Users/asad-dc/Local Sites/stone-stomper/app/public/wp-content/themes/stone-stomper/includes/classes/code/class-wp-theme-ajax.php on line 280
[11-Sep-2025 17:56:02 UTC] PHP Notice:  wp_json_file_decode(): Error when decoding a JSON file at path /Users/asad-dc/Local Sites/stone-stomper/app/public/wp-content/themes/stone-stomper/theme.json: Syntax error in /Users/asad-dc/Local Sites/stone-stomper/app/public/wp-includes/functions.php on line 6121
[11-Sep-2025 17:56:02 UTC] PHP Notice:  wp_json_file_decode(): Error when decoding a JSON file at path /Users/asad-dc/Local Sites/stone-stomper/app/public/wp-content/themes/stone-stomper/theme.json: Syntax error in /Users/asad-dc/Local Sites/stone-stomper/app/public/wp-includes/functions.php on line 6121
[11-Sep-2025 17:56:02 UTC] PHP Warning:  Undefined variable $whmc_svaevluft in /Users/asad-dc/Local Sites/stone-stomper/app/public/wp-content/plugins/mini-cart-for-woocommerce/inc/class-whmc_cart.php on line 205
[11-Sep-2025 17:56:02 UTC] PHP Warning:  Array to string conversion in /Users/asad-dc/Local Sites/stone-stomper/app/public/wp-includes/formatting.php on line 1096
[11-Sep-2025 17:56:06 UTC] PHP Notice:  wp_json_file_decode(): Error when decoding a JSON file at path /Users/asad-dc/Local Sites/stone-stomper/app/public/wp-content/themes/stone-stomper/theme.json: Syntax error in /Users/asad-dc/Local Sites/stone-stomper/app/public/wp-includes/functions.php on line 6121
[11-Sep-2025 17:56:06 UTC] PHP Notice:  wp_json_file_decode(): Error when decoding a JSON file at path /Users/asad-dc/Local Sites/stone-stomper/app/public/wp-content/themes/stone-stomper/theme.json: Syntax error in /Users/asad-dc/Local Sites/stone-stomper/app/public/wp-includes/functions.php on line 6121
[11-Sep-2025 17:56:06 UTC] PHP Warning:  Undefined variable $whmc_svaevluft in /Users/asad-dc/Local Sites/stone-stomper/app/public/wp-content/plugins/mini-cart-for-woocommerce/inc/class-whmc_cart.php on line 205
[11-Sep-2025 17:56:06 UTC] PHP Warning:  Array to string conversion in /Users/asad-dc/Local Sites/stone-stomper/app/public/wp-includes/formatting.php on line 1096
[11-Sep-2025 17:56:12 UTC] {"customer_name":"","customer_address":"","customer_suburb":"","customer_state":"","customer_email":"","product_type":"stone-stomper","vehicle_make":"","vehicle_make_other":"","vehicle_model":null,"vehicle_year":"","caravan_make":"","caravan_model":"","input_1.2":"0","input_1.1":"0","other_a_frame":"","hitch_ids":"[]","rear_ids":"[]","front_ids":"[]","barwidth_mm":"","toolbox_width_mm":"","toolbox_length_mm":"","caravan_width_mm":"","a_frame_length_mm":"","stoneguard_length_mm":"","stoneguard_width_mm":"","vinyl_width_mm":"","vinyl_length_mm":"","support_pockets":"0","final_delivery":"","shipping_method":"flat_rate:4"}
[11-Sep-2025 17:56:13 UTC] PHP Notice:  wp_json_file_decode(): Error when decoding a JSON file at path /Users/asad-dc/Local Sites/stone-stomper/app/public/wp-content/themes/stone-stomper/theme.json: Syntax error in /Users/asad-dc/Local Sites/stone-stomper/app/public/wp-includes/functions.php on line 6121
[11-Sep-2025 17:56:13 UTC] PHP Notice:  wp_json_file_decode(): Error when decoding a JSON file at path /Users/asad-dc/Local Sites/stone-stomper/app/public/wp-content/themes/stone-stomper/theme.json: Syntax error in /Users/asad-dc/Local Sites/stone-stomper/app/public/wp-includes/functions.php on line 6121
[11-Sep-2025 17:56:13 UTC] PHP Warning:  Undefined variable $whmc_svaevluft in /Users/asad-dc/Local Sites/stone-stomper/app/public/wp-content/plugins/mini-cart-for-woocommerce/inc/class-whmc_cart.php on line 205
[11-Sep-2025 17:56:15 UTC] PHP Notice:  wp_json_file_decode(): Error when decoding a JSON file at path /Users/asad-dc/Local Sites/stone-stomper/app/public/wp-content/themes/stone-stomper/theme.json: Syntax error in /Users/asad-dc/Local Sites/stone-stomper/app/public/wp-includes/functions.php on line 6121
[11-Sep-2025 17:56:15 UTC] PHP Notice:  wp_json_file_decode(): Error when decoding a JSON file at path /Users/asad-dc/Local Sites/stone-stomper/app/public/wp-content/themes/stone-stomper/theme.json: Syntax error in /Users/asad-dc/Local Sites/stone-stomper/app/public/wp-includes/functions.php on line 6121
[11-Sep-2025 17:56:15 UTC] PHP Warning:  Undefined variable $whmc_svaevluft in /Users/asad-dc/Local Sites/stone-stomper/app/public/wp-content/plugins/mini-cart-for-woocommerce/inc/class-whmc_cart.php on line 205
[11-Sep-2025 17:58:23 UTC] PHP Notice:  wp_json_file_decode(): Error when decoding a JSON file at path /Users/asad-dc/Local Sites/stone-stomper/app/public/wp-content/themes/stone-stomper/theme.json: Syntax error in /Users/asad-dc/Local Sites/stone-stomper/app/public/wp-includes/functions.php on line 6121
[11-Sep-2025 17:58:23 UTC] PHP Notice:  wp_json_file_decode(): Error when decoding a JSON file at path /Users/asad-dc/Local Sites/stone-stomper/app/public/wp-content/themes/stone-stomper/theme.json: Syntax error in /Users/asad-dc/Local Sites/stone-stomper/app/public/wp-includes/functions.php on line 6121
[11-Sep-2025 17:58:23 UTC] PHP Warning:  Undefined variable $whmc_svaevluft in /Users/asad-dc/Local Sites/stone-stomper/app/public/wp-content/plugins/mini-cart-for-woocommerce/inc/class-whmc_cart.php on line 205
[11-Sep-2025 17:58:29 UTC] PHP Notice:  wp_json_file_decode(): Error when decoding a JSON file at path /Users/asad-dc/Local Sites/stone-stomper/app/public/wp-content/themes/stone-stomper/theme.json: Syntax error in /Users/asad-dc/Local Sites/stone-stomper/app/public/wp-includes/functions.php on line 6121
[11-Sep-2025 17:58:29 UTC] PHP Notice:  wp_json_file_decode(): Error when decoding a JSON file at path /Users/asad-dc/Local Sites/stone-stomper/app/public/wp-content/themes/stone-stomper/theme.json: Syntax error in /Users/asad-dc/Local Sites/stone-stomper/app/public/wp-includes/functions.php on line 6121
[11-Sep-2025 17:58:29 UTC] PHP Warning:  Undefined variable $whmc_svaevluft in /Users/asad-dc/Local Sites/stone-stomper/app/public/wp-content/plugins/mini-cart-for-woocommerce/inc/class-whmc_cart.php on line 205
[11-Sep-2025 17:58:29 UTC] PHP Warning:  Array to string conversion in /Users/asad-dc/Local Sites/stone-stomper/app/public/wp-includes/formatting.php on line 1096
[11-Sep-2025 17:58:30 UTC] PHP Notice:  wp_json_file_decode(): Error when decoding a JSON file at path /Users/asad-dc/Local Sites/stone-stomper/app/public/wp-content/themes/stone-stomper/theme.json: Syntax error in /Users/asad-dc/Local Sites/stone-stomper/app/public/wp-includes/functions.php on line 6121
[11-Sep-2025 17:58:30 UTC] PHP Notice:  wp_json_file_decode(): Error when decoding a JSON file at path /Users/asad-dc/Local Sites/stone-stomper/app/public/wp-content/themes/stone-stomper/theme.json: Syntax error in /Users/asad-dc/Local Sites/stone-stomper/app/public/wp-includes/functions.php on line 6121
[11-Sep-2025 17:58:30 UTC] PHP Warning:  Undefined variable $whmc_svaevluft in /Users/asad-dc/Local Sites/stone-stomper/app/public/wp-content/plugins/mini-cart-for-woocommerce/inc/class-whmc_cart.php on line 205
[11-Sep-2025 17:58:30 UTC] PHP Warning:  Array to string conversion in /Users/asad-dc/Local Sites/stone-stomper/app/public/wp-includes/formatting.php on line 1096
[11-Sep-2025 17:58:40 UTC] PHP Notice:  wp_json_file_decode(): Error when decoding a JSON file at path /Users/asad-dc/Local Sites/stone-stomper/app/public/wp-content/themes/stone-stomper/theme.json: Syntax error in /Users/asad-dc/Local Sites/stone-stomper/app/public/wp-includes/functions.php on line 6121
[11-Sep-2025 17:58:40 UTC] PHP Notice:  wp_json_file_decode(): Error when decoding a JSON file at path /Users/asad-dc/Local Sites/stone-stomper/app/public/wp-content/themes/stone-stomper/theme.json: Syntax error in /Users/asad-dc/Local Sites/stone-stomper/app/public/wp-includes/functions.php on line 6121
[11-Sep-2025 17:58:40 UTC] PHP Warning:  Undefined variable $whmc_svaevluft in /Users/asad-dc/Local Sites/stone-stomper/app/public/wp-content/plugins/mini-cart-for-woocommerce/inc/class-whmc_cart.php on line 205
[11-Sep-2025 17:58:40 UTC] PHP Warning:  Array to string conversion in /Users/asad-dc/Local Sites/stone-stomper/app/public/wp-includes/formatting.php on line 1096
[11-Sep-2025 17:58:47 UTC] PHP Notice:  wp_json_file_decode(): Error when decoding a JSON file at path /Users/asad-dc/Local Sites/stone-stomper/app/public/wp-content/themes/stone-stomper/theme.json: Syntax error in /Users/asad-dc/Local Sites/stone-stomper/app/public/wp-includes/functions.php on line 6121
[11-Sep-2025 17:58:47 UTC] PHP Notice:  wp_json_file_decode(): Error when decoding a JSON file at path /Users/asad-dc/Local Sites/stone-stomper/app/public/wp-content/themes/stone-stomper/theme.json: Syntax error in /Users/asad-dc/Local Sites/stone-stomper/app/public/wp-includes/functions.php on line 6121
[11-Sep-2025 17:58:47 UTC] PHP Warning:  Undefined variable $whmc_svaevluft in /Users/asad-dc/Local Sites/stone-stomper/app/public/wp-content/plugins/mini-cart-for-woocommerce/inc/class-whmc_cart.php on line 205
[11-Sep-2025 17:58:47 UTC] PHP Warning:  Array to string conversion in /Users/asad-dc/Local Sites/stone-stomper/app/public/wp-includes/formatting.php on line 1096
[11-Sep-2025 17:59:00 UTC] checked order
[11-Sep-2025 17:59:00 UTC] PHP Warning:  Undefined variable $json in /Users/asad-dc/Local Sites/stone-stomper/app/public/wp-content/themes/stone-stomper/functions.php on line 253
[11-Sep-2025 17:59:01 UTC] PHP Notice:  wp_json_file_decode(): Error when decoding a JSON file at path /Users/asad-dc/Local Sites/stone-stomper/app/public/wp-content/themes/stone-stomper/theme.json: Syntax error in /Users/asad-dc/Local Sites/stone-stomper/app/public/wp-includes/functions.php on line 6121
[11-Sep-2025 17:59:01 UTC] PHP Notice:  wp_json_file_decode(): Error when decoding a JSON file at path /Users/asad-dc/Local Sites/stone-stomper/app/public/wp-content/themes/stone-stomper/theme.json: Syntax error in /Users/asad-dc/Local Sites/stone-stomper/app/public/wp-includes/functions.php on line 6121
[11-Sep-2025 17:59:01 UTC] PHP Warning:  Undefined variable $whmc_svaevluft in /Users/asad-dc/Local Sites/stone-stomper/app/public/wp-content/plugins/mini-cart-for-woocommerce/inc/class-whmc_cart.php on line 205
[11-Sep-2025 17:59:02 UTC] PHP Notice:  wp_json_file_decode(): Error when decoding a JSON file at path /Users/asad-dc/Local Sites/stone-stomper/app/public/wp-content/themes/stone-stomper/theme.json: Syntax error in /Users/asad-dc/Local Sites/stone-stomper/app/public/wp-includes/functions.php on line 6121
[11-Sep-2025 17:59:02 UTC] PHP Notice:  wp_json_file_decode(): Error when decoding a JSON file at path /Users/asad-dc/Local Sites/stone-stomper/app/public/wp-content/themes/stone-stomper/theme.json: Syntax error in /Users/asad-dc/Local Sites/stone-stomper/app/public/wp-includes/functions.php on line 6121
[11-Sep-2025 17:59:02 UTC] PHP Warning:  Undefined variable $whmc_svaevluft in /Users/asad-dc/Local Sites/stone-stomper/app/public/wp-content/plugins/mini-cart-for-woocommerce/inc/class-whmc_cart.php on line 205
[11-Sep-2025 17:59:34 UTC] PHP Notice:  wp_json_file_decode(): Error when decoding a JSON file at path /Users/asad-dc/Local Sites/stone-stomper/app/public/wp-content/themes/stone-stomper/theme.json: Syntax error in /Users/asad-dc/Local Sites/stone-stomper/app/public/wp-includes/functions.php on line 6121
[11-Sep-2025 17:59:34 UTC] PHP Notice:  wp_json_file_decode(): Error when decoding a JSON file at path /Users/asad-dc/Local Sites/stone-stomper/app/public/wp-content/themes/stone-stomper/theme.json: Syntax error in /Users/asad-dc/Local Sites/stone-stomper/app/public/wp-includes/functions.php on line 6121
[11-Sep-2025 17:59:34 UTC] PHP Warning:  Undefined variable $whmc_svaevluft in /Users/asad-dc/Local Sites/stone-stomper/app/public/wp-content/plugins/mini-cart-for-woocommerce/inc/class-whmc_cart.php on line 205
[11-Sep-2025 17:59:38 UTC] PHP Notice:  wp_json_file_decode(): Error when decoding a JSON file at path /Users/asad-dc/Local Sites/stone-stomper/app/public/wp-content/themes/stone-stomper/theme.json: Syntax error in /Users/asad-dc/Local Sites/stone-stomper/app/public/wp-includes/functions.php on line 6121
[11-Sep-2025 17:59:38 UTC] PHP Notice:  wp_json_file_decode(): Error when decoding a JSON file at path /Users/asad-dc/Local Sites/stone-stomper/app/public/wp-content/themes/stone-stomper/theme.json: Syntax error in /Users/asad-dc/Local Sites/stone-stomper/app/public/wp-includes/functions.php on line 6121
[11-Sep-2025 17:59:38 UTC] PHP Warning:  Undefined variable $whmc_svaevluft in /Users/asad-dc/Local Sites/stone-stomper/app/public/wp-content/plugins/mini-cart-for-woocommerce/inc/class-whmc_cart.php on line 205
[11-Sep-2025 17:59:39 UTC] PHP Warning:  Undefined variable $child_terms in /Users/asad-dc/Local Sites/stone-stomper/app/public/wp-content/themes/stone-stomper/includes/classes/code/class-wp-theme-ajax.php on line 277
[11-Sep-2025 17:59:39 UTC] PHP Warning:  Undefined variable $year in /Users/asad-dc/Local Sites/stone-stomper/app/public/wp-content/themes/stone-stomper/includes/classes/code/class-wp-theme-ajax.php on line 280
[11-Sep-2025 17:59:43 UTC] PHP Notice:  wp_json_file_decode(): Error when decoding a JSON file at path /Users/asad-dc/Local Sites/stone-stomper/app/public/wp-content/themes/stone-stomper/theme.json: Syntax error in /Users/asad-dc/Local Sites/stone-stomper/app/public/wp-includes/functions.php on line 6121
[11-Sep-2025 17:59:43 UTC] PHP Notice:  wp_json_file_decode(): Error when decoding a JSON file at path /Users/asad-dc/Local Sites/stone-stomper/app/public/wp-content/themes/stone-stomper/theme.json: Syntax error in /Users/asad-dc/Local Sites/stone-stomper/app/public/wp-includes/functions.php on line 6121
[11-Sep-2025 17:59:43 UTC] PHP Warning:  Undefined variable $whmc_svaevluft in /Users/asad-dc/Local Sites/stone-stomper/app/public/wp-content/plugins/mini-cart-for-woocommerce/inc/class-whmc_cart.php on line 205
[11-Sep-2025 17:59:43 UTC] PHP Warning:  Array to string conversion in /Users/asad-dc/Local Sites/stone-stomper/app/public/wp-includes/formatting.php on line 1096
[11-Sep-2025 17:59:44 UTC] PHP Notice:  wp_json_file_decode(): Error when decoding a JSON file at path /Users/asad-dc/Local Sites/stone-stomper/app/public/wp-content/themes/stone-stomper/theme.json: Syntax error in /Users/asad-dc/Local Sites/stone-stomper/app/public/wp-includes/functions.php on line 6121
[11-Sep-2025 17:59:44 UTC] PHP Notice:  wp_json_file_decode(): Error when decoding a JSON file at path /Users/asad-dc/Local Sites/stone-stomper/app/public/wp-content/themes/stone-stomper/theme.json: Syntax error in /Users/asad-dc/Local Sites/stone-stomper/app/public/wp-includes/functions.php on line 6121
[11-Sep-2025 17:59:44 UTC] PHP Warning:  Undefined variable $whmc_svaevluft in /Users/asad-dc/Local Sites/stone-stomper/app/public/wp-content/plugins/mini-cart-for-woocommerce/inc/class-whmc_cart.php on line 205
[11-Sep-2025 17:59:45 UTC] PHP Warning:  Array to string conversion in /Users/asad-dc/Local Sites/stone-stomper/app/public/wp-includes/formatting.php on line 1096
[11-Sep-2025 17:59:51 UTC] PHP Notice:  wp_json_file_decode(): Error when decoding a JSON file at path /Users/asad-dc/Local Sites/stone-stomper/app/public/wp-content/themes/stone-stomper/theme.json: Syntax error in /Users/asad-dc/Local Sites/stone-stomper/app/public/wp-includes/functions.php on line 6121
[11-Sep-2025 17:59:51 UTC] PHP Notice:  wp_json_file_decode(): Error when decoding a JSON file at path /Users/asad-dc/Local Sites/stone-stomper/app/public/wp-content/themes/stone-stomper/theme.json: Syntax error in /Users/asad-dc/Local Sites/stone-stomper/app/public/wp-includes/functions.php on line 6121
[11-Sep-2025 17:59:51 UTC] PHP Warning:  Undefined variable $whmc_svaevluft in /Users/asad-dc/Local Sites/stone-stomper/app/public/wp-content/plugins/mini-cart-for-woocommerce/inc/class-whmc_cart.php on line 205
[11-Sep-2025 17:59:51 UTC] PHP Warning:  Array to string conversion in /Users/asad-dc/Local Sites/stone-stomper/app/public/wp-includes/formatting.php on line 1096
[11-Sep-2025 17:59:56 UTC] checked order
[11-Sep-2025 17:59:56 UTC] Array
(
    [customer_name] => 
    [customer_address] => 
    [customer_suburb] => 
    [customer_state] => 
    [customer_email] => 
    [product_type] => stone-stomper
    [vehicle_make] => 
    [vehicle_make_other] => 
    [vehicle_model] => 
    [vehicle_year] => 
    [caravan_make] => 
    [caravan_model] => 
    [input_1.2] => 0
    [input_1.1] => 0
    [other_a_frame] => 
    [hitch_ids] => []
    [rear_ids] => []
    [front_ids] => []
    [barwidth_mm] => 
    [toolbox_width_mm] => 
    [toolbox_length_mm] => 
    [caravan_width_mm] => 
    [a_frame_length_mm] => 
    [stoneguard_length_mm] => 
    [stoneguard_width_mm] => 
    [vinyl_width_mm] => 
    [vinyl_length_mm] => 
    [support_pockets] => 0
    [final_delivery] => 
    [shipping_method] => flat_rate:4
)

[11-Sep-2025 17:59:57 UTC] PHP Notice:  wp_json_file_decode(): Error when decoding a JSON file at path /Users/asad-dc/Local Sites/stone-stomper/app/public/wp-content/themes/stone-stomper/theme.json: Syntax error in /Users/asad-dc/Local Sites/stone-stomper/app/public/wp-includes/functions.php on line 6121
[11-Sep-2025 17:59:57 UTC] PHP Notice:  wp_json_file_decode(): Error when decoding a JSON file at path /Users/asad-dc/Local Sites/stone-stomper/app/public/wp-content/themes/stone-stomper/theme.json: Syntax error in /Users/asad-dc/Local Sites/stone-stomper/app/public/wp-includes/functions.php on line 6121
[11-Sep-2025 17:59:57 UTC] PHP Warning:  Undefined variable $whmc_svaevluft in /Users/asad-dc/Local Sites/stone-stomper/app/public/wp-content/plugins/mini-cart-for-woocommerce/inc/class-whmc_cart.php on line 205
[11-Sep-2025 17:59:58 UTC] PHP Notice:  wp_json_file_decode(): Error when decoding a JSON file at path /Users/asad-dc/Local Sites/stone-stomper/app/public/wp-content/themes/stone-stomper/theme.json: Syntax error in /Users/asad-dc/Local Sites/stone-stomper/app/public/wp-includes/functions.php on line 6121
[11-Sep-2025 17:59:58 UTC] PHP Notice:  wp_json_file_decode(): Error when decoding a JSON file at path /Users/asad-dc/Local Sites/stone-stomper/app/public/wp-content/themes/stone-stomper/theme.json: Syntax error in /Users/asad-dc/Local Sites/stone-stomper/app/public/wp-includes/functions.php on line 6121
[11-Sep-2025 17:59:58 UTC] PHP Warning:  Undefined variable $whmc_svaevluft in /Users/asad-dc/Local Sites/stone-stomper/app/public/wp-content/plugins/mini-cart-for-woocommerce/inc/class-whmc_cart.php on line 205
[11-Sep-2025 18:01:34 UTC] PHP Notice:  wp_json_file_decode(): Error when decoding a JSON file at path /Users/asad-dc/Local Sites/stone-stomper/app/public/wp-content/themes/stone-stomper/theme.json: Syntax error in /Users/asad-dc/Local Sites/stone-stomper/app/public/wp-includes/functions.php on line 6121
[11-Sep-2025 18:01:47 UTC] PHP Notice:  wp_json_file_decode(): Error when decoding a JSON file at path /Users/asad-dc/Local Sites/stone-stomper/app/public/wp-content/themes/stone-stomper/theme.json: Syntax error in /Users/asad-dc/Local Sites/stone-stomper/app/public/wp-includes/functions.php on line 6121
[11-Sep-2025 18:01:55 UTC] PHP Notice:  wp_json_file_decode(): Error when decoding a JSON file at path /Users/asad-dc/Local Sites/stone-stomper/app/public/wp-content/themes/stone-stomper/theme.json: Syntax error in /Users/asad-dc/Local Sites/stone-stomper/app/public/wp-includes/functions.php on line 6121
[11-Sep-2025 18:01:55 UTC] PHP Notice:  wp_json_file_decode(): Error when decoding a JSON file at path /Users/asad-dc/Local Sites/stone-stomper/app/public/wp-content/themes/stone-stomper/theme.json: Syntax error in /Users/asad-dc/Local Sites/stone-stomper/app/public/wp-includes/functions.php on line 6121
[11-Sep-2025 18:01:55 UTC] PHP Warning:  Undefined variable $whmc_svaevluft in /Users/asad-dc/Local Sites/stone-stomper/app/public/wp-content/plugins/mini-cart-for-woocommerce/inc/class-whmc_cart.php on line 205
[11-Sep-2025 18:01:55 UTC] PHP Notice:  wp_json_file_decode(): Error when decoding a JSON file at path /Users/asad-dc/Local Sites/stone-stomper/app/public/wp-content/themes/stone-stomper/theme.json: Syntax error in /Users/asad-dc/Local Sites/stone-stomper/app/public/wp-includes/functions.php on line 6121
[11-Sep-2025 18:01:55 UTC] PHP Notice:  wp_json_file_decode(): Error when decoding a JSON file at path /Users/asad-dc/Local Sites/stone-stomper/app/public/wp-content/themes/stone-stomper/theme.json: Syntax error in /Users/asad-dc/Local Sites/stone-stomper/app/public/wp-includes/functions.php on line 6121
[11-Sep-2025 18:01:55 UTC] PHP Warning:  Undefined variable $whmc_svaevluft in /Users/asad-dc/Local Sites/stone-stomper/app/public/wp-content/plugins/mini-cart-for-woocommerce/inc/class-whmc_cart.php on line 205
[11-Sep-2025 18:01:56 UTC] PHP Warning:  Undefined variable $child_terms in /Users/asad-dc/Local Sites/stone-stomper/app/public/wp-content/themes/stone-stomper/includes/classes/code/class-wp-theme-ajax.php on line 277
[11-Sep-2025 18:01:56 UTC] PHP Warning:  Undefined variable $year in /Users/asad-dc/Local Sites/stone-stomper/app/public/wp-content/themes/stone-stomper/includes/classes/code/class-wp-theme-ajax.php on line 280
[11-Sep-2025 18:02:03 UTC] PHP Warning:  Undefined variable $year in /Users/asad-dc/Local Sites/stone-stomper/app/public/wp-content/themes/stone-stomper/includes/classes/code/class-wp-theme-ajax.php on line 280
[11-Sep-2025 18:02:10 UTC] PHP Warning:  Undefined variable $sts_var_factory_stoneguard_image_id in /Users/asad-dc/Local Sites/stone-stomper/app/public/wp-content/themes/stone-stomper/includes/classes/code/class-wp-theme-ajax.php on line 375
[11-Sep-2025 18:02:10 UTC] PHP Warning:  Undefined variable $sts_var_caravan_toolbox_width in /Users/asad-dc/Local Sites/stone-stomper/app/public/wp-content/themes/stone-stomper/includes/classes/code/class-wp-theme-ajax.php on line 394
[11-Sep-2025 18:02:10 UTC] PHP Warning:  Undefined variable $sts_var_caravan_toolbox_height in /Users/asad-dc/Local Sites/stone-stomper/app/public/wp-content/themes/stone-stomper/includes/classes/code/class-wp-theme-ajax.php on line 395
[11-Sep-2025 18:02:25 UTC] PHP Notice:  wp_json_file_decode(): Error when decoding a JSON file at path /Users/asad-dc/Local Sites/stone-stomper/app/public/wp-content/themes/stone-stomper/theme.json: Syntax error in /Users/asad-dc/Local Sites/stone-stomper/app/public/wp-includes/functions.php on line 6121
[11-Sep-2025 18:02:25 UTC] PHP Notice:  wp_json_file_decode(): Error when decoding a JSON file at path /Users/asad-dc/Local Sites/stone-stomper/app/public/wp-content/themes/stone-stomper/theme.json: Syntax error in /Users/asad-dc/Local Sites/stone-stomper/app/public/wp-includes/functions.php on line 6121
[11-Sep-2025 18:02:25 UTC] PHP Warning:  Undefined variable $whmc_svaevluft in /Users/asad-dc/Local Sites/stone-stomper/app/public/wp-content/plugins/mini-cart-for-woocommerce/inc/class-whmc_cart.php on line 205
[11-Sep-2025 18:02:25 UTC] PHP Warning:  Array to string conversion in /Users/asad-dc/Local Sites/stone-stomper/app/public/wp-includes/formatting.php on line 1096
[11-Sep-2025 18:02:29 UTC] PHP Notice:  wp_json_file_decode(): Error when decoding a JSON file at path /Users/asad-dc/Local Sites/stone-stomper/app/public/wp-content/themes/stone-stomper/theme.json: Syntax error in /Users/asad-dc/Local Sites/stone-stomper/app/public/wp-includes/functions.php on line 6121
[11-Sep-2025 18:02:29 UTC] PHP Notice:  wp_json_file_decode(): Error when decoding a JSON file at path /Users/asad-dc/Local Sites/stone-stomper/app/public/wp-content/themes/stone-stomper/theme.json: Syntax error in /Users/asad-dc/Local Sites/stone-stomper/app/public/wp-includes/functions.php on line 6121
[11-Sep-2025 18:02:29 UTC] PHP Warning:  Undefined variable $whmc_svaevluft in /Users/asad-dc/Local Sites/stone-stomper/app/public/wp-content/plugins/mini-cart-for-woocommerce/inc/class-whmc_cart.php on line 205
[11-Sep-2025 18:02:29 UTC] PHP Warning:  Array to string conversion in /Users/asad-dc/Local Sites/stone-stomper/app/public/wp-includes/formatting.php on line 1096
[11-Sep-2025 18:02:35 UTC] checked order
[11-Sep-2025 18:02:35 UTC] Array
(
    [customer_name] => Muhammad Asad
    [customer_address] => Lahore Punjab Pakistan
    [customer_suburb] => Lahore
    [customer_state] => 
    [customer_email] => asad4wp@gmail.com
    [product_type] => stone-stomper
    [vehicle_make] => toyota
    [vehicle_make_other] => 
    [vehicle_model] => landcruiser
    [vehicle_year] => 2007-2021
    [caravan_make] => australian-off-road
    [caravan_model] => Quantum FH
    [input_1.2] => 1
    [input_1.1] => 0
    [other_a_frame] => 
    [hitch_ids] => []
    [rear_ids] => []
    [front_ids] => []
    [barwidth_mm] => 1960 mm
    [toolbox_width_mm] => 333 mm
    [toolbox_length_mm] => 1111 mm
    [caravan_width_mm] => 120 mm
    [a_frame_length_mm] => 125 mm
    [stoneguard_length_mm] => 190 mm
    [stoneguard_width_mm] => 130 mm
    [vinyl_width_mm] => 112 mm
    [vinyl_length_mm] => 222 mm
    [support_pockets] => 0
    [final_delivery] => same
    [shipping_method] => flat_rate:4
)

[11-Sep-2025 18:02:36 UTC] PHP Notice:  wp_json_file_decode(): Error when decoding a JSON file at path /Users/asad-dc/Local Sites/stone-stomper/app/public/wp-content/themes/stone-stomper/theme.json: Syntax error in /Users/asad-dc/Local Sites/stone-stomper/app/public/wp-includes/functions.php on line 6121
[11-Sep-2025 18:02:36 UTC] PHP Notice:  wp_json_file_decode(): Error when decoding a JSON file at path /Users/asad-dc/Local Sites/stone-stomper/app/public/wp-content/themes/stone-stomper/theme.json: Syntax error in /Users/asad-dc/Local Sites/stone-stomper/app/public/wp-includes/functions.php on line 6121
[11-Sep-2025 18:02:36 UTC] PHP Warning:  Undefined variable $whmc_svaevluft in /Users/asad-dc/Local Sites/stone-stomper/app/public/wp-content/plugins/mini-cart-for-woocommerce/inc/class-whmc_cart.php on line 205
[11-Sep-2025 18:02:37 UTC] PHP Notice:  wp_json_file_decode(): Error when decoding a JSON file at path /Users/asad-dc/Local Sites/stone-stomper/app/public/wp-content/themes/stone-stomper/theme.json: Syntax error in /Users/asad-dc/Local Sites/stone-stomper/app/public/wp-includes/functions.php on line 6121
[11-Sep-2025 18:02:37 UTC] PHP Notice:  wp_json_file_decode(): Error when decoding a JSON file at path /Users/asad-dc/Local Sites/stone-stomper/app/public/wp-content/themes/stone-stomper/theme.json: Syntax error in /Users/asad-dc/Local Sites/stone-stomper/app/public/wp-includes/functions.php on line 6121
[11-Sep-2025 18:02:37 UTC] PHP Warning:  Undefined variable $whmc_svaevluft in /Users/asad-dc/Local Sites/stone-stomper/app/public/wp-content/plugins/mini-cart-for-woocommerce/inc/class-whmc_cart.php on line 205
[11-Sep-2025 18:02:41 UTC] PHP Notice:  wp_json_file_decode(): Error when decoding a JSON file at path /Users/asad-dc/Local Sites/stone-stomper/app/public/wp-content/themes/stone-stomper/theme.json: Syntax error in /Users/asad-dc/Local Sites/stone-stomper/app/public/wp-includes/functions.php on line 6121
[11-Sep-2025 18:02:44 UTC] PHP Notice:  wp_json_file_decode(): Error when decoding a JSON file at path /Users/asad-dc/Local Sites/stone-stomper/app/public/wp-content/themes/stone-stomper/theme.json: Syntax error in /Users/asad-dc/Local Sites/stone-stomper/app/public/wp-includes/functions.php on line 6121
[11-Sep-2025 18:02:45 UTC] PHP Notice:  wp_json_file_decode(): Error when decoding a JSON file at path /Users/asad-dc/Local Sites/stone-stomper/app/public/wp-content/themes/stone-stomper/theme.json: Syntax error in /Users/asad-dc/Local Sites/stone-stomper/app/public/wp-includes/functions.php on line 6121
[11-Sep-2025 18:02:51 UTC] PHP Notice:  wp_json_file_decode(): Error when decoding a JSON file at path /Users/asad-dc/Local Sites/stone-stomper/app/public/wp-content/themes/stone-stomper/theme.json: Syntax error in /Users/asad-dc/Local Sites/stone-stomper/app/public/wp-includes/functions.php on line 6121
[11-Sep-2025 18:02:52 UTC] PHP Notice:  wp_json_file_decode(): Error when decoding a JSON file at path /Users/asad-dc/Local Sites/stone-stomper/app/public/wp-content/themes/stone-stomper/theme.json: Syntax error in /Users/asad-dc/Local Sites/stone-stomper/app/public/wp-includes/functions.php on line 6121
[11-Sep-2025 18:02:55 UTC] PHP Notice:  wp_json_file_decode(): Error when decoding a JSON file at path /Users/asad-dc/Local Sites/stone-stomper/app/public/wp-content/themes/stone-stomper/theme.json: Syntax error in /Users/asad-dc/Local Sites/stone-stomper/app/public/wp-includes/functions.php on line 6121
[11-Sep-2025 18:02:59 UTC] PHP Notice:  wp_json_file_decode(): Error when decoding a JSON file at path /Users/asad-dc/Local Sites/stone-stomper/app/public/wp-content/themes/stone-stomper/theme.json: Syntax error in /Users/asad-dc/Local Sites/stone-stomper/app/public/wp-includes/functions.php on line 6121
[11-Sep-2025 18:03:03 UTC] PHP Notice:  wp_json_file_decode(): Error when decoding a JSON file at path /Users/asad-dc/Local Sites/stone-stomper/app/public/wp-content/themes/stone-stomper/theme.json: Syntax error in /Users/asad-dc/Local Sites/stone-stomper/app/public/wp-includes/functions.php on line 6121
[11-Sep-2025 18:03:32 UTC] PHP Notice:  wp_json_file_decode(): Error when decoding a JSON file at path /Users/asad-dc/Local Sites/stone-stomper/app/public/wp-content/themes/stone-stomper/theme.json: Syntax error in /Users/asad-dc/Local Sites/stone-stomper/app/public/wp-includes/functions.php on line 6121
[11-Sep-2025 18:03:49 UTC] PHP Notice:  wp_json_file_decode(): Error when decoding a JSON file at path /Users/asad-dc/Local Sites/stone-stomper/app/public/wp-content/themes/stone-stomper/theme.json: Syntax error in /Users/asad-dc/Local Sites/stone-stomper/app/public/wp-includes/functions.php on line 6121
[11-Sep-2025 18:03:53 UTC] PHP Notice:  wp_json_file_decode(): Error when decoding a JSON file at path /Users/asad-dc/Local Sites/stone-stomper/app/public/wp-content/themes/stone-stomper/theme.json: Syntax error in /Users/asad-dc/Local Sites/stone-stomper/app/public/wp-includes/functions.php on line 6121
[11-Sep-2025 18:03:56 UTC] PHP Notice:  wp_json_file_decode(): Error when decoding a JSON file at path /Users/asad-dc/Local Sites/stone-stomper/app/public/wp-content/themes/stone-stomper/theme.json: Syntax error in /Users/asad-dc/Local Sites/stone-stomper/app/public/wp-includes/functions.php on line 6121
[11-Sep-2025 18:04:19 UTC] PHP Notice:  wp_json_file_decode(): Error when decoding a JSON file at path /Users/asad-dc/Local Sites/stone-stomper/app/public/wp-content/themes/stone-stomper/theme.json: Syntax error in /Users/asad-dc/Local Sites/stone-stomper/app/public/wp-includes/functions.php on line 6121
[11-Sep-2025 18:04:21 UTC] PHP Notice:  wp_json_file_decode(): Error when decoding a JSON file at path /Users/asad-dc/Local Sites/stone-stomper/app/public/wp-content/themes/stone-stomper/theme.json: Syntax error in /Users/asad-dc/Local Sites/stone-stomper/app/public/wp-includes/functions.php on line 6121
[11-Sep-2025 18:04:24 UTC] PHP Notice:  wp_json_file_decode(): Error when decoding a JSON file at path /Users/asad-dc/Local Sites/stone-stomper/app/public/wp-content/themes/stone-stomper/theme.json: Syntax error in /Users/asad-dc/Local Sites/stone-stomper/app/public/wp-includes/functions.php on line 6121
[11-Sep-2025 18:04:30 UTC] PHP Notice:  wp_json_file_decode(): Error when decoding a JSON file at path /Users/asad-dc/Local Sites/stone-stomper/app/public/wp-content/themes/stone-stomper/theme.json: Syntax error in /Users/asad-dc/Local Sites/stone-stomper/app/public/wp-includes/functions.php on line 6121
[11-Sep-2025 18:05:04 UTC] PHP Notice:  wp_json_file_decode(): Error when decoding a JSON file at path /Users/asad-dc/Local Sites/stone-stomper/app/public/wp-content/themes/stone-stomper/theme.json: Syntax error in /Users/asad-dc/Local Sites/stone-stomper/app/public/wp-includes/functions.php on line 6121
[11-Sep-2025 18:05:08 UTC] PHP Notice:  wp_json_file_decode(): Error when decoding a JSON file at path /Users/asad-dc/Local Sites/stone-stomper/app/public/wp-content/themes/stone-stomper/theme.json: Syntax error in /Users/asad-dc/Local Sites/stone-stomper/app/public/wp-includes/functions.php on line 6121
[11-Sep-2025 18:05:12 UTC] PHP Notice:  wp_json_file_decode(): Error when decoding a JSON file at path /Users/asad-dc/Local Sites/stone-stomper/app/public/wp-content/themes/stone-stomper/theme.json: Syntax error in /Users/asad-dc/Local Sites/stone-stomper/app/public/wp-includes/functions.php on line 6121
[11-Sep-2025 18:05:12 UTC] PHP Notice:  wp_json_file_decode(): Error when decoding a JSON file at path /Users/asad-dc/Local Sites/stone-stomper/app/public/wp-content/themes/stone-stomper/theme.json: Syntax error in /Users/asad-dc/Local Sites/stone-stomper/app/public/wp-includes/functions.php on line 6121
[11-Sep-2025 18:05:12 UTC] PHP Warning:  Undefined variable $whmc_svaevluft in /Users/asad-dc/Local Sites/stone-stomper/app/public/wp-content/plugins/mini-cart-for-woocommerce/inc/class-whmc_cart.php on line 205
[11-Sep-2025 18:05:13 UTC] PHP Warning:  Undefined variable $child_terms in /Users/asad-dc/Local Sites/stone-stomper/app/public/wp-content/themes/stone-stomper/includes/classes/code/class-wp-theme-ajax.php on line 277
[11-Sep-2025 18:05:13 UTC] PHP Warning:  Undefined variable $year in /Users/asad-dc/Local Sites/stone-stomper/app/public/wp-content/themes/stone-stomper/includes/classes/code/class-wp-theme-ajax.php on line 280
[11-Sep-2025 18:05:19 UTC] PHP Warning:  Undefined variable $year in /Users/asad-dc/Local Sites/stone-stomper/app/public/wp-content/themes/stone-stomper/includes/classes/code/class-wp-theme-ajax.php on line 280
[11-Sep-2025 23:44:45 UTC] Automatic updates starting...
[11-Sep-2025 23:44:46 UTC]   Automatic plugin updates starting...
[11-Sep-2025 23:44:46 UTC]   Automatic plugin updates complete.
[11-Sep-2025 23:44:47 UTC] Automatic updates complete.
[12-Sep-2025 16:48:23 UTC] PHP Warning:  wp_version_check(): An unexpected error occurred. Something may be wrong with WordPress.org or this server&#8217;s configuration. If you continue to have problems, please try the <a href="https://wordpress.org/support/forums/">support forums</a>. (WordPress could not establish a secure connection to WordPress.org. Please contact your server administrator.) in /Users/asad-dc/Local Sites/stone-stomper/app/public/wp-includes/functions.php on line 6121
[12-Sep-2025 16:48:24 UTC] PHP Warning:  wp_update_plugins(): An unexpected error occurred. Something may be wrong with WordPress.org or this server&#8217;s configuration. If you continue to have problems, please try the <a href="https://wordpress.org/support/forums/">support forums</a>. (WordPress could not establish a secure connection to WordPress.org. Please contact your server administrator.) in /Users/asad-dc/Local Sites/stone-stomper/app/public/wp-includes/functions.php on line 6121
[12-Sep-2025 16:48:24 UTC] PHP Warning:  wp_update_themes(): An unexpected error occurred. Something may be wrong with WordPress.org or this server&#8217;s configuration. If you continue to have problems, please try the <a href="https://wordpress.org/support/forums/">support forums</a>. (WordPress could not establish a secure connection to WordPress.org. Please contact your server administrator.) in /Users/asad-dc/Local Sites/stone-stomper/app/public/wp-includes/functions.php on line 6121
